20:47:47 [INFO] Starting Navilott Pipeline
20:47:47 [INFO] fix flags: [R0 T0 O0 D0 A0] (R=roi_inset T=trapazoid O=orientat D=dilate A=anchor)
20:47:47 [INFO] BENCH_MODE active: hardware peripherals are stubbed
20:47:47 [WARNING] HSV calibration not found at vision_stack/calibration/hsv_ranges.json — falling back to dummy ranges. Color branch unreliable.
20:47:47 [WARNING] Using dummy HSV ranges from vision_stack/dummy/dummy_hsv_ranges.json
20:47:47 [INFO] [BENCH] frame source: 1201 images from vision_stack/frames/trackT3
20:47:47 [INFO] Debug video writer opened -> output.avi
20:47:47 [WARNING] Frame 0: budget exceeded 143.0 ms (budget 66.7 ms)
20:47:47 [INFO] [R0 T0 O0 D0 A0] f=0000 TAGS=pole_misclassified(x13) wall_edge_detected(x1) dashed_reject_center(x4) offset=-0.0057 mode=two_boundary conf=0.53
20:47:47 [INFO] f=0000 t=143.0ms offset=+0.2429 head=+7.29° drive=go      stop_sign=F lane_mode=two_boundary imu_n=0 yaw=+0.0°/s
20:47:47 [INFO] [R0 T0 O0 D0 A0] f=0001 TAGS=pole_misclassified(x8) wall_edge_detected(x2) dashed_reject_center(x3) offset=-0.0714 mode=two_boundary conf=0.55
20:47:47 [INFO] f=0001 t=25.8ms offset=+0.1985 head=+6.82° drive=go      stop_sign=F lane_mode=two_boundary imu_n=0 yaw=+0.0°/s
20:47:47 [INFO] [R0 T0 O0 D0 A0] f=0002 TAGS=pole_misclassified(x9) wall_edge_detected(x2) dashed_reject_center(x1) offset=-0.0080 mode=two_boundary conf=0.44
20:47:47 [INFO] f=0002 t=16.6ms offset=+0.2564 head=+7.13° drive=go      stop_sign=F lane_mode=two_boundary imu_n=0 yaw=+0.0°/s
20:47:47 [INFO] [R0 T0 O0 D0 A0] f=0003 TAGS=pole_misclassified(x13) wall_edge_detected(x3) dashed_reject_center(x3) offset=-0.0318 mode=two_boundary conf=0.56
20:47:47 [INFO] f=0003 t=17.5ms offset=+0.2267 head=+7.01° drive=go      stop_sign=F lane_mode=two_boundary imu_n=0 yaw=+0.0°/s
20:47:47 [INFO] [R0 T0 O0 D0 A0] f=0004 TAGS=pole_misclassified(x10) wall_edge_detected(x2) dashed_reject_center(x2) offset=+0.0011 mode=two_boundary conf=0.55
20:47:47 [INFO] f=0004 t=18.1ms offset=+0.2763 head=+7.46° drive=go      stop_sign=F lane_mode=two_boundary imu_n=0 yaw=+0.0°/s
20:47:47 [INFO] [R0 T0 O0 D0 A0] f=0005 TAGS=pole_misclassified(x10) wall_edge_detected(x2) dashed_reject_center(x3) offset=+0.0337 mode=two_boundary conf=0.56
20:47:47 [INFO] f=0005 t=16.3ms offset=+0.2478 head=+7.45° drive=go      stop_sign=F lane_mode=two_boundary imu_n=0 yaw=+0.0°/s
20:47:47 [INFO] [R0 T0 O0 D0 A0] f=0006 TAGS=pole_misclassified(x9) wall_edge_detected(x2) dashed_reject_center(x3) offset=+0.0173 mode=two_boundary conf=0.55
20:47:47 [INFO] f=0006 t=13.5ms offset=+0.2946 head=+7.94° drive=go      stop_sign=F lane_mode=two_boundary imu_n=0 yaw=+0.0°/s
20:47:47 [INFO] [R0 T0 O0 D0 A0] f=0007 TAGS=pole_misclassified(x11) wall_edge_detected(x2) dashed_reject_center(x2) offset=+0.0012 mode=two_boundary conf=0.56
20:47:47 [INFO] f=0007 t=15.5ms offset=+0.3148 head=+8.46° drive=go      stop_sign=F lane_mode=two_boundary imu_n=0 yaw=+0.0°/s
20:47:47 [INFO] [R0 T0 O0 D0 A0] f=0008 TAGS=pole_misclassified(x9) wall_edge_detected(x2) dashed_reject_center(x3) offset=-0.0372 mode=two_boundary conf=0.53
20:47:47 [INFO] f=0008 t=14.7ms offset=+0.3123 head=+8.78° drive=go      stop_sign=F lane_mode=two_boundary imu_n=0 yaw=+0.0°/s
20:47:47 [WARNING] Frame 9: budget exceeded 208.4 ms (budget 66.7 ms)
20:47:47 [INFO] [R0 T0 O0 D0 A0] f=0009 TAGS=pole_misclassified(x12) wall_edge_detected(x2) dashed_reject_center(x1) offset=-0.0131 mode=two_boundary conf=0.53
20:47:47 [INFO] f=0009 t=208.4ms offset=+0.2810 head=+8.66° drive=go      stop_sign=F lane_mode=two_boundary imu_n=0 yaw=+0.0°/s
20:47:47 [INFO] [R0 T0 O0 D0 A0] f=0010 TAGS=pole_misclassified(x11) wall_edge_detected(x2) dashed_reject_center(x4) offset=+0.0214 mode=two_boundary conf=0.53
20:47:47 [INFO] f=0010 t=54.4ms offset=+0.3184 head=+8.97° drive=go      stop_sign=F lane_mode=two_boundary imu_n=0 yaw=+0.0°/s
20:47:47 [INFO] [R0 T0 O0 D0 A0] f=0011 TAGS=pole_misclassified(x11) wall_edge_detected(x2) dashed_reject_center(x4) offset=+0.0497 mode=two_boundary conf=0.53
20:47:47 [INFO] f=0011 t=33.9ms offset=+0.3398 head=+9.40° drive=go      stop_sign=F lane_mode=two_boundary imu_n=0 yaw=+0.0°/s
20:47:47 [INFO] [R0 T0 O0 D0 A0] f=0012 TAGS=pole_misclassified(x10) wall_edge_detected(x3) dashed_reject_center(x5) offset=+0.0485 mode=two_boundary conf=0.53
20:47:47 [INFO] f=0012 t=21.3ms offset=+0.4345 head=+10.67° drive=go      stop_sign=F lane_mode=two_boundary imu_n=0 yaw=+0.0°/s
20:47:47 [INFO] [R0 T0 O0 D0 A0] f=0013 TAGS=pole_misclassified(x16) wall_edge_detected(x2) dashed_reject_center(x3) offset=+0.0033 mode=two_boundary conf=0.49
20:47:47 [INFO] f=0013 t=18.0ms offset=+0.4303 head=+11.45° drive=go      stop_sign=F lane_mode=two_boundary imu_n=0 yaw=+0.0°/s
20:47:47 [INFO] [R0 T0 O0 D0 A0] f=0014 TAGS=pole_misclassified(x11) wall_edge_detected(x2) dashed_reject_center(x2) offset=+0.0529 mode=two_boundary conf=0.53
20:47:47 [INFO] f=0014 t=20.4ms offset=+0.4241 head=+11.90° drive=go      stop_sign=F lane_mode=two_boundary imu_n=0 yaw=+0.0°/s
20:47:47 [INFO] [R0 T0 O0 D0 A0] f=0015 TAGS=pole_misclassified(x10) wall_edge_detected(x1) dashed_reject_center(x2) offset=+0.0099 mode=two_boundary conf=0.48
20:47:47 [INFO] f=0015 t=20.9ms offset=+0.4011 head=+11.95° drive=go      stop_sign=F lane_mode=two_boundary imu_n=0 yaw=+0.0°/s
20:47:47 [INFO] [R0 T0 O0 D0 A0] f=0016 TAGS=pole_misclassified(x9) wall_edge_detected(x1) dashed_reject_center(x2) offset=+0.0099 mode=two_boundary conf=0.53
20:47:47 [INFO] f=0016 t=17.3ms offset=+0.3594 head=+11.54° drive=go      stop_sign=F lane_mode=two_boundary imu_n=0 yaw=+0.0°/s
20:47:47 [INFO] [R0 T0 O0 D0 A0] f=0017 TAGS=pole_misclassified(x6) wall_edge_detected(x2) dashed_reject_center(x5) offset=+0.1266 mode=two_boundary conf=0.57
20:47:47 [INFO] f=0017 t=12.4ms offset=+0.3579 head=+11.26° drive=go      stop_sign=F lane_mode=two_boundary imu_n=0 yaw=+0.0°/s
20:47:47 [INFO] [R0 T0 O0 D0 A0] f=0018 TAGS=pole_misclassified(x9) wall_edge_detected(x3) dashed_reject_center(x2) offset=-0.0441 mode=two_boundary conf=0.54
20:47:47 [INFO] f=0018 t=18.0ms offset=+0.3800 head=+11.31° drive=go      stop_sign=F lane_mode=two_boundary imu_n=0 yaw=+0.0°/s
20:47:48 [INFO] [R0 T0 O0 D0 A0] f=0019 TAGS=pole_misclassified(x5) wall_edge_detected(x2) dashed_reject_center(x6) offset=+0.0596 mode=two_boundary conf=0.55
20:47:48 [INFO] f=0019 t=20.6ms offset=+0.3800 head=+11.31° drive=go      stop_sign=F lane_mode=two_boundary imu_n=0 yaw=+0.0°/s
20:47:48 [INFO] [R0 T0 O0 D0 A0] f=0020 TAGS=pole_misclassified(x9) wall_edge_detected(x2) dashed_reject_center(x3) offset=-0.0227 mode=two_boundary conf=0.58
20:47:48 [INFO] f=0020 t=14.0ms offset=+0.3512 head=+11.04° drive=go      stop_sign=F lane_mode=two_boundary imu_n=0 yaw=+0.0°/s
20:47:48 [INFO] [R0 T0 O0 D0 A0] f=0021 TAGS=pole_misclassified(x10) wall_edge_detected(x3) dashed_reject_center(x5) offset=+0.0526 mode=two_boundary conf=0.53
20:47:48 [INFO] f=0021 t=21.7ms offset=+0.3773 head=+11.14° drive=go      stop_sign=F lane_mode=two_boundary imu_n=0 yaw=+0.0°/s
20:47:48 [INFO] [R0 T0 O0 D0 A0] f=0022 TAGS=pole_misclassified(x11) wall_edge_detected(x2) dashed_reject_center(x3) offset=-0.0033 mode=two_boundary conf=0.55
20:47:48 [INFO] f=0022 t=10.2ms offset=+0.3962 head=+11.40° drive=go      stop_sign=F lane_mode=two_boundary imu_n=0 yaw=+0.0°/s
20:47:48 [INFO] [R0 T0 O0 D0 A0] f=0023 TAGS=pole_misclassified(x12) wall_edge_detected(x2) dashed_reject_center(x2) offset=+0.0132 mode=two_boundary conf=0.53
20:47:48 [INFO] f=0023 t=11.6ms offset=+0.3973 head=+11.58° drive=go      stop_sign=F lane_mode=two_boundary imu_n=0 yaw=+0.0°/s
20:47:48 [INFO] [R0 T0 O0 D0 A0] f=0024 TAGS=pole_misclassified(x6) wall_edge_detected(x2) dashed_reject_center(x7) offset=-0.0411 mode=two_boundary conf=0.52
20:47:48 [INFO] f=0024 t=10.4ms offset=+0.3345 head=+11.04° drive=go      stop_sign=F lane_mode=two_boundary imu_n=0 yaw=+0.0°/s
20:47:48 [INFO] [R0 T0 O0 D0 A0] f=0025 TAGS=pole_misclassified(x15) wall_edge_detected(x2) dashed_reject_center(x4) offset=+0.0131 mode=two_boundary conf=0.53
20:47:48 [INFO] f=0025 t=12.7ms offset=+0.3369 head=+10.71° drive=go      stop_sign=F lane_mode=two_boundary imu_n=0 yaw=+0.0°/s
20:47:48 [INFO] [R0 T0 O0 D0 A0] f=0026 TAGS=pole_misclassified(x9) wall_edge_detected(x2) dashed_reject_center(x5) offset=-0.0537 mode=two_boundary conf=0.54
20:47:48 [INFO] f=0026 t=17.7ms offset=+0.3281 head=+10.41° drive=go      stop_sign=F lane_mode=two_boundary imu_n=0 yaw=+0.0°/s
20:47:48 [INFO] [R0 T0 O0 D0 A0] f=0027 TAGS=pole_misclassified(x10) wall_edge_detected(x2) dashed_reject_center(x2) offset=+0.0175 mode=two_boundary conf=0.53
20:47:48 [INFO] f=0027 t=14.7ms offset=+0.3407 head=+10.34° drive=go      stop_sign=F lane_mode=two_boundary imu_n=0 yaw=+0.0°/s
20:47:48 [INFO] [R0 T0 O0 D0 A0] f=0028 TAGS=pole_misclassified(x10) wall_edge_detected(x3) dashed_reject_center(x3) offset=+0.0241 mode=two_boundary conf=0.53
20:47:48 [INFO] f=0028 t=14.3ms offset=+0.4114 head=+11.04° drive=go      stop_sign=F lane_mode=two_boundary imu_n=0 yaw=+0.0°/s
20:47:48 [INFO] [R0 T0 O0 D0 A0] f=0029 TAGS=pole_misclassified(x11) wall_edge_detected(x2) dashed_reject_center(x4) offset=-0.0334 mode=two_boundary conf=0.54
20:47:48 [INFO] f=0029 t=25.6ms offset=+0.4297 head=+11.69° drive=go      stop_sign=F lane_mode=two_boundary imu_n=0 yaw=+0.0°/s
20:47:48 [INFO] [R0 T0 O0 D0 A0] f=0030 TAGS=pole_misclassified(x12) wall_edge_detected(x2) dashed_reject_center(x5) offset=+0.1017 mode=two_boundary conf=0.52
20:47:48 [INFO] f=0030 t=23.6ms offset=+0.4508 head=+12.33° drive=go      stop_sign=F lane_mode=two_boundary imu_n=0 yaw=+0.0°/s
20:47:48 [INFO] [R0 T0 O0 D0 A0] f=0031 TAGS=pole_misclassified(x8) wall_edge_detected(x2) dashed_reject_center(x3) offset=+0.0122 mode=two_boundary conf=0.54
20:47:48 [INFO] f=0031 t=19.9ms offset=+0.4694 head=+12.94° drive=go      stop_sign=F lane_mode=two_boundary imu_n=0 yaw=+0.0°/s
20:47:48 [INFO] [R0 T0 O0 D0 A0] f=0032 TAGS=pole_misclassified(x7) wall_edge_detected(x2) dashed_reject_center(x6) offset=+0.0708 mode=two_boundary conf=0.54
20:47:48 [INFO] f=0032 t=23.7ms offset=+0.4834 head=+13.49° drive=go      stop_sign=F lane_mode=two_boundary imu_n=0 yaw=+0.0°/s
20:47:48 [INFO] [R0 T0 O0 D0 A0] f=0033 TAGS=pole_misclassified(x13) wall_edge_detected(x2) dashed_reject_center(x2) offset=+0.0650 mode=two_boundary conf=0.53
20:47:48 [INFO] f=0033 t=22.2ms offset=+0.4903 head=+13.92° drive=go      stop_sign=F lane_mode=two_boundary imu_n=0 yaw=+0.0°/s
20:47:48 [INFO] [R0 T0 O0 D0 A0] f=0034 TAGS=pole_misclassified(x10) wall_edge_detected(x2) dashed_reject_center(x2) offset=+0.0867 mode=two_boundary conf=0.54
20:47:48 [INFO] f=0034 t=15.8ms offset=+0.4826 head=+14.11° drive=go      stop_sign=F lane_mode=two_boundary imu_n=0 yaw=+0.0°/s
20:47:48 [INFO] [R0 T0 O0 D0 A0] f=0035 TAGS=pole_misclassified(x15) wall_edge_detected(x3) dashed_reject_center(x2) offset=+0.0136 mode=two_boundary conf=0.53
20:47:48 [INFO] f=0035 t=14.3ms offset=+0.4170 head=+13.55° drive=go      stop_sign=F lane_mode=two_boundary imu_n=0 yaw=+0.0°/s
20:47:48 [INFO] [R0 T0 O0 D0 A0] f=0036 TAGS=pole_misclassified(x13) wall_edge_detected(x3) dashed_reject_center(x6) offset=+0.0154 mode=two_boundary conf=0.54
20:47:48 [INFO] f=0036 t=14.9ms offset=+0.4433 head=+13.46° drive=go      stop_sign=F lane_mode=two_boundary imu_n=0 yaw=+0.0°/s
20:47:48 [INFO] [R0 T0 O0 D0 A0] f=0037 TAGS=pole_misclassified(x11) wall_edge_detected(x3) dashed_reject_center(x3) offset=+0.3106 mode=two_boundary conf=0.53
20:47:48 [INFO] f=0037 t=39.6ms offset=+0.4226 head=+13.19° drive=go      stop_sign=F lane_mode=two_boundary imu_n=0 yaw=+0.0°/s
20:47:48 [INFO] [R0 T0 O0 D0 A0] f=0038 TAGS=pole_misclassified(x9) wall_edge_detected(x2) dashed_reject_center(x4) offset=+0.0165 mode=two_boundary conf=0.54
20:47:48 [INFO] f=0038 t=11.4ms offset=+0.3475 head=+12.22° drive=go      stop_sign=F lane_mode=two_boundary imu_n=0 yaw=+0.0°/s
20:47:48 [INFO] [R0 T0 O0 D0 A0] f=0039 TAGS=pole_misclassified(x11) wall_edge_detected(x2) dashed_reject_center(x3) offset=+0.3839 mode=two_boundary conf=0.53
20:47:48 [INFO] f=0039 t=11.3ms offset=+0.3835 head=+11.97° drive=go      stop_sign=F lane_mode=two_boundary imu_n=0 yaw=+0.0°/s
20:47:48 [WARNING] Frame 40: budget exceeded 199.7 ms (budget 66.7 ms)
20:47:48 [INFO] [R0 T0 O0 D0 A0] f=0040 TAGS=pole_misclassified(x14) wall_edge_detected(x3) dashed_reject_center(x2) offset=+0.0187 mode=two_boundary conf=0.54
20:47:48 [INFO] f=0040 t=199.7ms offset=+0.3739 head=+11.71° drive=go      stop_sign=F lane_mode=two_boundary imu_n=0 yaw=+0.0°/s
20:47:48 [INFO] [R0 T0 O0 D0 A0] f=0041 [INTERSECTION] edge_ratio=0.29 > 0.25 — would trigger
20:47:48 [INFO] [R0 T0 O0 D0 A0] f=0041 TAGS=pole_misclassified(x5) wall_edge_detected(x2) dashed_reject_center(x2) offset=+0.1899 mode=two_boundary conf=0.46
20:47:48 [INFO] f=0041 t=43.1ms offset=+0.3981 head=+11.79° drive=go      stop_sign=F lane_mode=two_boundary imu_n=0 yaw=+0.0°/s
20:47:48 [INFO] [R0 T0 O0 D0 A0] f=0042 [INTERSECTION] edge_ratio=0.25 > 0.25 — would trigger
20:47:48 [INFO] [R0 T0 O0 D0 A0] f=0042 TAGS=pole_misclassified(x8) wall_edge_detected(x1) dashed_reject_center(x3) offset=-0.0289 mode=two_boundary conf=0.56
20:47:48 [INFO] f=0042 t=21.7ms offset=+0.3888 head=+11.75° drive=go      stop_sign=F lane_mode=two_boundary imu_n=0 yaw=+0.0°/s
20:47:48 [INFO] [R0 T0 O0 D0 A0] f=0043 [INTERSECTION] edge_ratio=0.26 > 0.25 — would trigger
20:47:48 [INFO] [R0 T0 O0 D0 A0] f=0043 TAGS=pole_misclassified(x5) wall_edge_detected(x1) dashed_reject_center(x2) offset=-0.0934 mode=two_boundary conf=0.53
20:47:48 [INFO] f=0043 t=14.5ms offset=+0.3351 head=+11.15° drive=go      stop_sign=F lane_mode=two_boundary imu_n=0 yaw=+0.0°/s
20:47:48 [INFO] [R0 T0 O0 D0 A0] f=0044 [INTERSECTION] edge_ratio=0.29 > 0.25 — would trigger
20:47:48 [INFO] [R0 T0 O0 D0 A0] f=0044 TAGS=pole_misclassified(x4) wall_edge_detected(x1) dashed_reject_center(x1) offset=-0.0363 mode=two_boundary conf=0.57
20:47:48 [INFO] f=0044 t=9.3ms offset=+0.4353 head=+11.82° drive=go      stop_sign=F lane_mode=two_boundary imu_n=0 yaw=+0.0°/s
20:47:48 [INFO] [R0 T0 O0 D0 A0] f=0045 [INTERSECTION] edge_ratio=0.49 > 0.25 — would trigger
20:47:48 [INFO] [R0 T0 O0 D0 A0] f=0045 TAGS=pole_misclassified(x4) wall_edge_detected(x1) dashed_reject_center(x6) offset=-0.0162 mode=two_boundary conf=0.56
20:47:48 [INFO] f=0045 t=10.8ms offset=+0.3776 head=+11.65° drive=go      stop_sign=F lane_mode=two_boundary imu_n=0 yaw=+0.0°/s
20:47:48 [INFO] [R0 T0 O0 D0 A0] f=0046 [INTERSECTION] edge_ratio=0.27 > 0.25 — would trigger
20:47:48 [INFO] [R0 T0 O0 D0 A0] f=0046 TAGS=pole_misclassified(x5) dashed_reject_center(x2) offset=-0.0798 mode=two_boundary conf=0.58
20:47:48 [INFO] f=0046 t=11.8ms offset=+0.3238 head=+10.97° drive=go      stop_sign=F lane_mode=two_boundary imu_n=0 yaw=+0.0°/s
20:47:48 [INFO] [R0 T0 O0 D0 A0] f=0047 TAGS=pole_misclassified(x6) wall_edge_detected(x1) dashed_reject_center(x5) offset=-0.0150 mode=two_boundary conf=0.57
20:47:48 [INFO] f=0047 t=23.1ms offset=+0.3403 head=+10.70° drive=go      stop_sign=F lane_mode=two_boundary imu_n=0 yaw=+0.0°/s
20:47:48 [INFO] [R0 T0 O0 D0 A0] f=0048 TAGS=pole_misclassified(x5) wall_edge_detected(x2) dashed_reject_center(x4) offset=-0.0104 mode=two_boundary conf=0.48
20:47:48 [INFO] f=0048 t=12.8ms offset=+0.3424 head=+10.55° drive=go      stop_sign=F lane_mode=two_boundary imu_n=0 yaw=+0.0°/s
20:47:48 [INFO] [R0 T0 O0 D0 A0] f=0049 TAGS=pole_misclassified(x6) dashed_reject_center(x4) offset=-0.0046 mode=two_boundary conf=0.57
20:47:48 [INFO] f=0049 t=14.3ms offset=+0.3619 head=+10.66° drive=go      stop_sign=F lane_mode=two_boundary imu_n=0 yaw=+0.0°/s
20:47:48 [INFO] [R0 T0 O0 D0 A0] f=0050 TAGS=pole_misclassified(x4) wall_edge_detected(x1) dashed_reject_center(x5) offset=+0.0011 mode=two_boundary conf=0.57
20:47:48 [INFO] f=0050 t=14.7ms offset=+0.4047 head=+11.18° drive=go      stop_sign=F lane_mode=two_boundary imu_n=0 yaw=+0.0°/s
20:47:48 [INFO] [R0 T0 O0 D0 A0] f=0051 [INTERSECTION] edge_ratio=0.32 > 0.25 — would trigger
20:47:48 [INFO] [R0 T0 O0 D0 A0] f=0051 TAGS=pole_misclassified(x6) wall_edge_detected(x1) dashed_reject_center(x3) offset=+0.0034 mode=two_boundary conf=0.57
20:47:48 [INFO] f=0051 t=28.5ms offset=+0.4113 head=+11.59° drive=go      stop_sign=F lane_mode=two_boundary imu_n=0 yaw=+0.0°/s
20:47:48 [INFO] [R0 T0 O0 D0 A0] f=0052 [INTERSECTION] edge_ratio=0.29 > 0.25 — would trigger
20:47:48 [INFO] [R0 T0 O0 D0 A0] f=0052 TAGS=pole_misclassified(x3) wall_edge_detected(x1) dashed_reject_center(x6) offset=-0.0558 mode=two_boundary conf=0.58
20:47:48 [INFO] f=0052 t=23.6ms offset=+0.3307 head=+11.00° drive=go      stop_sign=F lane_mode=two_boundary imu_n=0 yaw=+0.0°/s
20:47:48 [INFO] [R0 T0 O0 D0 A0] f=0053 TAGS=pole_misclassified(x5) wall_edge_detected(x1) dashed_reject_center(x6) offset=-0.0545 mode=two_boundary conf=0.58
20:47:48 [INFO] f=0053 t=20.0ms offset=+0.4134 head=+11.49° drive=go      stop_sign=F lane_mode=two_boundary imu_n=0 yaw=+0.0°/s
20:47:48 [INFO] [R0 T0 O0 D0 A0] f=0054 TAGS=pole_misclassified(x6) dashed_reject_center(x4) offset=-0.0241 mode=two_boundary conf=0.58
20:47:48 [INFO] f=0054 t=11.5ms offset=+0.3995 head=+11.66° drive=go      stop_sign=F lane_mode=two_boundary imu_n=0 yaw=+0.0°/s
20:47:48 [INFO] [R0 T0 O0 D0 A0] f=0055 TAGS=pole_misclassified(x5) wall_edge_detected(x1) dashed_reject_center(x6) offset=-0.0252 mode=two_boundary conf=0.58
20:47:48 [INFO] f=0055 t=13.5ms offset=+0.4455 head=+12.26° drive=go      stop_sign=F lane_mode=two_boundary imu_n=0 yaw=+0.0°/s
20:47:48 [INFO] [R0 T0 O0 D0 A0] f=0056 TAGS=pole_misclassified(x3) wall_edge_detected(x1) dashed_reject_center(x3) offset=+0.0113 mode=two_boundary conf=0.57
20:47:48 [INFO] f=0056 t=11.9ms offset=+0.4741 head=+12.95° drive=go      stop_sign=F lane_mode=two_boundary imu_n=0 yaw=+0.0°/s
20:47:48 [INFO] [R0 T0 O0 D0 A0] f=0057 [INTERSECTION] edge_ratio=0.33 > 0.25 — would trigger
20:47:48 [INFO] [R0 T0 O0 D0 A0] f=0057 TAGS=pole_misclassified(x2) wall_edge_detected(x1) dashed_reject_center(x3) offset=+0.0171 mode=two_boundary conf=0.57
20:47:48 [INFO] f=0057 t=22.6ms offset=+0.5305 head=+13.99° drive=go      stop_sign=F lane_mode=two_boundary imu_n=0 yaw=+0.0°/s
20:47:49 [INFO] [R0 T0 O0 D0 A0] f=0058 TAGS=pole_misclassified(x3) wall_edge_detected(x1) dashed_reject_center(x3) offset=+0.0124 mode=two_boundary conf=0.57
20:47:49 [INFO] f=0058 t=16.9ms offset=+0.4268 head=+13.57° drive=go      stop_sign=F lane_mode=two_boundary imu_n=0 yaw=+0.0°/s
20:47:49 [INFO] [R0 T0 O0 D0 A0] f=0059 TAGS=pole_misclassified(x5) wall_edge_detected(x1) dashed_reject_center(x5) offset=-0.0605 mode=two_boundary conf=0.58
20:47:49 [INFO] f=0059 t=10.0ms offset=+0.3694 head=+12.70° drive=go      stop_sign=F lane_mode=two_boundary imu_n=0 yaw=+0.0°/s
20:47:49 [INFO] [R0 T0 O0 D0 A0] f=0060 TAGS=pole_misclassified(x5) wall_edge_detected(x1) dashed_reject_center(x4) offset=+0.0214 mode=two_boundary conf=0.57
20:47:49 [INFO] f=0060 t=10.7ms offset=+0.3932 head=+12.38° drive=go      stop_sign=F lane_mode=two_boundary imu_n=0 yaw=+0.0°/s
20:47:49 [INFO] [R0 T0 O0 D0 A0] f=0061 TAGS=pole_misclassified(x6) wall_edge_detected(x1) dashed_reject_center(x4) offset=-0.0359 mode=two_boundary conf=0.58
20:47:49 [INFO] f=0061 t=11.5ms offset=+0.3963 head=+12.21° drive=go      stop_sign=F lane_mode=two_boundary imu_n=0 yaw=+0.0°/s
20:47:49 [INFO] [R0 T0 O0 D0 A0] f=0062 TAGS=pole_misclassified(x5) wall_edge_detected(x1) dashed_reject_center(x5) offset=+0.0257 mode=two_boundary conf=0.57
20:47:49 [INFO] f=0062 t=13.9ms offset=+0.3765 head=+11.89° drive=go      stop_sign=F lane_mode=two_boundary imu_n=0 yaw=+0.0°/s
20:47:49 [INFO] [R0 T0 O0 D0 A0] f=0063 TAGS=pole_misclassified(x5) wall_edge_detected(x1) dashed_reject_center(x5) offset=+0.0279 mode=two_boundary conf=0.57
20:47:49 [INFO] f=0063 t=18.9ms offset=+0.3879 head=+11.80° drive=go      stop_sign=F lane_mode=two_boundary imu_n=0 yaw=+0.0°/s
20:47:49 [INFO] [R0 T0 O0 D0 A0] f=0064 TAGS=pole_misclassified(x6) wall_edge_detected(x1) dashed_reject_center(x3) offset=+0.0302 mode=two_boundary conf=0.47
20:47:49 [INFO] f=0064 t=20.3ms offset=+0.3748 head=+11.61° drive=go      stop_sign=F lane_mode=two_boundary imu_n=0 yaw=+0.0°/s
20:47:49 [INFO] [R0 T0 O0 D0 A0] f=0065 TAGS=pole_misclassified(x6) wall_edge_detected(x1) dashed_reject_center(x2) offset=-0.0276 mode=two_boundary conf=0.58
20:47:49 [INFO] f=0065 t=22.8ms offset=+0.3322 head=+11.03° drive=go      stop_sign=F lane_mode=two_boundary imu_n=0 yaw=+0.0°/s
20:47:49 [INFO] [R0 T0 O0 D0 A0] f=0066 TAGS=pole_misclassified(x7) wall_edge_detected(x1) dashed_reject_center(x2) offset=-0.0380 mode=two_boundary conf=0.57
20:47:49 [INFO] f=0066 t=10.4ms offset=+0.3608 head=+10.96° drive=go      stop_sign=F lane_mode=two_boundary imu_n=0 yaw=+0.0°/s
20:47:49 [INFO] [R0 T0 O0 D0 A0] f=0067 TAGS=pole_misclassified(x6) wall_edge_detected(x1) dashed_reject_center(x1) offset=-0.0368 mode=two_boundary conf=0.57
20:47:49 [INFO] f=0067 t=19.4ms offset=+0.3650 head=+10.96° drive=go      stop_sign=F lane_mode=two_boundary imu_n=0 yaw=+0.0°/s
20:47:49 [INFO] [R0 T0 O0 D0 A0] f=0068 TAGS=pole_misclassified(x8) wall_edge_detected(x1) dashed_reject_center(x2) offset=-0.0311 mode=two_boundary conf=0.57
20:47:49 [INFO] f=0068 t=16.4ms offset=+0.3398 head=+10.69° drive=go      stop_sign=F lane_mode=two_boundary imu_n=0 yaw=+0.0°/s
20:47:49 [INFO] [R0 T0 O0 D0 A0] f=0069 TAGS=pole_misclassified(x7) wall_edge_detected(x1) dashed_reject_center(x1) offset=-0.0355 mode=two_boundary conf=0.57
20:47:49 [INFO] f=0069 t=9.4ms offset=+0.3658 head=+10.79° drive=go      stop_sign=F lane_mode=two_boundary imu_n=0 yaw=+0.0°/s
20:47:49 [INFO] [R0 T0 O0 D0 A0] f=0070 TAGS=pole_misclassified(x9) wall_edge_detected(x1) dashed_reject_center(x3) offset=-0.0310 mode=two_boundary conf=0.57
20:47:49 [INFO] f=0070 t=12.4ms offset=+0.3959 head=+11.17° drive=go      stop_sign=F lane_mode=two_boundary imu_n=0 yaw=+0.0°/s
20:47:49 [WARNING] Frame 71: budget exceeded 198.1 ms (budget 66.7 ms)
20:47:49 [INFO] [R0 T0 O0 D0 A0] f=0071 TAGS=pole_misclassified(x6) wall_edge_detected(x1) dashed_reject_center(x1) offset=-0.0326 mode=two_boundary conf=0.57
20:47:49 [INFO] f=0071 t=198.1ms offset=+0.3048 head=+10.46° drive=go      stop_sign=F lane_mode=two_boundary imu_n=0 yaw=+0.0°/s
20:47:49 [INFO] [R0 T0 O0 D0 A0] f=0072 TAGS=pole_misclassified(x5) wall_edge_detected(x1) dashed_reject_center(x3) offset=-0.0381 mode=two_boundary conf=0.57
20:47:49 [INFO] f=0072 t=44.1ms offset=+0.3308 head=+10.27° drive=go      stop_sign=F lane_mode=two_boundary imu_n=0 yaw=+0.0°/s
20:47:49 [INFO] [R0 T0 O0 D0 A0] f=0073 TAGS=pole_misclassified(x6) wall_edge_detected(x1) dashed_reject_center(x2) offset=-0.0529 mode=two_boundary conf=0.60
20:47:49 [INFO] f=0073 t=11.7ms offset=+0.3647 head=+10.51° drive=go      stop_sign=F lane_mode=two_boundary imu_n=0 yaw=+0.0°/s
20:47:49 [INFO] [R0 T0 O0 D0 A0] f=0074 TAGS=pole_misclassified(x7) wall_edge_detected(x1) dashed_reject_center(x1) offset=-0.0620 mode=two_boundary conf=0.59
20:47:49 [INFO] f=0074 t=14.1ms offset=+0.3732 head=+10.75° drive=go      stop_sign=F lane_mode=two_boundary imu_n=0 yaw=+0.0°/s
20:47:49 [INFO] [R0 T0 O0 D0 A0] f=0075 TAGS=pole_misclassified(x8) wall_edge_detected(x1) dashed_reject_center(x1) offset=-0.0044 mode=two_boundary conf=0.50
20:47:49 [INFO] f=0075 t=10.8ms offset=+0.2849 head=+9.98° drive=go      stop_sign=F lane_mode=two_boundary imu_n=0 yaw=+0.0°/s
20:47:49 [INFO] [R0 T0 O0 D0 A0] f=0076 TAGS=pole_misclassified(x6) wall_edge_detected(x1) dashed_reject_center(x2) offset=+0.0225 mode=two_boundary conf=0.54
20:47:49 [INFO] f=0076 t=9.5ms offset=+0.2567 head=+9.18° drive=go      stop_sign=F lane_mode=two_boundary imu_n=0 yaw=+0.0°/s
20:47:49 [INFO] [R0 T0 O0 D0 A0] f=0077 TAGS=pole_misclassified(x3) wall_edge_detected(x1) dashed_reject_center(x5) offset=+0.2016 mode=two_boundary conf=0.57
20:47:49 [INFO] f=0077 t=16.7ms offset=+0.2567 head=+9.18° drive=go      stop_sign=F lane_mode=two_boundary imu_n=0 yaw=+0.0°/s
20:47:49 [INFO] [R0 T0 O0 D0 A0] f=0078 TAGS=pole_misclassified(x7) wall_edge_detected(x1) dashed_reject_center(x3) offset=+0.0134 mode=two_boundary conf=0.56
20:47:49 [INFO] f=0078 t=27.1ms offset=+0.3263 head=+9.39° drive=go      stop_sign=F lane_mode=two_boundary imu_n=0 yaw=+0.0°/s
20:47:49 [INFO] [R0 T0 O0 D0 A0] f=0079 TAGS=pole_misclassified(x9) wall_edge_detected(x2) dashed_reject_center(x1) offset=+0.0309 mode=two_boundary conf=0.54
20:47:49 [INFO] f=0079 t=25.0ms offset=+0.3195 head=+9.46° drive=go      stop_sign=F lane_mode=two_boundary imu_n=0 yaw=+0.0°/s
20:47:49 [INFO] [R0 T0 O0 D0 A0] f=0080 TAGS=pole_misclassified(x7) wall_edge_detected(x1) dashed_reject_center(x1) offset=+0.0044 mode=two_boundary conf=0.55
20:47:49 [INFO] f=0080 t=16.7ms offset=+0.3302 head=+9.62° drive=go      stop_sign=F lane_mode=two_boundary imu_n=0 yaw=+0.0°/s
20:47:49 [INFO] [R0 T0 O0 D0 A0] f=0081 TAGS=pole_misclassified(x9) wall_edge_detected(x2) dashed_reject_center(x1) offset=-0.0530 mode=two_boundary conf=0.53
20:47:49 [INFO] f=0081 t=49.8ms offset=+0.3510 head=+9.94° drive=go      stop_sign=F lane_mode=two_boundary imu_n=0 yaw=+0.0°/s
20:47:49 [INFO] [R0 T0 O0 D0 A0] f=0082 TAGS=pole_misclassified(x7) wall_edge_detected(x1) dashed_reject_center(x2) offset=-0.0667 mode=two_boundary conf=0.56
20:47:49 [INFO] f=0082 t=18.2ms offset=+0.3296 head=+9.92° drive=go      stop_sign=F lane_mode=two_boundary imu_n=0 yaw=+0.0°/s
20:47:49 [INFO] [R0 T0 O0 D0 A0] f=0083 TAGS=pole_misclassified(x4) wall_edge_detected(x1) dashed_reject_center(x2) offset=-0.0089 mode=two_boundary conf=0.52
20:47:49 [INFO] f=0083 t=11.2ms offset=+0.3725 head=+10.36° drive=go      stop_sign=F lane_mode=two_boundary imu_n=0 yaw=+0.0°/s
20:47:49 [INFO] [R0 T0 O0 D0 A0] f=0084 TAGS=pole_misclassified(x6) wall_edge_detected(x1) dashed_reject_center(x1) offset=+0.0854 mode=two_boundary conf=0.55
20:47:49 [INFO] f=0084 t=12.7ms offset=+0.3327 head=+10.23° drive=go      stop_sign=F lane_mode=two_boundary imu_n=0 yaw=+0.0°/s
20:47:49 [INFO] [R0 T0 O0 D0 A0] f=0085 TAGS=pole_misclassified(x7) dashed_reject_center(x2) offset=-0.0794 mode=two_boundary conf=0.57
20:47:49 [INFO] f=0085 t=14.8ms offset=+0.3725 head=+10.56° drive=go      stop_sign=F lane_mode=two_boundary imu_n=0 yaw=+0.0°/s
20:47:49 [INFO] [R0 T0 O0 D0 A0] f=0086 TAGS=pole_misclassified(x5) offset=+0.3367 mode=two_boundary conf=0.56
20:47:49 [INFO] f=0086 t=23.6ms offset=+0.4099 head=+11.17° drive=go      stop_sign=F lane_mode=two_boundary imu_n=0 yaw=+0.0°/s
20:47:49 [INFO] [R0 T0 O0 D0 A0] f=0087 TAGS=pole_misclassified(x6) dashed_reject_center(x2) offset=-0.0598 mode=two_boundary conf=0.57
20:47:49 [INFO] f=0087 t=14.2ms offset=+0.4706 head=+12.20° drive=go      stop_sign=F lane_mode=two_boundary imu_n=0 yaw=+0.0°/s
20:47:49 [INFO] [R0 T0 O0 D0 A0] f=0088 TAGS=pole_misclassified(x7) dashed_reject_center(x1) offset=+0.2056 mode=two_boundary conf=0.57
20:47:49 [INFO] f=0088 t=11.9ms offset=+0.4807 head=+12.98° drive=go      stop_sign=F lane_mode=two_boundary imu_n=0 yaw=+0.0°/s
20:47:49 [INFO] [R0 T0 O0 D0 A0] f=0089 TAGS=pole_misclassified(x6) dashed_reject_center(x3) offset=+0.0654 mode=two_boundary conf=0.56
20:47:49 [INFO] f=0089 t=13.9ms offset=+0.4337 head=+12.99° drive=go      stop_sign=F lane_mode=two_boundary imu_n=0 yaw=+0.0°/s
20:47:49 [INFO] [R0 T0 O0 D0 A0] f=0090 TAGS=pole_misclassified(x6) wall_edge_detected(x1) dashed_reject_center(x2) offset=+0.1208 mode=two_boundary conf=0.56
20:47:49 [INFO] f=0090 t=10.7ms offset=+0.4262 head=+12.92° drive=go      stop_sign=F lane_mode=two_boundary imu_n=0 yaw=+0.0°/s
20:47:49 [INFO] [R0 T0 O0 D0 A0] f=0091 TAGS=pole_misclassified(x5) dashed_reject_center(x2) offset=+0.0761 mode=two_boundary conf=0.62
20:47:49 [INFO] f=0091 t=12.9ms offset=+0.3870 head=+12.46° drive=go      stop_sign=F lane_mode=two_boundary imu_n=0 yaw=+0.0°/s
20:47:49 [INFO] [R0 T0 O0 D0 A0] f=0092 TAGS=pole_misclassified(x4) wall_edge_detected(x1) dashed_reject_center(x2) offset=+0.0868 mode=two_boundary conf=0.62
20:47:49 [INFO] f=0092 t=33.5ms offset=+0.4251 head=+12.56° drive=go      stop_sign=F lane_mode=two_boundary imu_n=0 yaw=+0.0°/s
20:47:49 [INFO] [R0 T0 O0 D0 A0] f=0093 TAGS=pole_misclassified(x5) wall_edge_detected(x1) dashed_reject_center(x1) offset=+0.3621 mode=two_boundary conf=0.58
20:47:49 [INFO] f=0093 t=43.5ms offset=+0.4061 head=+12.43° drive=go      stop_sign=F lane_mode=two_boundary imu_n=0 yaw=+0.0°/s
20:47:50 [INFO] [R0 T0 O0 D0 A0] f=0094 TAGS=pole_misclassified(x7) wall_edge_detected(x1) dashed_reject_center(x1) offset=+0.0923 mode=two_boundary conf=0.49
20:47:50 [INFO] f=0094 t=47.5ms offset=+0.4054 head=+12.34° drive=go      stop_sign=F lane_mode=two_boundary imu_n=0 yaw=+0.0°/s
20:47:50 [INFO] [R0 T0 O0 D0 A0] f=0095 TAGS=pole_misclassified(x5) wall_edge_detected(x1) offset=+0.1131 mode=two_boundary conf=0.45
20:47:50 [INFO] f=0095 t=40.3ms offset=+0.4054 head=+12.34° drive=go      stop_sign=F lane_mode=two_boundary imu_n=0 yaw=+0.0°/s
20:47:50 [INFO] [R0 T0 O0 D0 A0] f=0096 TAGS=pole_misclassified(x6) wall_edge_detected(x1) dashed_reject_center(x3) offset=+0.1572 mode=two_boundary conf=0.55
20:47:50 [INFO] f=0096 t=33.7ms offset=+0.3676 head=+11.88° drive=go      stop_sign=F lane_mode=two_boundary imu_n=0 yaw=+0.0°/s
20:47:50 [INFO] [R0 T0 O0 D0 A0] f=0097 TAGS=pole_misclassified(x6) wall_edge_detected(x2) dashed_reject_center(x1) offset=+0.1517 mode=two_boundary conf=0.59
20:47:50 [INFO] f=0097 t=37.4ms offset=+0.4084 head=+12.01° drive=go      stop_sign=F lane_mode=two_boundary imu_n=0 yaw=+0.0°/s
20:47:50 [INFO] [R0 T0 O0 D0 A0] f=0098 TAGS=pole_misclassified(x8) wall_edge_detected(x2) dashed_reject_center(x1) offset=+0.0590 mode=two_boundary conf=0.59
20:47:50 [INFO] f=0098 t=33.3ms offset=+0.4196 head=+12.21° drive=go      stop_sign=F lane_mode=two_boundary imu_n=0 yaw=+0.0°/s
20:47:50 [INFO] [R0 T0 O0 D0 A0] f=0099 TAGS=pole_misclassified(x8) wall_edge_detected(x3) dashed_reject_center(x2) offset=-0.0368 mode=two_boundary conf=0.59
20:47:50 [INFO] f=0099 t=27.1ms offset=+0.4062 head=+12.20° drive=go      stop_sign=F lane_mode=two_boundary imu_n=0 yaw=+0.0°/s
20:47:50 [INFO] [R0 T0 O0 D0 A0] f=0100 TAGS=pole_misclassified(x6) wall_edge_detected(x2) dashed_reject_center(x1) offset=+0.0806 mode=two_boundary conf=0.56
20:47:50 [INFO] f=0100 t=30.4ms offset=+0.3932 head=+12.06° drive=go      stop_sign=F lane_mode=two_boundary imu_n=0 yaw=+0.0°/s
20:47:50 [INFO] [R0 T0 O0 D0 A0] f=0101 TAGS=pole_misclassified(x6) wall_edge_detected(x2) dashed_reject_center(x1) offset=+0.1090 mode=two_boundary conf=0.57
20:47:50 [INFO] f=0101 t=13.8ms offset=+0.3002 head=+10.99° drive=go      stop_sign=F lane_mode=two_boundary imu_n=0 yaw=+0.0°/s
20:47:50 [INFO] [R0 T0 O0 D0 A0] f=0102 TAGS=pole_misclassified(x6) wall_edge_detected(x2) offset=+0.0963 mode=two_boundary conf=0.57
20:47:50 [INFO] f=0102 t=12.1ms offset=+0.3362 head=+10.67° drive=go      stop_sign=F lane_mode=two_boundary imu_n=0 yaw=+0.0°/s
20:47:50 [INFO] [R0 T0 O0 D0 A0] f=0103 TAGS=pole_misclassified(x7) wall_edge_detected(x2) dashed_reject_center(x2) offset=+0.0672 mode=two_boundary conf=0.57
20:47:50 [INFO] f=0103 t=23.5ms offset=+0.3368 head=+10.47° drive=go      stop_sign=F lane_mode=two_boundary imu_n=0 yaw=+0.0°/s
20:47:50 [INFO] [R0 T0 O0 D0 A0] f=0104 TAGS=pole_misclassified(x5) wall_edge_detected(x2) dashed_reject_center(x2) offset=+0.1000 mode=two_boundary conf=0.57
20:47:50 [INFO] f=0104 t=33.4ms offset=+0.2916 head=+9.87° drive=go      stop_sign=F lane_mode=two_boundary imu_n=0 yaw=+0.0°/s
20:47:50 [INFO] [R0 T0 O0 D0 A0] f=0105 TAGS=pole_misclassified(x7) wall_edge_detected(x2) dashed_reject_center(x2) offset=-0.0718 mode=two_boundary conf=0.47
20:47:50 [INFO] f=0105 t=31.9ms offset=+0.3414 head=+10.00° drive=go      stop_sign=F lane_mode=two_boundary imu_n=0 yaw=+0.0°/s
20:47:50 [INFO] [R0 T0 O0 D0 A0] f=0106 TAGS=pole_misclassified(x6) wall_edge_detected(x3) dashed_reject_center(x1) offset=+0.0190 mode=two_boundary conf=0.56
20:47:50 [INFO] f=0106 t=22.4ms offset=+0.3825 head=+10.52° drive=go      stop_sign=F lane_mode=two_boundary imu_n=0 yaw=+0.0°/s
20:47:50 [INFO] [R0 T0 O0 D0 A0] f=0107 TAGS=pole_misclassified(x4) wall_edge_detected(x1) dashed_reject_center(x2) offset=+0.0856 mode=two_boundary conf=0.55
20:47:50 [INFO] f=0107 t=15.1ms offset=+0.3914 head=+10.95° drive=go      stop_sign=F lane_mode=two_boundary imu_n=0 yaw=+0.0°/s
20:47:50 [INFO] [R0 T0 O0 D0 A0] f=0108 TAGS=pole_misclassified(x2) wall_edge_detected(x1) dashed_reject_center(x2) offset=+0.0344 mode=two_boundary conf=0.59
20:47:50 [INFO] f=0108 t=8.2ms offset=+0.4188 head=+11.51° drive=go      stop_sign=F lane_mode=two_boundary imu_n=0 yaw=+0.0°/s
20:47:50 [INFO] [R0 T0 O0 D0 A0] f=0109 TAGS=pole_misclassified(x4) wall_edge_detected(x1) dashed_reject_center(x1) offset=-0.0093 mode=two_boundary conf=0.53
20:47:50 [INFO] f=0109 t=11.1ms offset=+0.4038 head=+11.72° drive=go      stop_sign=F lane_mode=two_boundary imu_n=0 yaw=+0.0°/s
20:47:50 [INFO] [R0 T0 O0 D0 A0] f=0110 TAGS=pole_misclassified(x2) wall_edge_detected(x1) dashed_reject_center(x1) offset=-0.0934 mode=two_boundary conf=0.46
20:47:50 [INFO] f=0110 t=18.6ms offset=+0.3946 head=+11.76° drive=go      stop_sign=F lane_mode=two_boundary imu_n=0 yaw=+0.0°/s
20:47:50 [INFO] [R0 T0 O0 D0 A0] f=0111 TAGS=pole_misclassified(x4) wall_edge_detected(x1) dashed_reject_center(x1) offset=+0.0096 mode=two_boundary conf=0.57
20:47:50 [INFO] f=0111 t=9.3ms offset=+0.4095 head=+11.95° drive=go      stop_sign=F lane_mode=two_boundary imu_n=0 yaw=+0.0°/s
20:47:50 [INFO] [R0 T0 O0 D0 A0] f=0112 TAGS=pole_misclassified(x5) wall_edge_detected(x2) dashed_reject_center(x2) offset=-0.0501 mode=two_boundary conf=0.56
20:47:50 [INFO] f=0112 t=30.4ms offset=+0.4047 head=+12.01° drive=go      stop_sign=F lane_mode=two_boundary imu_n=0 yaw=+0.0°/s
20:47:50 [INFO] [R0 T0 O0 D0 A0] f=0113 TAGS=pole_misclassified(x6) wall_edge_detected(x2) offset=+0.0046 mode=two_boundary conf=0.57
20:47:50 [INFO] f=0113 t=17.8ms offset=+0.4089 head=+12.10° drive=go      stop_sign=F lane_mode=two_boundary imu_n=0 yaw=+0.0°/s
20:47:50 [INFO] [R0 T0 O0 D0 A0] f=0114 TAGS=pole_misclassified(x4) wall_edge_detected(x1) dashed_reject_center(x1) offset=+0.0081 mode=two_boundary conf=0.57
20:47:50 [INFO] f=0114 t=17.4ms offset=+0.3904 head=+11.96° drive=go      stop_sign=F lane_mode=two_boundary imu_n=0 yaw=+0.0°/s
20:47:50 [INFO] [R0 T0 O0 D0 A0] f=0115 TAGS=pole_misclassified(x5) wall_edge_detected(x2) offset=+0.0999 mode=two_boundary conf=0.57
20:47:50 [INFO] f=0115 t=32.9ms offset=+0.3219 head=+11.16° drive=go      stop_sign=F lane_mode=two_boundary imu_n=0 yaw=+0.0°/s
20:47:50 [INFO] [R0 T0 O0 D0 A0] f=0116 TAGS=pole_misclassified(x5) wall_edge_detected(x2) offset=+0.1128 mode=two_boundary conf=0.56
20:47:50 [INFO] f=0116 t=14.3ms offset=+0.3046 head=+10.45° drive=go      stop_sign=F lane_mode=two_boundary imu_n=0 yaw=+0.0°/s
20:47:50 [INFO] [R0 T0 O0 D0 A0] f=0117 TAGS=pole_misclassified(x6) wall_edge_detected(x3) offset=+0.1055 mode=two_boundary conf=0.56
20:47:50 [INFO] f=0117 t=14.8ms offset=+0.3927 head=+10.92° drive=go      stop_sign=F lane_mode=two_boundary imu_n=0 yaw=+0.0°/s
20:47:50 [INFO] [R0 T0 O0 D0 A0] f=0118 TAGS=pole_misclassified(x8) wall_edge_detected(x1) offset=+0.1059 mode=two_boundary conf=0.56
20:47:50 [INFO] f=0118 t=16.5ms offset=+0.3794 head=+11.08° drive=go      stop_sign=F lane_mode=two_boundary imu_n=0 yaw=+0.0°/s
20:47:50 [INFO] [R0 T0 O0 D0 A0] f=0119 TAGS=pole_misclassified(x10) wall_edge_detected(x1) offset=+0.1059 mode=two_boundary conf=0.56
20:47:50 [INFO] f=0119 t=11.1ms offset=+0.4102 head=+11.51° drive=go      stop_sign=F lane_mode=two_boundary imu_n=0 yaw=+0.0°/s
20:47:50 [INFO] [R0 T0 O0 D0 A0] f=0120 TAGS=pole_misclassified(x7) wall_edge_detected(x2) offset=+0.1078 mode=two_boundary conf=0.56
20:47:50 [INFO] f=0120 t=9.0ms offset=+0.4288 head=+11.98° drive=go      stop_sign=F lane_mode=two_boundary imu_n=0 yaw=+0.0°/s
20:47:50 [INFO] [R0 T0 O0 D0 A0] f=0121 TAGS=pole_misclassified(x7) wall_edge_detected(x2) offset=+0.1371 mode=two_boundary conf=0.56
20:47:50 [INFO] f=0121 t=10.1ms offset=+0.3839 head=+11.82° drive=go      stop_sign=F lane_mode=two_boundary imu_n=0 yaw=+0.0°/s
20:47:50 [INFO] [R0 T0 O0 D0 A0] f=0122 TAGS=pole_misclassified(x9) wall_edge_detected(x2) dashed_reject_center(x1) offset=+0.0092 mode=two_boundary conf=0.52
20:47:50 [INFO] f=0122 t=18.5ms offset=+0.3336 head=+11.19° drive=go      stop_sign=F lane_mode=two_boundary imu_n=0 yaw=+0.0°/s
20:47:50 [INFO] [R0 T0 O0 D0 A0] f=0123 TAGS=pole_misclassified(x9) wall_edge_detected(x3) offset=+0.0271 mode=two_boundary conf=0.56
20:47:50 [INFO] f=0123 t=12.1ms offset=+0.3580 head=+11.03° drive=go      stop_sign=F lane_mode=two_boundary imu_n=0 yaw=+0.0°/s
20:47:50 [INFO] [R0 T0 O0 D0 A0] f=0124 TAGS=pole_misclassified(x5) wall_edge_detected(x2) offset=-0.0330 mode=two_boundary conf=0.56
20:47:50 [INFO] f=0124 t=16.8ms offset=+0.3231 head=+10.56° drive=go      stop_sign=F lane_mode=two_boundary imu_n=0 yaw=+0.0°/s
20:47:50 [INFO] [R0 T0 O0 D0 A0] f=0125 TAGS=pole_misclassified(x6) wall_edge_detected(x1) dashed_reject_center(x1) offset=+0.0168 mode=two_boundary conf=0.57
20:47:50 [INFO] f=0125 t=18.6ms offset=+0.3231 head=+10.26° drive=go      stop_sign=F lane_mode=two_boundary imu_n=0 yaw=+0.0°/s
20:47:50 [INFO] [R0 T0 O0 D0 A0] f=0126 TAGS=pole_misclassified(x6) wall_edge_detected(x1) offset=-0.0108 mode=two_boundary conf=0.57
20:47:50 [INFO] f=0126 t=12.6ms offset=+0.2176 head=+8.95° drive=go      stop_sign=F lane_mode=two_boundary imu_n=0 yaw=+0.0°/s
20:47:50 [INFO] [R0 T0 O0 D0 A0] f=0127 TAGS=pole_misclassified(x6) wall_edge_detected(x1) dashed_reject_center(x2) offset=-0.0280 mode=two_boundary conf=0.57
20:47:50 [INFO] f=0127 t=22.1ms offset=+0.1859 head=+7.77° drive=go      stop_sign=F lane_mode=two_boundary imu_n=0 yaw=+0.0°/s
20:47:50 [INFO] [R0 T0 O0 D0 A0] f=0128 TAGS=pole_misclassified(x6) wall_edge_detected(x2) dashed_reject_center(x1) offset=-0.0142 mode=two_boundary conf=0.56
20:47:50 [INFO] f=0128 t=19.8ms offset=+0.2963 head=+8.16° drive=go      stop_sign=F lane_mode=two_boundary imu_n=0 yaw=+0.0°/s
20:47:50 [INFO] [R0 T0 O0 D0 A0] f=0129 TAGS=pole_misclassified(x5) wall_edge_detected(x1) dashed_reject_center(x1) offset=-0.3950 mode=two_boundary conf=0.55
20:47:50 [INFO] f=0129 t=20.2ms offset=+0.2967 head=+8.42° drive=go      stop_sign=F lane_mode=two_boundary imu_n=0 yaw=+0.0°/s
20:47:50 [INFO] [R0 T0 O0 D0 A0] f=0130 TAGS=pole_misclassified(x5) wall_edge_detected(x1) dashed_reject_center(x1) offset=-0.0313 mode=two_boundary conf=0.57
20:47:50 [INFO] f=0130 t=10.6ms offset=+0.2967 head=+8.42° drive=go      stop_sign=F lane_mode=two_boundary imu_n=0 yaw=+0.0°/s
20:47:50 [INFO] [R0 T0 O0 D0 A0] f=0131 TAGS=pole_misclassified(x7) wall_edge_detected(x1) dashed_reject_center(x1) offset=-0.0223 mode=two_boundary conf=0.55
20:47:50 [INFO] f=0131 t=17.9ms offset=+0.2365 head=+7.96° drive=go      stop_sign=F lane_mode=two_boundary imu_n=0 yaw=+0.0°/s
20:47:50 [INFO] [R0 T0 O0 D0 A0] f=0132 TAGS=pole_misclassified(x7) wall_edge_detected(x1) dashed_reject_center(x1) offset=-0.0336 mode=two_boundary conf=0.55
20:47:50 [INFO] f=0132 t=15.5ms offset=+0.2595 head=+7.90° drive=go      stop_sign=F lane_mode=two_boundary imu_n=0 yaw=+0.0°/s
20:47:51 [INFO] [R0 T0 O0 D0 A0] f=0133 TAGS=pole_misclassified(x7) wall_edge_detected(x1) dashed_reject_center(x1) offset=+0.0558 mode=two_boundary conf=0.55
20:47:51 [INFO] f=0133 t=14.7ms offset=+0.2287 head=+7.53° drive=go      stop_sign=F lane_mode=two_boundary imu_n=0 yaw=+0.0°/s
20:47:51 [INFO] [R0 T0 O0 D0 A0] f=0134 TAGS=pole_misclassified(x9) wall_edge_detected(x1) dashed_reject_center(x1) offset=-0.0506 mode=two_boundary conf=0.55
20:47:51 [INFO] f=0134 t=10.6ms offset=+0.2047 head=+7.05° drive=go      stop_sign=F lane_mode=two_boundary imu_n=0 yaw=+0.0°/s
20:47:51 [INFO] [R0 T0 O0 D0 A0] f=0135 TAGS=pole_misclassified(x7) wall_edge_detected(x1) dashed_reject_center(x1) offset=-0.0958 mode=two_boundary conf=0.46
20:47:51 [INFO] f=0135 t=14.2ms offset=+0.2574 head=+7.28° drive=go      stop_sign=F lane_mode=two_boundary imu_n=0 yaw=+0.0°/s
20:47:51 [INFO] [R0 T0 O0 D0 A0] f=0136 TAGS=pole_misclassified(x8) wall_edge_detected(x1) dashed_reject_center(x1) offset=-0.0099 mode=two_boundary conf=0.52
20:47:51 [INFO] f=0136 t=12.4ms offset=+0.1727 head=+6.55° drive=go      stop_sign=F lane_mode=two_boundary imu_n=0 yaw=+0.0°/s
20:47:51 [INFO] [R0 T0 O0 D0 A0] f=0137 TAGS=pole_misclassified(x6) wall_edge_detected(x1) dashed_reject_center(x1) offset=-0.0421 mode=two_boundary conf=0.47
20:47:51 [INFO] f=0137 t=11.7ms offset=+0.1967 head=+6.32° drive=go      stop_sign=F lane_mode=two_boundary imu_n=0 yaw=+0.0°/s
20:47:51 [INFO] [R0 T0 O0 D0 A0] f=0138 TAGS=pole_misclassified(x5) wall_edge_detected(x1) dashed_reject_center(x1) offset=-0.0275 mode=two_boundary conf=0.56
20:47:51 [INFO] f=0138 t=10.1ms offset=+0.2588 head=+6.83° drive=go      stop_sign=F lane_mode=two_boundary imu_n=0 yaw=+0.0°/s
20:47:51 [INFO] [R0 T0 O0 D0 A0] f=0139 TAGS=pole_misclassified(x6) wall_edge_detected(x1) dashed_reject_center(x1) offset=+0.1443 mode=two_boundary conf=0.56
20:47:51 [INFO] f=0139 t=9.4ms offset=+0.3984 head=+8.62° drive=go      stop_sign=F lane_mode=two_boundary imu_n=0 yaw=+0.0°/s
20:47:51 [INFO] [R0 T0 O0 D0 A0] f=0140 TAGS=pole_misclassified(x6) wall_edge_detected(x1) dashed_reject_center(x1) offset=+0.2776 mode=two_boundary conf=0.53
20:47:51 [INFO] f=0140 t=13.5ms offset=+0.3984 head=+8.62° drive=go      stop_sign=F lane_mode=two_boundary imu_n=0 yaw=+0.0°/s
20:47:51 [INFO] [R0 T0 O0 D0 A0] f=0141 TAGS=pole_misclassified(x4) wall_edge_detected(x1) dashed_reject_center(x1) offset=+0.0454 mode=two_boundary conf=0.57
20:47:51 [INFO] f=0141 t=13.4ms offset=+0.3876 head=+9.67° drive=go      stop_sign=F lane_mode=two_boundary imu_n=0 yaw=+0.0°/s
20:47:51 [INFO] [R0 T0 O0 D0 A0] f=0142 TAGS=pole_misclassified(x6) wall_edge_detected(x1) dashed_reject_center(x1) offset=+0.5308 mode=two_boundary conf=0.51
20:47:51 [INFO] f=0142 t=17.4ms offset=+0.4267 head=+10.77° drive=go      stop_sign=F lane_mode=two_boundary imu_n=0 yaw=+0.0°/s
20:47:51 [INFO] [R0 T0 O0 D0 A0] f=0143 TAGS=pole_misclassified(x5) wall_edge_detected(x1) dashed_reject_center(x2) offset=+0.0814 mode=two_boundary conf=0.57
20:47:51 [INFO] f=0143 t=18.1ms offset=+0.3646 head=+10.83° drive=go      stop_sign=F lane_mode=two_boundary imu_n=0 yaw=+0.0°/s
20:47:51 [INFO] [R0 T0 O0 D0 A0] f=0144 TAGS=pole_misclassified(x5) wall_edge_detected(x1) dashed_reject_center(x2) offset=+0.2610 mode=two_boundary conf=0.53
20:47:51 [INFO] f=0144 t=15.7ms offset=+0.3998 head=+11.24° drive=go      stop_sign=F lane_mode=two_boundary imu_n=0 yaw=+0.0°/s
20:47:51 [INFO] [R0 T0 O0 D0 A0] f=0145 TAGS=pole_misclassified(x6) wall_edge_detected(x1) dashed_reject_center(x1) offset=+0.5088 mode=two_boundary conf=0.52
20:47:51 [INFO] f=0145 t=14.0ms offset=+0.4129 head=+11.64° drive=go      stop_sign=F lane_mode=two_boundary imu_n=0 yaw=+0.0°/s
20:47:51 [INFO] [R0 T0 O0 D0 A0] f=0146 TAGS=pole_misclassified(x7) wall_edge_detected(x1) dashed_reject_center(x2) offset=+0.0877 mode=two_boundary conf=0.56
20:47:51 [INFO] f=0146 t=14.9ms offset=+0.4335 head=+12.12° drive=go      stop_sign=F lane_mode=two_boundary imu_n=0 yaw=+0.0°/s
20:47:51 [INFO] [R0 T0 O0 D0 A0] f=0147 TAGS=pole_misclassified(x5) wall_edge_detected(x2) dashed_reject_center(x2) offset=+0.5060 mode=two_boundary conf=0.45
20:47:51 [INFO] f=0147 t=14.4ms offset=+0.4095 head=+12.18° drive=go      stop_sign=F lane_mode=two_boundary imu_n=0 yaw=+0.0°/s
20:47:51 [INFO] [R0 T0 O0 D0 A0] f=0148 TAGS=pole_misclassified(x5) wall_edge_detected(x1) dashed_reject_center(x2) offset=+0.4983 mode=two_boundary conf=0.55
20:47:51 [INFO] f=0148 t=19.1ms offset=+0.3935 head=+12.05° drive=go      stop_sign=F lane_mode=two_boundary imu_n=0 yaw=+0.0°/s
20:47:51 [INFO] [R0 T0 O0 D0 A0] f=0149 TAGS=pole_misclassified(x5) wall_edge_detected(x1) dashed_reject_center(x2) offset=+0.4922 mode=two_boundary conf=0.55
20:47:51 [INFO] f=0149 t=9.5ms offset=+0.3978 head=+12.01° drive=go      stop_sign=F lane_mode=two_boundary imu_n=0 yaw=+0.0°/s
20:47:51 [INFO] [R0 T0 O0 D0 A0] f=0150 TAGS=pole_misclassified(x5) wall_edge_detected(x1) dashed_reject_center(x2) offset=+0.2000 mode=two_boundary conf=0.52
20:47:51 [INFO] f=0150 t=20.7ms offset=+0.3744 head=+11.73° drive=go      stop_sign=F lane_mode=two_boundary imu_n=0 yaw=+0.0°/s
20:47:51 [INFO] [R0 T0 O0 D0 A0] f=0151 TAGS=pole_misclassified(x6) wall_edge_detected(x1) dashed_reject_center(x2) offset=+0.4767 mode=two_boundary conf=0.52
20:47:51 [INFO] f=0151 t=12.4ms offset=+0.3908 head=+11.73° drive=go      stop_sign=F lane_mode=two_boundary imu_n=0 yaw=+0.0°/s
20:47:51 [INFO] [R0 T0 O0 D0 A0] f=0152 TAGS=pole_misclassified(x6) wall_edge_detected(x1) dashed_reject_center(x2) offset=+0.0191 mode=two_boundary conf=0.46
20:47:51 [INFO] f=0152 t=9.0ms offset=+0.3733 head=+11.54° drive=go      stop_sign=F lane_mode=two_boundary imu_n=0 yaw=+0.0°/s
20:47:51 [INFO] [R0 T0 O0 D0 A0] f=0153 TAGS=pole_misclassified(x4) wall_edge_detected(x1) dashed_reject_center(x3) offset=-0.0758 mode=two_boundary conf=0.49
20:47:51 [INFO] f=0153 t=13.5ms offset=+0.3697 head=+11.39° drive=go      stop_sign=F lane_mode=two_boundary imu_n=0 yaw=+0.0°/s
20:47:51 [INFO] [R0 T0 O0 D0 A0] f=0154 TAGS=pole_misclassified(x5) wall_edge_detected(x1) dashed_reject_center(x3) offset=+0.0469 mode=two_boundary conf=0.59
20:47:51 [INFO] f=0154 t=12.1ms offset=+0.3628 head=+11.21° drive=go      stop_sign=F lane_mode=two_boundary imu_n=0 yaw=+0.0°/s
20:47:51 [INFO] [R0 T0 O0 D0 A0] f=0155 TAGS=pole_misclassified(x3) wall_edge_detected(x1) dashed_reject_center(x3) offset=+0.4712 mode=two_boundary conf=0.55
20:47:51 [INFO] f=0155 t=10.0ms offset=+0.3583 head=+11.05° drive=go      stop_sign=F lane_mode=two_boundary imu_n=0 yaw=+0.0°/s
20:47:51 [INFO] [R0 T0 O0 D0 A0] f=0156 TAGS=pole_misclassified(x6) wall_edge_detected(x1) dashed_reject_center(x1) offset=+0.0123 mode=two_boundary conf=0.57
20:47:51 [INFO] f=0156 t=8.9ms offset=+0.3860 head=+11.23° drive=go      stop_sign=F lane_mode=two_boundary imu_n=0 yaw=+0.0°/s
20:47:51 [INFO] [R0 T0 O0 D0 A0] f=0157 TAGS=pole_misclassified(x3) wall_edge_detected(x1) dashed_reject_center(x2) offset=+0.0352 mode=two_boundary conf=0.57
20:47:51 [INFO] f=0157 t=16.3ms offset=+0.3756 head=+11.25° drive=go      stop_sign=F lane_mode=two_boundary imu_n=0 yaw=+0.0°/s
20:47:51 [INFO] [R0 T0 O0 D0 A0] f=0158 TAGS=pole_misclassified(x4) wall_edge_detected(x1) dashed_reject_center(x3) offset=+0.0401 mode=two_boundary conf=0.58
20:47:51 [INFO] f=0158 t=19.8ms offset=+0.4524 head=+12.06° drive=go      stop_sign=F lane_mode=two_boundary imu_n=0 yaw=+0.0°/s
20:47:51 [INFO] [R0 T0 O0 D0 A0] f=0159 TAGS=pole_misclassified(x3) wall_edge_detected(x1) dashed_reject_center(x3) offset=-0.1149 mode=two_boundary conf=0.47
20:47:51 [INFO] f=0159 t=13.1ms offset=+0.4066 head=+12.11° drive=go      stop_sign=F lane_mode=two_boundary imu_n=0 yaw=+0.0°/s
20:47:51 [INFO] [R0 T0 O0 D0 A0] f=0160 TAGS=pole_misclassified(x3) wall_edge_detected(x1) dashed_reject_center(x2) offset=+0.1781 mode=two_boundary conf=0.48
20:47:51 [INFO] f=0160 t=18.2ms offset=+0.4575 head=+12.67° drive=go      stop_sign=F lane_mode=two_boundary imu_n=0 yaw=+0.0°/s
20:47:51 [INFO] [R0 T0 O0 D0 A0] f=0161 TAGS=pole_misclassified(x2) wall_edge_detected(x1) dashed_reject_center(x2) offset=-0.1681 mode=two_boundary conf=0.45
20:47:51 [INFO] f=0161 t=13.0ms offset=+0.4673 head=+13.14° drive=go      stop_sign=F lane_mode=two_boundary imu_n=0 yaw=+0.0°/s
20:47:51 [INFO] [R0 T0 O0 D0 A0] f=0162 TAGS=pole_misclassified(x2) wall_edge_detected(x1) dashed_reject_center(x1) offset=+0.1667 mode=two_boundary conf=0.58
20:47:51 [INFO] f=0162 t=15.4ms offset=+0.4211 head=+12.97° drive=go      stop_sign=F lane_mode=two_boundary imu_n=0 yaw=+0.0°/s
20:47:51 [INFO] [R0 T0 O0 D0 A0] f=0163 TAGS=pole_misclassified(x2) wall_edge_detected(x2) dashed_reject_center(x3) offset=+0.0505 mode=two_boundary conf=0.53
20:47:51 [INFO] f=0163 t=15.2ms offset=+0.4317 head=+12.96° drive=go      stop_sign=F lane_mode=two_boundary imu_n=0 yaw=+0.0°/s
20:47:51 [INFO] [R0 T0 O0 D0 A0] f=0164 TAGS=pole_misclassified(x3) wall_edge_detected(x2) dashed_reject_center(x4) offset=+0.0130 mode=two_boundary conf=0.59
20:47:51 [INFO] f=0164 t=12.3ms offset=+0.4317 head=+12.96° drive=go      stop_sign=F lane_mode=two_boundary imu_n=0 yaw=+0.0°/s
20:47:51 [INFO] [R0 T0 O0 D0 A0] f=0165 TAGS=pole_misclassified(x3) wall_edge_detected(x1) dashed_reject_center(x4) anchor_wrong_half offset=+1.0000 mode=two_boundary conf=0.58
20:47:51 [INFO] f=0165 t=12.7ms offset=+0.4895 head=+13.56° drive=go      stop_sign=F lane_mode=two_boundary imu_n=0 yaw=+0.0°/s
20:47:51 [INFO] [R0 T0 O0 D0 A0] f=0166 TAGS=pole_misclassified(x1) dashed_reject_center(x4) anchor_wrong_half offset=+1.0000 mode=two_boundary conf=0.63
20:47:51 [INFO] f=0166 t=11.5ms offset=+0.5141 head=+14.21° drive=go      stop_sign=F lane_mode=two_boundary imu_n=0 yaw=+0.0°/s
20:47:51 [INFO] [R0 T0 O0 D0 A0] f=0167 TAGS=dashed_reject_center(x4) anchor_wrong_half offset=+1.0000 mode=two_boundary conf=0.63
20:47:51 [INFO] f=0167 t=28.5ms offset=+0.5391 head=+14.90° drive=go      stop_sign=F lane_mode=two_boundary imu_n=0 yaw=+0.0°/s
20:47:51 [INFO] [R0 T0 O0 D0 A0] f=0168 TAGS=pole_misclassified(x3) dashed_reject_center(x4) offset=+0.1493 mode=two_boundary conf=0.58
20:47:51 [INFO] f=0168 t=23.8ms offset=+0.5654 head=+15.62° drive=go      stop_sign=F lane_mode=two_boundary imu_n=0 yaw=+0.0°/s
20:47:51 [INFO] [R0 T0 O0 D0 A0] f=0169 TAGS=pole_misclassified(x2) wall_edge_detected(x1) dashed_reject_center(x4) offset=+0.9908 mode=two_boundary conf=0.58
20:47:51 [INFO] f=0169 t=24.1ms offset=+0.5510 head=+15.94° drive=go      stop_sign=F lane_mode=two_boundary imu_n=0 yaw=+0.0°/s
20:47:51 [INFO] [R0 T0 O0 D0 A0] f=0170 TAGS=pole_misclassified(x4) wall_edge_detected(x2) dashed_reject_center(x4) anchor_wrong_half offset=+1.0000 mode=two_boundary conf=0.63
20:47:51 [INFO] f=0170 t=12.5ms offset=+0.5633 head=+16.28° drive=go      stop_sign=F lane_mode=two_boundary imu_n=0 yaw=+0.0°/s
20:47:51 [INFO] [R0 T0 O0 D0 A0] f=0171 TAGS=pole_misclassified(x4) wall_edge_detected(x3) dashed_reject_center(x4) offset=+0.9912 mode=two_boundary conf=0.53
20:47:51 [INFO] f=0171 t=21.7ms offset=+0.5699 head=+16.56° drive=go      stop_sign=F lane_mode=two_boundary imu_n=0 yaw=+0.0°/s
20:47:51 [INFO] [R0 T0 O0 D0 A0] f=0172 TAGS=pole_misclassified(x2) wall_edge_detected(x1) dashed_reject_center(x2) offset=+0.9861 mode=two_boundary conf=0.56
20:47:51 [INFO] f=0172 t=9.2ms offset=+0.5766 head=+16.82° drive=go      stop_sign=F lane_mode=two_boundary imu_n=0 yaw=+0.0°/s
20:47:51 [INFO] [R0 T0 O0 D0 A0] f=0173 TAGS=pole_misclassified(x1) dashed_reject_center(x3) anchor_wrong_half offset=+1.0000 mode=two_boundary conf=0.62
20:47:51 [INFO] f=0173 t=21.7ms offset=+0.5811 head=+17.03° drive=go      stop_sign=F lane_mode=two_boundary imu_n=0 yaw=+0.0°/s
20:47:51 [INFO] [R0 T0 O0 D0 A0] f=0174 TAGS=pole_misclassified(x2) wall_edge_detected(x1) dashed_reject_center(x3) anchor_wrong_half offset=-0.3010 mode=width_rejected conf=0.59
20:47:51 [INFO] f=0174 t=9.1ms offset=+0.5295 head=+16.63° drive=go      stop_sign=F lane_mode=width_rejected imu_n=0 yaw=+0.0°/s
20:47:51 [INFO] [R0 T0 O0 D0 A0] f=0175 TAGS=pole_misclassified(x2) wall_edge_detected(x1) dashed_reject_center(x3) offset=+0.2005 mode=two_boundary conf=0.58
20:47:51 [INFO] f=0175 t=9.3ms offset=+0.5436 head=+16.52° drive=go      stop_sign=F lane_mode=two_boundary imu_n=0 yaw=+0.0°/s
20:47:51 [INFO] [R0 T0 O0 D0 A0] f=0176 TAGS=pole_misclassified(x2) wall_edge_detected(x1) dashed_reject_center(x3) offset=+0.2099 mode=two_boundary conf=0.58
20:47:51 [INFO] f=0176 t=14.6ms offset=+0.5541 head=+16.55° drive=go      stop_sign=F lane_mode=two_boundary imu_n=0 yaw=+0.0°/s
20:47:51 [INFO] [R0 T0 O0 D0 A0] f=0177 TAGS=pole_misclassified(x2) wall_edge_detected(x1) dashed_reject_center(x3) anchor_wrong_half offset=+1.0000 mode=two_boundary conf=0.62
20:47:51 [INFO] f=0177 t=10.1ms offset=+0.5605 head=+16.64° drive=go      stop_sign=F lane_mode=two_boundary imu_n=0 yaw=+0.0°/s
20:47:51 [INFO] [R0 T0 O0 D0 A0] f=0178 TAGS=pole_misclassified(x2) wall_edge_detected(x1) dashed_reject_center(x3) offset=+0.5354 mode=two_boundary conf=0.50
20:47:51 [INFO] f=0178 t=9.3ms offset=+0.5636 head=+16.74° drive=go      stop_sign=F lane_mode=two_boundary imu_n=0 yaw=+0.0°/s
20:47:51 [INFO] [R0 T0 O0 D0 A0] f=0179 TAGS=pole_misclassified(x3) wall_edge_detected(x1) dashed_reject_center(x4) offset=+0.5559 mode=two_boundary conf=0.57
20:47:51 [INFO] f=0179 t=10.7ms offset=+0.5658 head=+16.82° drive=go      stop_sign=F lane_mode=two_boundary imu_n=0 yaw=+0.0°/s
20:47:51 [INFO] [R0 T0 O0 D0 A0] f=0180 TAGS=pole_misclassified(x4) dashed_reject_center(x2) offset=+0.5054 mode=two_boundary conf=0.57
20:47:51 [INFO] f=0180 t=18.5ms offset=+0.5620 head=+16.83° drive=go      stop_sign=F lane_mode=two_boundary imu_n=0 yaw=+0.0°/s
20:47:51 [INFO] [R0 T0 O0 D0 A0] f=0181 TAGS=pole_misclassified(x8) wall_edge_detected(x1) dashed_reject_center(x3) offset=+0.1766 mode=two_boundary conf=0.51
20:47:51 [INFO] f=0181 t=9.3ms offset=+0.5149 head=+16.35° drive=go      stop_sign=F lane_mode=two_boundary imu_n=0 yaw=+0.0°/s
20:47:51 [INFO] [R0 T0 O0 D0 A0] f=0182 TAGS=pole_misclassified(x3) dashed_reject_center(x3) offset=+0.5533 mode=two_boundary conf=0.57
20:47:51 [INFO] f=0182 t=14.6ms offset=+0.5149 head=+16.35° drive=go      stop_sign=F lane_mode=two_boundary imu_n=0 yaw=+0.0°/s
20:47:51 [INFO] [R0 T0 O0 D0 A0] f=0183 TAGS=pole_misclassified(x5) wall_edge_detected(x1) dashed_reject_center(x2) offset=+0.5209 mode=two_boundary conf=0.56
20:47:51 [INFO] f=0183 t=9.8ms offset=+0.5340 head=+16.23° drive=go      stop_sign=F lane_mode=two_boundary imu_n=0 yaw=+0.0°/s
20:47:51 [INFO] [R0 T0 O0 D0 A0] f=0184 TAGS=pole_misclassified(x4) wall_edge_detected(x1) dashed_reject_center(x3) offset=+0.5578 mode=two_boundary conf=0.56
20:47:51 [INFO] f=0184 t=11.3ms offset=+0.5503 head=+16.33° drive=go      stop_sign=F lane_mode=two_boundary imu_n=0 yaw=+0.0°/s
20:47:51 [INFO] [R0 T0 O0 D0 A0] f=0185 TAGS=pole_misclassified(x4) wall_edge_detected(x1) dashed_reject_center(x3) offset=-0.3042 mode=two_boundary conf=0.55
20:47:51 [INFO] f=0185 t=11.4ms offset=+0.4802 head=+15.66° drive=go      stop_sign=F lane_mode=two_boundary imu_n=0 yaw=+0.0°/s
20:47:51 [INFO] [R0 T0 O0 D0 A0] f=0186 [INTERSECTION] edge_ratio=0.41 > 0.25 — would trigger
20:47:51 [INFO] [R0 T0 O0 D0 A0] f=0186 TAGS=pole_misclassified(x4) wall_edge_detected(x2) dashed_reject_center(x1) offset=+0.5016 mode=two_boundary conf=0.55
20:47:51 [INFO] f=0186 t=22.1ms offset=+0.5005 head=+15.43° drive=go      stop_sign=F lane_mode=two_boundary imu_n=0 yaw=+0.0°/s
20:47:51 [INFO] [R0 T0 O0 D0 A0] f=0187 [INTERSECTION] edge_ratio=0.28 > 0.25 — would trigger
20:47:51 [INFO] [R0 T0 O0 D0 A0] f=0187 TAGS=pole_misclassified(x5) wall_edge_detected(x2) offset=+0.3991 mode=two_boundary conf=0.56
20:47:51 [INFO] f=0187 t=10.8ms offset=+0.5066 head=+15.35° drive=go      stop_sign=F lane_mode=two_boundary imu_n=0 yaw=+0.0°/s
20:47:52 [INFO] [R0 T0 O0 D0 A0] f=0188 [INTERSECTION] edge_ratio=0.30 > 0.25 — would trigger
20:47:52 [INFO] [R0 T0 O0 D0 A0] f=0188 TAGS=pole_misclassified(x5) wall_edge_detected(x3) dashed_reject_center(x1) offset=+0.4143 mode=two_boundary conf=0.52
20:47:52 [INFO] f=0188 t=12.1ms offset=+0.4908 head=+15.13° drive=go      stop_sign=F lane_mode=two_boundary imu_n=0 yaw=+0.0°/s
20:47:52 [INFO] [R0 T0 O0 D0 A0] f=0189 [INTERSECTION] edge_ratio=0.35 > 0.25 — would trigger
20:47:52 [INFO] [R0 T0 O0 D0 A0] f=0189 TAGS=pole_misclassified(x6) wall_edge_detected(x2) offset=-0.1001 mode=two_boundary conf=0.44
20:47:52 [INFO] f=0189 t=14.5ms offset=+0.4112 head=+14.15° drive=go      stop_sign=F lane_mode=two_boundary imu_n=0 yaw=+0.0°/s
20:47:52 [INFO] [R0 T0 O0 D0 A0] f=0190 [INTERSECTION] edge_ratio=0.32 > 0.25 — would trigger
20:47:52 [WARNING] Frame 190: budget exceeded 115.7 ms (budget 66.7 ms)
20:47:52 [INFO] [R0 T0 O0 D0 A0] f=0190 TAGS=pole_misclassified(x3) wall_edge_detected(x2) dashed_reject_center(x1) offset=+0.4803 mode=two_boundary conf=0.51
20:47:52 [INFO] f=0190 t=115.7ms offset=+0.3898 head=+13.29° drive=go      stop_sign=F lane_mode=two_boundary imu_n=0 yaw=+0.0°/s
20:47:52 [INFO] [R0 T0 O0 D0 A0] f=0191 [INTERSECTION] edge_ratio=0.40 > 0.25 — would trigger
20:47:52 [WARNING] Frame 191: budget exceeded 73.7 ms (budget 66.7 ms)
20:47:52 [INFO] [R0 T0 O0 D0 A0] f=0191 TAGS=pole_misclassified(x7) wall_edge_detected(x3) dashed_reject_center(x1) offset=+0.0175 mode=two_boundary conf=0.53
20:47:52 [INFO] f=0191 t=73.7ms offset=+0.4195 head=+13.04° drive=go      stop_sign=F lane_mode=two_boundary imu_n=0 yaw=+0.0°/s
20:47:52 [INFO] [R0 T0 O0 D0 A0] f=0192 TAGS=pole_misclassified(x8) wall_edge_detected(x3) offset=-0.0861 mode=two_boundary conf=0.54
20:47:52 [INFO] f=0192 t=36.8ms offset=+0.4378 head=+13.08° drive=go      stop_sign=F lane_mode=two_boundary imu_n=0 yaw=+0.0°/s
20:47:52 [INFO] [R0 T0 O0 D0 A0] f=0193 [INTERSECTION] edge_ratio=0.31 > 0.25 — would trigger
20:47:52 [INFO] [R0 T0 O0 D0 A0] f=0193 TAGS=pole_misclassified(x5) wall_edge_detected(x3) dashed_reject_center(x1) offset=-0.0409 mode=two_boundary conf=0.53
20:47:52 [INFO] f=0193 t=17.0ms offset=+0.4618 head=+13.35° drive=go      stop_sign=F lane_mode=two_boundary imu_n=0 yaw=+0.0°/s
20:47:52 [INFO] [R0 T0 O0 D0 A0] f=0194 [INTERSECTION] edge_ratio=0.28 > 0.25 — would trigger
20:47:52 [INFO] [R0 T0 O0 D0 A0] f=0194 TAGS=pole_misclassified(x6) wall_edge_detected(x2) dashed_reject_center(x2) offset=-0.0838 mode=two_boundary conf=0.37
20:47:52 [INFO] f=0194 t=15.2ms offset=+0.4832 head=+13.75° drive=go      stop_sign=F lane_mode=two_boundary imu_n=0 yaw=+0.0°/s
20:47:52 [INFO] [R0 T0 O0 D0 A0] f=0195 TAGS=pole_misclassified(x5) wall_edge_detected(x2) dashed_reject_center(x1) offset=-0.0343 mode=two_boundary conf=0.58
20:47:52 [INFO] f=0195 t=11.8ms offset=+0.4504 head=+13.67° drive=go      stop_sign=F lane_mode=two_boundary imu_n=0 yaw=+0.0°/s
20:47:52 [INFO] [R0 T0 O0 D0 A0] f=0196 TAGS=pole_misclassified(x4) wall_edge_detected(x1) dashed_reject_center(x3) offset=-0.0754 mode=two_boundary conf=0.54
20:47:52 [INFO] f=0196 t=16.2ms offset=+0.4152 head=+13.24° drive=go      stop_sign=F lane_mode=two_boundary imu_n=0 yaw=+0.0°/s
20:47:52 [INFO] [R0 T0 O0 D0 A0] f=0197 TAGS=pole_misclassified(x6) wall_edge_detected(x1) dashed_reject_center(x3) offset=-0.1084 mode=two_boundary conf=0.42
20:47:52 [INFO] f=0197 t=22.3ms offset=+0.4472 head=+13.30° drive=go      stop_sign=F lane_mode=two_boundary imu_n=0 yaw=+0.0°/s
20:47:52 [INFO] [R0 T0 O0 D0 A0] f=0198 TAGS=pole_misclassified(x5) wall_edge_detected(x1) dashed_reject_center(x4) offset=-0.1099 mode=two_boundary conf=0.55
20:47:52 [INFO] f=0198 t=9.4ms offset=+0.4132 head=+12.99° drive=go      stop_sign=F lane_mode=two_boundary imu_n=0 yaw=+0.0°/s
20:47:52 [INFO] [R0 T0 O0 D0 A0] f=0199 TAGS=pole_misclassified(x8) wall_edge_detected(x1) dashed_reject_center(x4) offset=-0.1120 mode=two_boundary conf=0.53
20:47:52 [INFO] f=0199 t=16.3ms offset=+0.3938 head=+12.57° drive=go      stop_sign=F lane_mode=two_boundary imu_n=0 yaw=+0.0°/s
20:47:52 [INFO] [R0 T0 O0 D0 A0] f=0200 TAGS=pole_misclassified(x5) wall_edge_detected(x1) dashed_reject_center(x4) offset=+0.4518 mode=two_boundary conf=0.54
20:47:52 [INFO] f=0200 t=14.5ms offset=+0.4333 head=+12.72° drive=go      stop_sign=F lane_mode=two_boundary imu_n=0 yaw=+0.0°/s
20:47:52 [INFO] [R0 T0 O0 D0 A0] f=0201 TAGS=pole_misclassified(x6) wall_edge_detected(x1) dashed_reject_center(x2) offset=-0.1265 mode=two_boundary conf=0.54
20:47:52 [INFO] f=0201 t=10.0ms offset=+0.4527 head=+13.02° drive=go      stop_sign=F lane_mode=two_boundary imu_n=0 yaw=+0.0°/s
20:47:52 [INFO] [R0 T0 O0 D0 A0] f=0202 TAGS=pole_misclassified(x4) wall_edge_detected(x1) dashed_reject_center(x4) offset=-0.1258 mode=two_boundary conf=0.54
20:47:52 [INFO] f=0202 t=10.5ms offset=+0.4530 head=+13.22° drive=go      stop_sign=F lane_mode=two_boundary imu_n=0 yaw=+0.0°/s
20:47:52 [INFO] [R0 T0 O0 D0 A0] f=0203 TAGS=pole_misclassified(x3) wall_edge_detected(x1) dashed_reject_center(x3) offset=-0.1345 mode=two_boundary conf=0.54
20:47:52 [INFO] f=0203 t=16.8ms offset=+0.4601 head=+13.43° drive=go      stop_sign=F lane_mode=two_boundary imu_n=0 yaw=+0.0°/s
20:47:52 [INFO] [R0 T0 O0 D0 A0] f=0204 TAGS=pole_misclassified(x2) dashed_reject_center(x2) offset=-0.1082 mode=two_boundary conf=0.54
20:47:52 [INFO] f=0204 t=21.4ms offset=+0.4291 head=+13.23° drive=go      stop_sign=F lane_mode=two_boundary imu_n=0 yaw=+0.0°/s
20:47:52 [WARNING] Frame 205: budget exceeded 189.3 ms (budget 66.7 ms)
20:47:52 [INFO] [R0 T0 O0 D0 A0] f=0205 TAGS=pole_misclassified(x4) wall_edge_detected(x1) dashed_reject_center(x3) offset=+0.4029 mode=two_boundary conf=0.60
20:47:52 [INFO] f=0205 t=189.3ms offset=+0.4841 head=+13.68° drive=go      stop_sign=F lane_mode=two_boundary imu_n=0 yaw=+0.0°/s
20:47:52 [INFO] [R0 T0 O0 D0 A0] f=0206 TAGS=pole_misclassified(x2) wall_edge_detected(x1) dashed_reject_center(x4) offset=-0.0492 mode=two_boundary conf=0.55
20:47:52 [INFO] f=0206 t=54.5ms offset=+0.4371 head=+13.48° drive=go      stop_sign=F lane_mode=two_boundary imu_n=0 yaw=+0.0°/s
20:47:52 [INFO] [R0 T0 O0 D0 A0] f=0207 [INTERSECTION] edge_ratio=0.45 > 0.25 — would trigger
20:47:52 [INFO] [R0 T0 O0 D0 A0] f=0207 TAGS=pole_misclassified(x3) wall_edge_detected(x1) dashed_reject_center(x2) offset=-0.0309 mode=two_boundary conf=0.55
20:47:52 [INFO] f=0207 t=11.5ms offset=+0.4524 head=+13.52° drive=go      stop_sign=F lane_mode=two_boundary imu_n=0 yaw=+0.0°/s
20:47:52 [INFO] [R0 T0 O0 D0 A0] f=0208 [INTERSECTION] edge_ratio=0.54 > 0.25 — would trigger
20:47:52 [INFO] [R0 T0 O0 D0 A0] f=0208 TAGS=pole_misclassified(x2) dashed_reject_center(x2) offset=+0.0119 mode=two_boundary conf=0.55
20:47:52 [INFO] f=0208 t=13.0ms offset=+0.4777 head=+13.80° drive=go      stop_sign=F lane_mode=two_boundary imu_n=0 yaw=+0.0°/s
20:47:52 [INFO] [R0 T0 O0 D0 A0] f=0209 [INTERSECTION] edge_ratio=0.67 > 0.25 — would trigger
20:47:52 [INFO] [R0 T0 O0 D0 A0] f=0209 TAGS=pole_misclassified(x1) dashed_reject_center(x3) offset=+0.5323 mode=two_boundary conf=0.45
20:47:52 [INFO] f=0209 t=14.2ms offset=+0.4815 head=+14.03° drive=go      stop_sign=F lane_mode=two_boundary imu_n=0 yaw=+0.0°/s
20:47:52 [INFO] [R0 T0 O0 D0 A0] f=0210 [INTERSECTION] edge_ratio=0.86 > 0.25 — would trigger
20:47:52 [INFO] [R0 T0 O0 D0 A0] f=0210 TAGS=pole_misclassified(x1) dashed_reject_center(x3) offset=+0.0717 mode=two_boundary conf=0.61
20:47:52 [INFO] f=0210 t=18.3ms offset=+0.4661 head=+14.01° drive=go      stop_sign=F lane_mode=two_boundary imu_n=0 yaw=+0.0°/s
20:47:52 [INFO] [R0 T0 O0 D0 A0] f=0211 [INTERSECTION] edge_ratio=0.89 > 0.25 — would trigger
20:47:52 [INFO] [R0 T0 O0 D0 A0] f=0211 TAGS=pole_misclassified(x3) wall_edge_detected(x2) dashed_reject_center(x2) offset=-0.0359 mode=two_boundary conf=0.52
20:47:52 [INFO] f=0211 t=25.1ms offset=+0.4255 head=+13.57° drive=go      stop_sign=F lane_mode=two_boundary imu_n=0 yaw=+0.0°/s
20:47:52 [INFO] [R0 T0 O0 D0 A0] f=0212 [INTERSECTION] edge_ratio=1.08 > 0.25 — would trigger
20:47:52 [INFO] [R0 T0 O0 D0 A0] f=0212 TAGS=pole_misclassified(x1) wall_edge_detected(x1) dashed_reject_center(x5) offset=-0.0698 mode=two_boundary conf=0.58
20:47:52 [INFO] f=0212 t=12.1ms offset=+0.4415 head=+13.46° drive=go      stop_sign=F lane_mode=two_boundary imu_n=0 yaw=+0.0°/s
20:47:52 [INFO] [R0 T0 O0 D0 A0] f=0213 [INTERSECTION] edge_ratio=0.87 > 0.25 — would trigger
20:47:52 [INFO] [R0 T0 O0 D0 A0] f=0213 TAGS=pole_misclassified(x5) wall_edge_detected(x3) dashed_reject_center(x5) offset=-0.0394 mode=two_boundary conf=0.57
20:47:52 [INFO] f=0213 t=9.3ms offset=+0.4720 head=+13.71° drive=go      stop_sign=F lane_mode=two_boundary imu_n=0 yaw=+0.0°/s
20:47:52 [INFO] [R0 T0 O0 D0 A0] f=0214 [INTERSECTION] edge_ratio=0.84 > 0.25 — would trigger
20:47:52 [INFO] [R0 T0 O0 D0 A0] f=0214 TAGS=pole_misclassified(x2) wall_edge_detected(x2) dashed_reject_center(x5) offset=+0.0307 mode=two_boundary conf=0.55
20:47:52 [INFO] f=0214 t=14.1ms offset=+0.4714 head=+13.86° drive=go      stop_sign=F lane_mode=two_boundary imu_n=0 yaw=+0.0°/s
20:47:52 [INFO] [R0 T0 O0 D0 A0] f=0215 [INTERSECTION] edge_ratio=0.96 > 0.25 — would trigger
20:47:52 [INFO] [R0 T0 O0 D0 A0] f=0215 TAGS=pole_misclassified(x3) wall_edge_detected(x3) dashed_reject_center(x7) offset=+0.0564 mode=two_boundary conf=0.63
20:47:52 [INFO] f=0215 t=12.2ms offset=+0.4401 head=+13.63° drive=go      stop_sign=F lane_mode=two_boundary imu_n=0 yaw=+0.0°/s
20:47:52 [INFO] [R0 T0 O0 D0 A0] f=0216 [INTERSECTION] edge_ratio=0.90 > 0.25 — would trigger
20:47:52 [INFO] [R0 T0 O0 D0 A0] f=0216 TAGS=pole_misclassified(x2) wall_edge_detected(x2) dashed_reject_center(x8) offset=-0.0433 mode=two_boundary conf=0.58
20:47:52 [INFO] f=0216 t=10.9ms offset=+0.4096 head=+13.16° drive=go      stop_sign=F lane_mode=two_boundary imu_n=0 yaw=+0.0°/s
20:47:53 [INFO] [R0 T0 O0 D0 A0] f=0217 [INTERSECTION] edge_ratio=1.02 > 0.25 — would trigger
20:47:53 [WARNING] Frame 217: budget exceeded 221.6 ms (budget 66.7 ms)
20:47:53 [INFO] [R0 T0 O0 D0 A0] f=0217 TAGS=pole_misclassified(x3) wall_edge_detected(x2) dashed_reject_center(x4) offset=-0.0368 mode=two_boundary conf=0.58
20:47:53 [INFO] f=0217 t=221.6ms offset=+0.3899 head=+12.65° drive=go      stop_sign=F lane_mode=two_boundary imu_n=0 yaw=+0.0°/s
20:47:53 [INFO] [R0 T0 O0 D0 A0] f=0218 [INTERSECTION] edge_ratio=0.95 > 0.25 — would trigger
20:47:53 [WARNING] Frame 218: budget exceeded 86.5 ms (budget 66.7 ms)
20:47:53 [INFO] [R0 T0 O0 D0 A0] f=0218 TAGS=pole_misclassified(x5) wall_edge_detected(x3) dashed_reject_center(x5) offset=-0.0368 mode=two_boundary conf=0.58
20:47:53 [INFO] f=0218 t=86.5ms offset=+0.4010 head=+12.43° drive=go      stop_sign=F lane_mode=two_boundary imu_n=0 yaw=+0.0°/s
20:47:53 [INFO] [R0 T0 O0 D0 A0] f=0219 [INTERSECTION] edge_ratio=0.79 > 0.25 — would trigger
20:47:53 [INFO] [R0 T0 O0 D0 A0] f=0219 TAGS=pole_misclassified(x4) wall_edge_detected(x3) dashed_reject_center(x5) offset=-0.0328 mode=two_boundary conf=0.59
20:47:53 [INFO] f=0219 t=16.9ms offset=+0.4249 head=+12.54° drive=go      stop_sign=F lane_mode=two_boundary imu_n=0 yaw=+0.0°/s
20:47:53 [INFO] [R0 T0 O0 D0 A0] f=0220 [INTERSECTION] edge_ratio=0.66 > 0.25 — would trigger
20:47:53 [INFO] [R0 T0 O0 D0 A0] f=0220 TAGS=dashed_reject_center(x7) offset=-0.0885 mode=two_boundary conf=0.61
20:47:53 [INFO] f=0220 t=8.7ms offset=+0.4414 head=+12.79° drive=go      stop_sign=F lane_mode=two_boundary imu_n=0 yaw=+0.0°/s
20:47:53 [INFO] [R0 T0 O0 D0 A0] f=0221 [INTERSECTION] edge_ratio=0.48 > 0.25 — would trigger
20:47:53 [INFO] [R0 T0 O0 D0 A0] f=0221 TAGS=pole_misclassified(x3) wall_edge_detected(x2) dashed_reject_center(x7) offset=-0.0470 mode=two_boundary conf=0.59
20:47:53 [INFO] f=0221 t=23.5ms offset=+0.3438 head=+11.92° drive=go      stop_sign=F lane_mode=two_boundary imu_n=0 yaw=+0.0°/s
20:47:53 [INFO] [R0 T0 O0 D0 A0] f=0222 [INTERSECTION] edge_ratio=0.56 > 0.25 — would trigger
20:47:53 [INFO] [R0 T0 O0 D0 A0] f=0222 TAGS=pole_misclassified(x3) wall_edge_detected(x2) dashed_reject_center(x5) offset=+0.3046 mode=two_boundary conf=0.43
20:47:53 [INFO] f=0222 t=20.5ms offset=+0.3766 head=+11.70° drive=go      stop_sign=F lane_mode=two_boundary imu_n=0 yaw=+0.0°/s
20:47:53 [INFO] [R0 T0 O0 D0 A0] f=0223 [INTERSECTION] edge_ratio=0.64 > 0.25 — would trigger
20:47:53 [INFO] [R0 T0 O0 D0 A0] f=0223 TAGS=pole_misclassified(x4) wall_edge_detected(x2) dashed_reject_center(x4) offset=-0.0354 mode=two_boundary conf=0.60
20:47:53 [INFO] f=0223 t=14.7ms offset=+0.4643 head=+12.48° drive=go      stop_sign=F lane_mode=two_boundary imu_n=0 yaw=+0.0°/s
20:47:53 [INFO] [R0 T0 O0 D0 A0] f=0224 [INTERSECTION] edge_ratio=0.43 > 0.25 — would trigger
20:47:53 [INFO] [R0 T0 O0 D0 A0] f=0224 TAGS=pole_misclassified(x3) wall_edge_detected(x1) dashed_reject_center(x5) offset=+0.0657 mode=two_boundary conf=0.55
20:47:53 [INFO] f=0224 t=10.1ms offset=+0.5279 head=+13.66° drive=go      stop_sign=F lane_mode=two_boundary imu_n=0 yaw=+0.0°/s
20:47:53 [INFO] [R0 T0 O0 D0 A0] f=0225 [INTERSECTION] edge_ratio=0.36 > 0.25 — would trigger
20:47:53 [INFO] [R0 T0 O0 D0 A0] f=0225 TAGS=pole_misclassified(x2) wall_edge_detected(x1) dashed_reject_center(x6) offset=-0.0051 mode=two_boundary conf=0.60
20:47:53 [INFO] f=0225 t=10.7ms offset=+0.5598 head=+14.76° drive=go      stop_sign=F lane_mode=two_boundary imu_n=0 yaw=+0.0°/s
20:47:53 [INFO] [R0 T0 O0 D0 A0] f=0226 TAGS=pole_misclassified(x3) wall_edge_detected(x2) dashed_reject_center(x7) offset=-0.0248 mode=two_boundary conf=0.52
20:47:53 [INFO] f=0226 t=19.0ms offset=+0.5598 head=+14.76° drive=go      stop_sign=F lane_mode=two_boundary imu_n=0 yaw=+0.0°/s
20:47:53 [INFO] [R0 T0 O0 D0 A0] f=0227 TAGS=pole_misclassified(x1) wall_edge_detected(x1) dashed_reject_center(x9) offset=-0.0364 mode=two_boundary conf=0.56
20:47:53 [INFO] f=0227 t=13.1ms offset=+0.5606 head=+15.48° drive=go      stop_sign=F lane_mode=two_boundary imu_n=0 yaw=+0.0°/s
20:47:53 [INFO] [R0 T0 O0 D0 A0] f=0228 [INTERSECTION] edge_ratio=0.27 > 0.25 — would trigger
20:47:53 [INFO] [R0 T0 O0 D0 A0] f=0228 TAGS=pole_misclassified(x2) dashed_reject_center(x8) offset=-0.0570 mode=two_boundary conf=0.61
20:47:53 [INFO] f=0228 t=14.7ms offset=+0.5511 head=+15.85° drive=go      stop_sign=F lane_mode=two_boundary imu_n=0 yaw=+0.0°/s
20:47:53 [INFO] [R0 T0 O0 D0 A0] f=0229 [INTERSECTION] edge_ratio=0.29 > 0.25 — would trigger
20:47:53 [INFO] [R0 T0 O0 D0 A0] f=0229 TAGS=pole_misclassified(x3) wall_edge_detected(x1) dashed_reject_center(x9) offset=-0.0657 mode=two_boundary conf=0.61
20:47:53 [INFO] f=0229 t=15.4ms offset=+0.5375 head=+15.94° drive=go      stop_sign=F lane_mode=two_boundary imu_n=0 yaw=+0.0°/s
20:47:53 [INFO] [R0 T0 O0 D0 A0] f=0230 [INTERSECTION] edge_ratio=0.33 > 0.25 — would trigger
20:47:53 [INFO] [R0 T0 O0 D0 A0] f=0230 TAGS=pole_misclassified(x1) wall_edge_detected(x1) dashed_reject_center(x8) offset=-0.0591 mode=two_boundary conf=0.63
20:47:53 [INFO] f=0230 t=16.0ms offset=+0.5633 head=+16.28° drive=go      stop_sign=F lane_mode=two_boundary imu_n=0 yaw=+0.0°/s
20:47:53 [INFO] [R0 T0 O0 D0 A0] f=0231 [INTERSECTION] edge_ratio=0.33 > 0.25 — would trigger
20:47:53 [INFO] [R0 T0 O0 D0 A0] f=0231 TAGS=pole_misclassified(x2) dashed_reject_center(x7) offset=-0.0271 mode=two_boundary conf=0.63
20:47:53 [INFO] f=0231 t=15.5ms offset=+0.5835 head=+16.71° drive=go      stop_sign=F lane_mode=two_boundary imu_n=0 yaw=+0.0°/s
20:47:53 [INFO] [R0 T0 O0 D0 A0] f=0232 [INTERSECTION] edge_ratio=0.34 > 0.25 — would trigger
20:47:53 [INFO] [R0 T0 O0 D0 A0] f=0232 TAGS=dashed_reject_center(x8) offset=-0.1848 mode=two_boundary conf=0.54
20:47:53 [INFO] f=0232 t=20.1ms offset=+0.5835 head=+16.71° drive=go      stop_sign=F lane_mode=two_boundary imu_n=0 yaw=+0.0°/s
20:47:53 [INFO] [R0 T0 O0 D0 A0] f=0233 [INTERSECTION] edge_ratio=0.28 > 0.25 — would trigger
20:47:53 [INFO] [R0 T0 O0 D0 A0] f=0233 TAGS=pole_misclassified(x2) dashed_reject_center(x9) offset=+0.0342 mode=two_boundary conf=0.58
20:47:53 [INFO] f=0233 t=19.3ms offset=+0.5952 head=+17.11° drive=go      stop_sign=F lane_mode=two_boundary imu_n=0 yaw=+0.0°/s
20:47:53 [INFO] [R0 T0 O0 D0 A0] f=0234 TAGS=pole_misclassified(x3) wall_edge_detected(x1) dashed_reject_center(x7) offset=+0.1557 mode=two_boundary conf=0.55
20:47:53 [INFO] f=0234 t=13.9ms offset=+0.5096 head=+16.47° drive=go      stop_sign=F lane_mode=two_boundary imu_n=0 yaw=+0.0°/s
20:47:53 [INFO] [R0 T0 O0 D0 A0] f=0235 TAGS=pole_misclassified(x4) wall_edge_detected(x2) dashed_reject_center(x3) offset=-0.0809 mode=two_boundary conf=0.60
20:47:53 [INFO] f=0235 t=10.3ms offset=+0.5410 head=+16.39° drive=go      stop_sign=F lane_mode=two_boundary imu_n=0 yaw=+0.0°/s
20:47:53 [INFO] [R0 T0 O0 D0 A0] f=0236 TAGS=pole_misclassified(x1) wall_edge_detected(x1) dashed_reject_center(x7) offset=-0.0767 mode=two_boundary conf=0.60
20:47:53 [INFO] f=0236 t=17.9ms offset=+0.5572 head=+16.50° drive=go      stop_sign=F lane_mode=two_boundary imu_n=0 yaw=+0.0°/s
20:47:53 [INFO] [R0 T0 O0 D0 A0] f=0237 TAGS=pole_misclassified(x3) wall_edge_detected(x2) dashed_reject_center(x6) offset=+0.0496 mode=two_boundary conf=0.52
20:47:53 [INFO] f=0237 t=24.5ms offset=+0.5557 head=+16.56° drive=go      stop_sign=F lane_mode=two_boundary imu_n=0 yaw=+0.0°/s
20:47:53 [INFO] [R0 T0 O0 D0 A0] f=0238 TAGS=pole_misclassified(x5) wall_edge_detected(x3) dashed_reject_center(x6) offset=-0.1060 mode=two_boundary conf=0.62
20:47:53 [INFO] f=0238 t=8.9ms offset=+0.5557 head=+16.56° drive=go      stop_sign=F lane_mode=two_boundary imu_n=0 yaw=+0.0°/s
20:47:53 [INFO] [R0 T0 O0 D0 A0] f=0239 TAGS=pole_misclassified(x2) wall_edge_detected(x2) dashed_reject_center(x9) offset=-0.1105 mode=two_boundary conf=0.62
20:47:53 [INFO] f=0239 t=14.2ms offset=+0.5428 head=+16.46° drive=go      stop_sign=F lane_mode=two_boundary imu_n=0 yaw=+0.0°/s
20:47:53 [INFO] [R0 T0 O0 D0 A0] f=0240 TAGS=pole_misclassified(x4) wall_edge_detected(x3) dashed_reject_center(x6) offset=-0.0925 mode=two_boundary conf=0.61
20:47:53 [INFO] f=0240 t=10.2ms offset=+0.5301 head=+16.27° drive=go      stop_sign=F lane_mode=two_boundary imu_n=0 yaw=+0.0°/s
20:47:53 [INFO] [R0 T0 O0 D0 A0] f=0241 [INTERSECTION] edge_ratio=0.25 > 0.25 — would trigger
20:47:53 [WARNING] Frame 241: budget exceeded 215.4 ms (budget 66.7 ms)
20:47:53 [INFO] [R0 T0 O0 D0 A0] f=0241 TAGS=pole_misclassified(x3) wall_edge_detected(x1) dashed_reject_center(x10) offset=-0.1525 mode=two_boundary conf=0.51
20:47:53 [INFO] f=0241 t=215.4ms offset=+0.4637 head=+15.44° drive=go      stop_sign=F lane_mode=two_boundary imu_n=0 yaw=+0.0°/s
20:47:53 [INFO] [R0 T0 O0 D0 A0] f=0242 [INTERSECTION] edge_ratio=0.27 > 0.25 — would trigger
20:47:53 [INFO] [R0 T0 O0 D0 A0] f=0242 TAGS=pole_misclassified(x4) wall_edge_detected(x2) dashed_reject_center(x6) offset=-0.0936 mode=two_boundary conf=0.57
20:47:53 [INFO] f=0242 t=56.4ms offset=+0.5071 head=+15.36° drive=go      stop_sign=F lane_mode=two_boundary imu_n=0 yaw=+0.0°/s
20:47:53 [INFO] [R0 T0 O0 D0 A0] f=0243 [INTERSECTION] edge_ratio=0.27 > 0.25 — would trigger
20:47:53 [INFO] [R0 T0 O0 D0 A0] f=0243 TAGS=pole_misclassified(x5) wall_edge_detected(x3) dashed_reject_center(x8) offset=-0.0216 mode=two_boundary conf=0.58
20:47:53 [INFO] f=0243 t=16.5ms offset=+0.5363 head=+15.62° drive=go      stop_sign=F lane_mode=two_boundary imu_n=0 yaw=+0.0°/s
20:47:53 [INFO] [R0 T0 O0 D0 A0] f=0244 [INTERSECTION] edge_ratio=0.27 > 0.25 — would trigger
20:47:53 [INFO] [R0 T0 O0 D0 A0] f=0244 TAGS=pole_misclassified(x5) wall_edge_detected(x2) dashed_reject_center(x8) offset=-0.1242 mode=two_boundary conf=0.62
20:47:53 [INFO] f=0244 t=13.0ms offset=+0.5445 head=+15.87° drive=go      stop_sign=F lane_mode=two_boundary imu_n=0 yaw=+0.0°/s
20:47:53 [INFO] [R0 T0 O0 D0 A0] f=0245 [INTERSECTION] edge_ratio=0.28 > 0.25 — would trigger
20:47:53 [INFO] [R0 T0 O0 D0 A0] f=0245 TAGS=pole_misclassified(x5) wall_edge_detected(x2) dashed_reject_center(x8) offset=-0.1106 mode=two_boundary conf=0.63
20:47:53 [INFO] f=0245 t=23.9ms offset=+0.5647 head=+16.24° drive=go      stop_sign=F lane_mode=two_boundary imu_n=0 yaw=+0.0°/s
20:47:54 [INFO] [R0 T0 O0 D0 A0] f=0246 [INTERSECTION] edge_ratio=0.31 > 0.25 — would trigger
20:47:54 [INFO] [R0 T0 O0 D0 A0] f=0246 TAGS=dashed_reject_center(x9) offset=-0.1016 mode=two_boundary conf=0.57
20:47:54 [INFO] f=0246 t=15.8ms offset=+0.5625 head=+16.46° drive=go      stop_sign=F lane_mode=two_boundary imu_n=0 yaw=+0.0°/s
20:47:54 [INFO] [R0 T0 O0 D0 A0] f=0247 [INTERSECTION] edge_ratio=0.30 > 0.25 — would trigger
20:47:54 [INFO] [R0 T0 O0 D0 A0] f=0247 TAGS=pole_misclassified(x2) dashed_reject_center(x9) offset=+0.0235 mode=two_boundary conf=0.59
20:47:54 [INFO] f=0247 t=16.2ms offset=+0.5922 head=+16.92° drive=go      stop_sign=F lane_mode=two_boundary imu_n=0 yaw=+0.0°/s
20:47:54 [INFO] [R0 T0 O0 D0 A0] f=0248 [INTERSECTION] edge_ratio=0.32 > 0.25 — would trigger
20:47:54 [INFO] [R0 T0 O0 D0 A0] f=0248 TAGS=pole_misclassified(x1) wall_edge_detected(x1) dashed_reject_center(x7) offset=-0.0731 mode=two_boundary conf=0.61
20:47:54 [INFO] f=0248 t=16.9ms offset=+0.6013 head=+17.31° drive=go      stop_sign=F lane_mode=two_boundary imu_n=0 yaw=+0.0°/s
20:47:54 [INFO] [R0 T0 O0 D0 A0] f=0249 [INTERSECTION] edge_ratio=0.32 > 0.25 — would trigger
20:47:54 [INFO] [R0 T0 O0 D0 A0] f=0249 TAGS=dashed_reject_center(x9) offset=-0.0721 mode=two_boundary conf=0.61
20:47:54 [INFO] f=0249 t=15.0ms offset=+0.6017 head=+17.57° drive=go      stop_sign=F lane_mode=two_boundary imu_n=0 yaw=+0.0°/s
20:47:54 [INFO] [R0 T0 O0 D0 A0] f=0250 [INTERSECTION] edge_ratio=0.30 > 0.25 — would trigger
20:47:54 [INFO] [R0 T0 O0 D0 A0] f=0250 TAGS=pole_misclassified(x3) wall_edge_detected(x1) dashed_reject_center(x9) offset=-0.0594 mode=two_boundary conf=0.61
20:47:54 [INFO] f=0250 t=11.3ms offset=+0.6007 head=+17.73° drive=go      stop_sign=F lane_mode=two_boundary imu_n=0 yaw=+0.0°/s
20:47:54 [INFO] [R0 T0 O0 D0 A0] f=0251 [INTERSECTION] edge_ratio=0.31 > 0.25 — would trigger
20:47:54 [INFO] [R0 T0 O0 D0 A0] f=0251 TAGS=pole_misclassified(x3) wall_edge_detected(x1) dashed_reject_center(x5) offset=-0.0507 mode=two_boundary conf=0.61
20:47:54 [INFO] f=0251 t=13.2ms offset=+0.5747 head=+17.56° drive=go      stop_sign=F lane_mode=two_boundary imu_n=0 yaw=+0.0°/s
20:47:54 [INFO] [R0 T0 O0 D0 A0] f=0252 [INTERSECTION] edge_ratio=0.28 > 0.25 — would trigger
20:47:54 [INFO] [R0 T0 O0 D0 A0] f=0252 TAGS=pole_misclassified(x6) wall_edge_detected(x2) dashed_reject_center(x7) offset=-0.1608 mode=two_boundary conf=0.66
20:47:54 [INFO] f=0252 t=20.8ms offset=+0.4791 head=+16.44° drive=go      stop_sign=F lane_mode=two_boundary imu_n=0 yaw=+0.0°/s
20:47:54 [INFO] [R0 T0 O0 D0 A0] f=0253 [INTERSECTION] edge_ratio=0.27 > 0.25 — would trigger
20:47:54 [INFO] [R0 T0 O0 D0 A0] f=0253 TAGS=pole_misclassified(x4) wall_edge_detected(x3) dashed_reject_center(x7) offset=-0.0494 mode=two_boundary conf=0.65
20:47:54 [INFO] f=0253 t=16.1ms offset=+0.4436 head=+15.35° drive=go      stop_sign=F lane_mode=two_boundary imu_n=0 yaw=+0.0°/s
20:47:54 [INFO] [R0 T0 O0 D0 A0] f=0254 TAGS=pole_misclassified(x1) wall_edge_detected(x1) dashed_reject_center(x6) offset=-0.0393 mode=two_boundary conf=0.60
20:47:54 [INFO] f=0254 t=13.3ms offset=+0.5106 head=+15.34° drive=go      stop_sign=F lane_mode=two_boundary imu_n=0 yaw=+0.0°/s
20:47:54 [INFO] [R0 T0 O0 D0 A0] f=0255 TAGS=pole_misclassified(x4) wall_edge_detected(x2) dashed_reject_center(x6) offset=-0.0357 mode=two_boundary conf=0.51
20:47:54 [INFO] f=0255 t=24.2ms offset=+0.3904 head=+14.07° drive=go      stop_sign=F lane_mode=two_boundary imu_n=0 yaw=+0.0°/s
20:47:54 [INFO] [R0 T0 O0 D0 A0] f=0256 TAGS=pole_misclassified(x3) wall_edge_detected(x3) dashed_reject_center(x5) offset=-0.0380 mode=two_boundary conf=0.60
20:47:54 [INFO] f=0256 t=11.1ms offset=+0.3252 head=+12.56° drive=go      stop_sign=F lane_mode=two_boundary imu_n=0 yaw=+0.0°/s
20:47:54 [INFO] [R0 T0 O0 D0 A0] f=0257 TAGS=pole_misclassified(x7) wall_edge_detected(x5) dashed_reject_center(x3) offset=+0.0117 mode=two_boundary conf=0.61
20:47:54 [INFO] f=0257 t=10.8ms offset=+0.3452 head=+11.79° drive=go      stop_sign=F lane_mode=two_boundary imu_n=0 yaw=+0.0°/s
20:47:54 [INFO] [R0 T0 O0 D0 A0] f=0258 TAGS=pole_misclassified(x2) wall_edge_detected(x2) dashed_reject_center(x4) offset=+0.0129 mode=two_boundary conf=0.61
20:47:54 [INFO] f=0258 t=21.9ms offset=+0.4474 head=+12.36° drive=go      stop_sign=F lane_mode=two_boundary imu_n=0 yaw=+0.0°/s
20:47:54 [INFO] [R0 T0 O0 D0 A0] f=0259 TAGS=pole_misclassified(x6) wall_edge_detected(x5) dashed_reject_center(x7) offset=+0.0175 mode=two_boundary conf=0.61
20:47:54 [INFO] f=0259 t=10.7ms offset=+0.3401 head=+11.61° drive=go      stop_sign=F lane_mode=two_boundary imu_n=0 yaw=+0.0°/s
20:47:54 [INFO] [R0 T0 O0 D0 A0] f=0260 TAGS=pole_misclassified(x5) wall_edge_detected(x5) dashed_reject_center(x6) offset=+0.0140 mode=two_boundary conf=0.61
20:47:54 [INFO] f=0260 t=8.9ms offset=+0.3600 head=+11.32° drive=go      stop_sign=F lane_mode=two_boundary imu_n=0 yaw=+0.0°/s
20:47:54 [INFO] [R0 T0 O0 D0 A0] f=0261 TAGS=pole_misclassified(x3) wall_edge_detected(x3) dashed_reject_center(x5) offset=+0.0116 mode=two_boundary conf=0.61
20:47:54 [INFO] f=0261 t=13.4ms offset=+0.4620 head=+12.21° drive=go      stop_sign=F lane_mode=two_boundary imu_n=0 yaw=+0.0°/s
20:47:54 [INFO] [R0 T0 O0 D0 A0] f=0262 TAGS=pole_misclassified(x4) wall_edge_detected(x3) dashed_reject_center(x5) offset=+0.0163 mode=two_boundary conf=0.61
20:47:54 [INFO] f=0262 t=18.4ms offset=+0.4870 head=+13.05° drive=go      stop_sign=F lane_mode=two_boundary imu_n=0 yaw=+0.0°/s
20:47:54 [INFO] [R0 T0 O0 D0 A0] f=0263 TAGS=pole_misclassified(x4) wall_edge_detected(x4) dashed_reject_center(x6) offset=+0.0184 mode=two_boundary conf=0.61
20:47:54 [INFO] f=0263 t=11.3ms offset=+0.4750 head=+13.47° drive=go      stop_sign=F lane_mode=two_boundary imu_n=0 yaw=+0.0°/s
20:47:54 [INFO] [R0 T0 O0 D0 A0] f=0264 TAGS=pole_misclassified(x1) wall_edge_detected(x1) dashed_reject_center(x4) offset=+0.0196 mode=two_boundary conf=0.61
20:47:54 [INFO] f=0264 t=12.7ms offset=+0.5315 head=+14.34° drive=go      stop_sign=F lane_mode=two_boundary imu_n=0 yaw=+0.0°/s
20:47:54 [INFO] [R0 T0 O0 D0 A0] f=0265 TAGS=pole_misclassified(x5) wall_edge_detected(x4) dashed_reject_center(x6) offset=+0.0207 mode=two_boundary conf=0.61
20:47:54 [INFO] f=0265 t=19.8ms offset=+0.4756 head=+14.31° drive=go      stop_sign=F lane_mode=two_boundary imu_n=0 yaw=+0.0°/s
20:47:54 [INFO] [R0 T0 O0 D0 A0] f=0266 TAGS=pole_misclassified(x1) wall_edge_detected(x1) dashed_reject_center(x7) offset=+0.0264 mode=two_boundary conf=0.61
20:47:54 [INFO] f=0266 t=8.7ms offset=+0.5322 head=+14.89° drive=go      stop_sign=F lane_mode=two_boundary imu_n=0 yaw=+0.0°/s
20:47:54 [INFO] [R0 T0 O0 D0 A0] f=0267 TAGS=pole_misclassified(x3) wall_edge_detected(x3) dashed_reject_center(x4) offset=+0.0321 mode=two_boundary conf=0.61
20:47:54 [INFO] f=0267 t=15.6ms offset=+0.5336 head=+15.28° drive=go      stop_sign=F lane_mode=two_boundary imu_n=0 yaw=+0.0°/s
20:47:54 [INFO] [R0 T0 O0 D0 A0] f=0268 TAGS=pole_misclassified(x4) wall_edge_detected(x3) dashed_reject_center(x6) offset=+0.0298 mode=two_boundary conf=0.61
20:47:54 [INFO] f=0268 t=13.8ms offset=+0.4973 head=+15.15° drive=go      stop_sign=F lane_mode=two_boundary imu_n=0 yaw=+0.0°/s
20:47:54 [INFO] [R0 T0 O0 D0 A0] f=0269 TAGS=pole_misclassified(x2) wall_edge_detected(x1) dashed_reject_center(x8) offset=+0.0228 mode=two_boundary conf=0.61
20:47:54 [INFO] f=0269 t=20.0ms offset=+0.5501 head=+15.63° drive=go      stop_sign=F lane_mode=two_boundary imu_n=0 yaw=+0.0°/s
20:47:54 [INFO] [R0 T0 O0 D0 A0] f=0270 TAGS=pole_misclassified(x4) wall_edge_detected(x3) dashed_reject_center(x6) offset=+0.0136 mode=two_boundary conf=0.61
20:47:54 [INFO] f=0270 t=11.4ms offset=+0.5137 head=+15.55° drive=go      stop_sign=F lane_mode=two_boundary imu_n=0 yaw=+0.0°/s
20:47:54 [INFO] [R0 T0 O0 D0 A0] f=0271 TAGS=pole_misclassified(x4) wall_edge_detected(x2) dashed_reject_center(x5) offset=+0.0159 mode=two_boundary conf=0.61
20:47:54 [INFO] f=0271 t=19.6ms offset=+0.4968 head=+15.32° drive=go      stop_sign=F lane_mode=two_boundary imu_n=0 yaw=+0.0°/s
20:47:54 [INFO] [R0 T0 O0 D0 A0] f=0272 TAGS=pole_misclassified(x4) wall_edge_detected(x3) dashed_reject_center(x5) offset=+0.0170 mode=two_boundary conf=0.61
20:47:54 [INFO] f=0272 t=8.6ms offset=+0.4681 head=+14.88° drive=go      stop_sign=F lane_mode=two_boundary imu_n=0 yaw=+0.0°/s
20:47:54 [INFO] [R0 T0 O0 D0 A0] f=0273 TAGS=pole_misclassified(x5) wall_edge_detected(x5) dashed_reject_center(x6) offset=+0.0248 mode=two_boundary conf=0.62
20:47:54 [INFO] f=0273 t=22.9ms offset=+0.4721 head=+14.63° drive=go      stop_sign=F lane_mode=two_boundary imu_n=0 yaw=+0.0°/s
20:47:54 [INFO] [R0 T0 O0 D0 A0] f=0274 TAGS=pole_misclassified(x1) dashed_reject_center(x7) offset=+0.0214 mode=two_boundary conf=0.62
20:47:54 [INFO] f=0274 t=8.7ms offset=+0.5303 head=+15.07° drive=go      stop_sign=F lane_mode=two_boundary imu_n=0 yaw=+0.0°/s
20:47:54 [INFO] [R0 T0 O0 D0 A0] f=0275 [INTERSECTION] edge_ratio=0.33 > 0.25 — would trigger
20:47:54 [INFO] [R0 T0 O0 D0 A0] f=0275 TAGS=pole_misclassified(x5) wall_edge_detected(x2) dashed_reject_center(x7) offset=+0.0236 mode=two_boundary conf=0.62
20:47:54 [INFO] f=0275 t=8.8ms offset=+0.5178 head=+15.24° drive=go      stop_sign=F lane_mode=two_boundary imu_n=0 yaw=+0.0°/s
20:47:54 [INFO] [R0 T0 O0 D0 A0] f=0276 [INTERSECTION] edge_ratio=0.31 > 0.25 — would trigger
20:47:54 [INFO] [R0 T0 O0 D0 A0] f=0276 TAGS=pole_misclassified(x2) wall_edge_detected(x2) dashed_reject_center(x8) offset=+0.0291 mode=two_boundary conf=0.63
20:47:54 [INFO] f=0276 t=15.4ms offset=+0.5616 head=+15.80° drive=go      stop_sign=F lane_mode=two_boundary imu_n=0 yaw=+0.0°/s
20:47:54 [INFO] [R0 T0 O0 D0 A0] f=0277 [INTERSECTION] edge_ratio=0.34 > 0.25 — would trigger
20:47:54 [INFO] [R0 T0 O0 D0 A0] f=0277 TAGS=pole_misclassified(x5) wall_edge_detected(x2) dashed_reject_center(x6) offset=+0.0324 mode=two_boundary conf=0.63
20:47:54 [INFO] f=0277 t=11.0ms offset=+0.5257 head=+15.79° drive=go      stop_sign=F lane_mode=two_boundary imu_n=0 yaw=+0.0°/s
20:47:54 [INFO] [R0 T0 O0 D0 A0] f=0278 [INTERSECTION] edge_ratio=0.34 > 0.25 — would trigger
20:47:54 [INFO] [R0 T0 O0 D0 A0] f=0278 TAGS=pole_misclassified(x3) wall_edge_detected(x2) dashed_reject_center(x7) offset=+0.0346 mode=two_boundary conf=0.63
20:47:54 [INFO] f=0278 t=19.3ms offset=+0.5566 head=+16.11° drive=go      stop_sign=F lane_mode=two_boundary imu_n=0 yaw=+0.0°/s
20:47:54 [INFO] [R0 T0 O0 D0 A0] f=0279 [INTERSECTION] edge_ratio=0.39 > 0.25 — would trigger
20:47:54 [INFO] [R0 T0 O0 D0 A0] f=0279 TAGS=pole_misclassified(x4) wall_edge_detected(x2) dashed_reject_center(x7) offset=-0.0386 mode=two_boundary conf=0.62
20:47:54 [INFO] f=0279 t=19.0ms offset=+0.5858 head=+16.62° drive=go      stop_sign=F lane_mode=two_boundary imu_n=0 yaw=+0.0°/s
20:47:54 [INFO] [R0 T0 O0 D0 A0] f=0280 [INTERSECTION] edge_ratio=0.40 > 0.25 — would trigger
20:47:54 [INFO] [R0 T0 O0 D0 A0] f=0280 TAGS=pole_misclassified(x2) wall_edge_detected(x1) dashed_reject_center(x6) offset=-0.0350 mode=two_boundary conf=0.62
20:47:54 [INFO] f=0280 t=10.5ms offset=+0.5152 head=+16.21° drive=go      stop_sign=F lane_mode=two_boundary imu_n=0 yaw=+0.0°/s
20:47:54 [INFO] [R0 T0 O0 D0 A0] f=0281 [INTERSECTION] edge_ratio=0.34 > 0.25 — would trigger
20:47:54 [INFO] [R0 T0 O0 D0 A0] f=0281 TAGS=pole_misclassified(x3) wall_edge_detected(x2) dashed_reject_center(x5) offset=+0.0070 mode=two_boundary conf=0.65
20:47:54 [INFO] f=0281 t=12.1ms offset=+0.5001 head=+15.79° drive=go      stop_sign=F lane_mode=two_boundary imu_n=0 yaw=+0.0°/s
20:47:54 [INFO] [R0 T0 O0 D0 A0] f=0282 [INTERSECTION] edge_ratio=0.33 > 0.25 — would trigger
20:47:54 [INFO] [R0 T0 O0 D0 A0] f=0282 TAGS=pole_misclassified(x5) wall_edge_detected(x3) dashed_reject_center(x4) offset=+0.0127 mode=two_boundary conf=0.65
20:47:54 [INFO] f=0282 t=9.6ms offset=+0.5091 head=+15.61° drive=go      stop_sign=F lane_mode=two_boundary imu_n=0 yaw=+0.0°/s
20:47:54 [INFO] [R0 T0 O0 D0 A0] f=0283 [INTERSECTION] edge_ratio=0.31 > 0.25 — would trigger
20:47:54 [INFO] [R0 T0 O0 D0 A0] f=0283 TAGS=pole_misclassified(x5) wall_edge_detected(x2) dashed_reject_center(x5) offset=+0.0127 mode=two_boundary conf=0.65
20:47:54 [INFO] f=0283 t=18.4ms offset=+0.4375 head=+14.74° drive=go      stop_sign=F lane_mode=two_boundary imu_n=0 yaw=+0.0°/s
20:47:54 [INFO] [R0 T0 O0 D0 A0] f=0284 [INTERSECTION] edge_ratio=0.33 > 0.25 — would trigger
20:47:54 [INFO] [R0 T0 O0 D0 A0] f=0284 TAGS=pole_misclassified(x2) wall_edge_detected(x1) dashed_reject_center(x5) offset=-0.0191 mode=two_boundary conf=0.62
20:47:54 [INFO] f=0284 t=10.3ms offset=+0.5115 head=+14.95° drive=go      stop_sign=F lane_mode=two_boundary imu_n=0 yaw=+0.0°/s
20:47:54 [INFO] [R0 T0 O0 D0 A0] f=0285 [INTERSECTION] edge_ratio=0.26 > 0.25 — would trigger
20:47:54 [INFO] [R0 T0 O0 D0 A0] f=0285 TAGS=pole_misclassified(x4) wall_edge_detected(x1) dashed_reject_center(x5) offset=-0.0251 mode=two_boundary conf=0.55
20:47:54 [INFO] f=0285 t=11.8ms offset=+0.5007 head=+14.98° drive=go      stop_sign=F lane_mode=two_boundary imu_n=0 yaw=+0.0°/s
20:47:54 [INFO] [R0 T0 O0 D0 A0] f=0286 TAGS=pole_misclassified(x2) wall_edge_detected(x1) dashed_reject_center(x5) offset=+0.0069 mode=two_boundary conf=0.64
20:47:54 [INFO] f=0286 t=11.2ms offset=+0.5333 head=+15.33° drive=go      stop_sign=F lane_mode=two_boundary imu_n=0 yaw=+0.0°/s
20:47:54 [INFO] [R0 T0 O0 D0 A0] f=0287 TAGS=pole_misclassified(x5) wall_edge_detected(x1) dashed_reject_center(x4) offset=+0.0058 mode=two_boundary conf=0.64
20:47:54 [INFO] f=0287 t=17.4ms offset=+0.5474 head=+15.71° drive=go      stop_sign=F lane_mode=two_boundary imu_n=0 yaw=+0.0°/s
20:47:54 [INFO] [R0 T0 O0 D0 A0] f=0288 TAGS=pole_misclassified(x2) wall_edge_detected(x1) dashed_reject_center(x4) offset=+0.0081 mode=two_boundary conf=0.64
20:47:54 [INFO] f=0288 t=8.7ms offset=+0.5844 head=+16.35° drive=go      stop_sign=F lane_mode=two_boundary imu_n=0 yaw=+0.0°/s
20:47:54 [INFO] [R0 T0 O0 D0 A0] f=0289 TAGS=pole_misclassified(x7) wall_edge_detected(x3) dashed_reject_center(x5) offset=+0.0423 mode=two_boundary conf=0.58
20:47:54 [INFO] f=0289 t=14.5ms offset=+0.5594 head=+16.50° drive=go      stop_sign=F lane_mode=two_boundary imu_n=0 yaw=+0.0°/s
20:47:54 [INFO] [R0 T0 O0 D0 A0] f=0290 TAGS=pole_misclassified(x6) wall_edge_detected(x4) dashed_reject_center(x4) offset=+0.0046 mode=two_boundary conf=0.64
20:47:54 [INFO] f=0290 t=11.6ms offset=+0.5030 head=+16.01° drive=go      stop_sign=F lane_mode=two_boundary imu_n=0 yaw=+0.0°/s
20:47:54 [INFO] [R0 T0 O0 D0 A0] f=0291 TAGS=pole_misclassified(x2) wall_edge_detected(x2) dashed_reject_center(x4) offset=-0.0349 mode=two_boundary conf=0.61
20:47:54 [INFO] f=0291 t=15.2ms offset=+0.5518 head=+16.20° drive=go      stop_sign=F lane_mode=two_boundary imu_n=0 yaw=+0.0°/s
20:47:54 [INFO] [R0 T0 O0 D0 A0] f=0292 TAGS=pole_misclassified(x4) wall_edge_detected(x3) dashed_reject_center(x5) offset=+0.0058 mode=two_boundary conf=0.64
20:47:54 [INFO] f=0292 t=12.6ms offset=+0.4980 head=+15.76° drive=go      stop_sign=F lane_mode=two_boundary imu_n=0 yaw=+0.0°/s
20:47:54 [INFO] [R0 T0 O0 D0 A0] f=0293 TAGS=pole_misclassified(x3) wall_edge_detected(x1) dashed_reject_center(x5) offset=-0.0336 mode=two_boundary conf=0.61
20:47:54 [INFO] f=0293 t=18.5ms offset=+0.4761 head=+15.24° drive=go      stop_sign=F lane_mode=two_boundary imu_n=0 yaw=+0.0°/s
20:47:54 [INFO] [R0 T0 O0 D0 A0] f=0294 TAGS=pole_misclassified(x2) wall_edge_detected(x1) dashed_reject_center(x5) offset=+0.0058 mode=two_boundary conf=0.64
20:47:54 [INFO] f=0294 t=14.0ms offset=+0.4798 head=+14.95° drive=go      stop_sign=F lane_mode=two_boundary imu_n=0 yaw=+0.0°/s
20:47:54 [INFO] [R0 T0 O0 D0 A0] f=0295 TAGS=pole_misclassified(x1) wall_edge_detected(x1) dashed_reject_center(x6) offset=+0.0058 mode=two_boundary conf=0.64
20:47:54 [INFO] f=0295 t=18.2ms offset=+0.5412 head=+15.40° drive=go      stop_sign=F lane_mode=two_boundary imu_n=0 yaw=+0.0°/s
20:47:54 [INFO] [R0 T0 O0 D0 A0] f=0296 TAGS=pole_misclassified(x4) wall_edge_detected(x3) dashed_reject_center(x4) offset=+0.0069 mode=two_boundary conf=0.64
20:47:54 [INFO] f=0296 t=10.9ms offset=+0.5209 head=+15.48° drive=go      stop_sign=F lane_mode=two_boundary imu_n=0 yaw=+0.0°/s
20:47:54 [INFO] [R0 T0 O0 D0 A0] f=0297 TAGS=pole_misclassified(x4) wall_edge_detected(x1) dashed_reject_center(x4) offset=+0.0081 mode=two_boundary conf=0.64
20:47:54 [INFO] f=0297 t=22.2ms offset=+0.5723 head=+16.07° drive=go      stop_sign=F lane_mode=two_boundary imu_n=0 yaw=+0.0°/s
20:47:54 [INFO] [R0 T0 O0 D0 A0] f=0298 TAGS=pole_misclassified(x3) wall_edge_detected(x3) dashed_reject_center(x6) offset=+0.0046 mode=two_boundary conf=0.64
20:47:54 [INFO] f=0298 t=19.3ms offset=+0.5133 head=+15.84° drive=go      stop_sign=F lane_mode=two_boundary imu_n=0 yaw=+0.0°/s
20:47:54 [INFO] [R0 T0 O0 D0 A0] f=0299 TAGS=pole_misclassified(x3) wall_edge_detected(x3) dashed_reject_center(x6) offset=+0.0023 mode=two_boundary conf=0.64
20:47:54 [INFO] f=0299 t=9.2ms offset=+0.4672 head=+15.20° drive=go      stop_sign=F lane_mode=two_boundary imu_n=0 yaw=+0.0°/s
20:47:54 [INFO] [R0 T0 O0 D0 A0] f=0300 TAGS=pole_misclassified(x2) wall_edge_detected(x2) dashed_reject_center(x7) offset=+0.0023 mode=two_boundary conf=0.64
20:47:54 [INFO] f=0300 t=16.5ms offset=+0.5325 head=+15.47° drive=go      stop_sign=F lane_mode=two_boundary imu_n=0 yaw=+0.0°/s
20:47:54 [INFO] [R0 T0 O0 D0 A0] f=0301 TAGS=pole_misclassified(x3) wall_edge_detected(x3) dashed_reject_center(x5) offset=+0.0069 mode=two_boundary conf=0.64
20:47:54 [INFO] f=0301 t=9.3ms offset=+0.5756 head=+16.10° drive=go      stop_sign=F lane_mode=two_boundary imu_n=0 yaw=+0.0°/s
20:47:55 [INFO] [R0 T0 O0 D0 A0] f=0302 TAGS=pole_misclassified(x3) wall_edge_detected(x2) dashed_reject_center(x5) offset=-0.0275 mode=two_boundary conf=0.58
20:47:55 [INFO] f=0302 t=14.4ms offset=+0.6002 head=+16.77° drive=go      stop_sign=F lane_mode=two_boundary imu_n=0 yaw=+0.0°/s
20:47:55 [INFO] [R0 T0 O0 D0 A0] f=0303 TAGS=pole_misclassified(x3) wall_edge_detected(x2) dashed_reject_center(x5) offset=+0.0081 mode=two_boundary conf=0.64
20:47:55 [INFO] f=0303 t=14.0ms offset=+0.5684 head=+16.87° drive=go      stop_sign=F lane_mode=two_boundary imu_n=0 yaw=+0.0°/s
20:47:55 [INFO] [R0 T0 O0 D0 A0] f=0304 TAGS=pole_misclassified(x5) wall_edge_detected(x4) dashed_reject_center(x6) offset=-0.0373 mode=two_boundary conf=0.60
20:47:55 [INFO] f=0304 t=14.0ms offset=+0.4565 head=+15.76° drive=go      stop_sign=F lane_mode=two_boundary imu_n=0 yaw=+0.0°/s
20:47:55 [INFO] [R0 T0 O0 D0 A0] f=0305 TAGS=pole_misclassified(x6) wall_edge_detected(x5) dashed_reject_center(x7) offset=+0.0023 mode=two_boundary conf=0.64
20:47:55 [INFO] f=0305 t=10.8ms offset=+0.4363 head=+14.82° drive=go      stop_sign=F lane_mode=two_boundary imu_n=0 yaw=+0.0°/s
20:47:55 [INFO] [R0 T0 O0 D0 A0] f=0306 TAGS=pole_misclassified(x1) wall_edge_detected(x1) dashed_reject_center(x7) offset=-0.0035 mode=two_boundary conf=0.64
20:47:55 [INFO] f=0306 t=15.5ms offset=+0.5104 head=+14.99° drive=go      stop_sign=F lane_mode=two_boundary imu_n=0 yaw=+0.0°/s
20:47:55 [INFO] [R0 T0 O0 D0 A0] f=0307 TAGS=pole_misclassified(x4) wall_edge_detected(x4) dashed_reject_center(x10) offset=-0.0070 mode=two_boundary conf=0.64
20:47:55 [INFO] f=0307 t=20.6ms offset=+0.4556 head=+14.53° drive=go      stop_sign=F lane_mode=two_boundary imu_n=0 yaw=+0.0°/s
20:47:55 [INFO] [R0 T0 O0 D0 A0] f=0308 TAGS=pole_misclassified(x4) wall_edge_detected(x4) dashed_reject_center(x6) offset=-0.0481 mode=two_boundary conf=0.60
20:47:55 [INFO] f=0308 t=9.7ms offset=+0.4308 head=+13.97° drive=go      stop_sign=F lane_mode=two_boundary imu_n=0 yaw=+0.0°/s
20:47:55 [INFO] [R0 T0 O0 D0 A0] f=0309 TAGS=pole_misclassified(x5) wall_edge_detected(x5) dashed_reject_center(x6) offset=-0.0081 mode=two_boundary conf=0.64
20:47:55 [INFO] f=0309 t=14.7ms offset=+0.4328 head=+13.62° drive=go      stop_sign=F lane_mode=two_boundary imu_n=0 yaw=+0.0°/s
20:47:55 [INFO] [R0 T0 O0 D0 A0] f=0310 TAGS=pole_misclassified(x3) wall_edge_detected(x2) dashed_reject_center(x5) offset=-0.0070 mode=two_boundary conf=0.64
20:47:55 [INFO] f=0310 t=14.3ms offset=+0.5083 head=+14.19° drive=go      stop_sign=F lane_mode=two_boundary imu_n=0 yaw=+0.0°/s
20:47:55 [INFO] [R0 T0 O0 D0 A0] f=0311 TAGS=pole_misclassified(x3) wall_edge_detected(x3) dashed_reject_center(x6) offset=-0.0534 mode=two_boundary conf=0.51
20:47:55 [INFO] f=0311 t=16.4ms offset=+0.5083 head=+14.19° drive=go      stop_sign=F lane_mode=two_boundary imu_n=0 yaw=+0.0°/s
20:47:55 [INFO] [R0 T0 O0 D0 A0] f=0312 TAGS=pole_misclassified(x4) wall_edge_detected(x4) dashed_reject_center(x7) offset=+0.0356 mode=two_boundary conf=0.48
20:47:55 [INFO] f=0312 t=15.3ms offset=+0.4799 head=+14.26° drive=go      stop_sign=F lane_mode=two_boundary imu_n=0 yaw=+0.0°/s
20:47:55 [INFO] [R0 T0 O0 D0 A0] f=0313 TAGS=pole_misclassified(x3) wall_edge_detected(x3) dashed_reject_center(x5) offset=-0.0399 mode=two_boundary conf=0.61
20:47:55 [INFO] f=0313 t=13.2ms offset=+0.4796 head=+14.31° drive=go      stop_sign=F lane_mode=two_boundary imu_n=0 yaw=+0.0°/s
20:47:55 [INFO] [R0 T0 O0 D0 A0] f=0314 TAGS=pole_misclassified(x2) wall_edge_detected(x1) dashed_reject_center(x4) offset=+0.0105 mode=two_boundary conf=0.64
20:47:55 [INFO] f=0314 t=20.6ms offset=+0.5033 head=+14.59° drive=go      stop_sign=F lane_mode=two_boundary imu_n=0 yaw=+0.0°/s
20:47:55 [INFO] [R0 T0 O0 D0 A0] f=0315 TAGS=pole_misclassified(x2) wall_edge_detected(x2) dashed_reject_center(x6) offset=+0.0140 mode=two_boundary conf=0.64
20:47:55 [INFO] f=0315 t=18.2ms offset=+0.5571 head=+15.33° drive=go      stop_sign=F lane_mode=two_boundary imu_n=0 yaw=+0.0°/s
20:47:55 [INFO] [R0 T0 O0 D0 A0] f=0316 TAGS=pole_misclassified(x4) wall_edge_detected(x3) dashed_reject_center(x2) offset=+0.0209 mode=two_boundary conf=0.64
20:47:55 [INFO] f=0316 t=11.8ms offset=+0.5571 head=+15.33° drive=go      stop_sign=F lane_mode=two_boundary imu_n=0 yaw=+0.0°/s
20:47:55 [INFO] [R0 T0 O0 D0 A0] f=0317 TAGS=pole_misclassified(x3) wall_edge_detected(x2) dashed_reject_center(x6) offset=+0.0012 mode=two_boundary conf=0.60
20:47:55 [INFO] f=0317 t=19.5ms offset=+0.5916 head=+16.18° drive=go      stop_sign=F lane_mode=two_boundary imu_n=0 yaw=+0.0°/s
20:47:55 [INFO] [R0 T0 O0 D0 A0] f=0318 TAGS=pole_misclassified(x4) wall_edge_detected(x3) dashed_reject_center(x3) offset=+0.0143 mode=two_boundary conf=0.57
20:47:55 [INFO] f=0318 t=23.8ms offset=+0.5066 head=+15.83° drive=go      stop_sign=F lane_mode=two_boundary imu_n=0 yaw=+0.0°/s
20:47:55 [INFO] [R0 T0 O0 D0 A0] f=0319 TAGS=pole_misclassified(x3) wall_edge_detected(x2) dashed_reject_center(x5) offset=+0.0422 mode=two_boundary conf=0.60
20:47:55 [INFO] f=0319 t=9.1ms offset=+0.5418 head=+15.98° drive=go      stop_sign=F lane_mode=two_boundary imu_n=0 yaw=+0.0°/s
20:47:55 [INFO] [R0 T0 O0 D0 A0] f=0320 [INTERSECTION] edge_ratio=0.26 > 0.25 — would trigger
20:47:55 [INFO] [R0 T0 O0 D0 A0] f=0320 TAGS=pole_misclassified(x3) wall_edge_detected(x2) dashed_reject_center(x7) offset=+0.0485 mode=two_boundary conf=0.60
20:47:55 [INFO] f=0320 t=15.9ms offset=+0.5418 head=+15.98° drive=go      stop_sign=F lane_mode=two_boundary imu_n=0 yaw=+0.0°/s
20:47:55 [INFO] [R0 T0 O0 D0 A0] f=0321 TAGS=pole_misclassified(x6) wall_edge_detected(x2) dashed_reject_center(x6) offset=+0.0079 mode=two_boundary conf=0.60
20:47:55 [INFO] f=0321 t=21.0ms offset=+0.4960 head=+15.60° drive=go      stop_sign=F lane_mode=two_boundary imu_n=0 yaw=+0.0°/s
20:47:55 [INFO] [R0 T0 O0 D0 A0] f=0322 TAGS=pole_misclassified(x2) wall_edge_detected(x1) dashed_reject_center(x8) offset=+0.0579 mode=two_boundary conf=0.64
20:47:55 [INFO] f=0322 t=10.8ms offset=+0.5471 head=+15.88° drive=go      stop_sign=F lane_mode=two_boundary imu_n=0 yaw=+0.0°/s
20:47:55 [INFO] [R0 T0 O0 D0 A0] f=0323 [INTERSECTION] edge_ratio=0.28 > 0.25 — would trigger
20:47:55 [INFO] [R0 T0 O0 D0 A0] f=0323 TAGS=dashed_reject_center(x9) offset=+0.0659 mode=two_boundary conf=0.57
20:47:55 [INFO] f=0323 t=9.5ms offset=+0.5858 head=+16.47° drive=go      stop_sign=F lane_mode=two_boundary imu_n=0 yaw=+0.0°/s
20:47:55 [INFO] [R0 T0 O0 D0 A0] f=0324 [INTERSECTION] edge_ratio=0.34 > 0.25 — would trigger
20:47:55 [INFO] [R0 T0 O0 D0 A0] f=0324 TAGS=pole_misclassified(x3) wall_edge_detected(x2) dashed_reject_center(x8) offset=+0.0475 mode=two_boundary conf=0.60
20:47:55 [INFO] f=0324 t=18.4ms offset=+0.6022 head=+17.03° drive=go      stop_sign=F lane_mode=two_boundary imu_n=0 yaw=+0.0°/s
20:47:55 [INFO] [R0 T0 O0 D0 A0] f=0325 [INTERSECTION] edge_ratio=0.35 > 0.25 — would trigger
20:47:55 [INFO] [R0 T0 O0 D0 A0] f=0325 TAGS=pole_misclassified(x5) wall_edge_detected(x5) dashed_reject_center(x8) offset=+0.0577 mode=two_boundary conf=0.57
20:47:55 [INFO] f=0325 t=23.4ms offset=+0.5482 head=+16.83° drive=go      stop_sign=F lane_mode=two_boundary imu_n=0 yaw=+0.0°/s
20:47:55 [INFO] [R0 T0 O0 D0 A0] f=0326 [INTERSECTION] edge_ratio=0.40 > 0.25 — would trigger
20:47:55 [INFO] [R0 T0 O0 D0 A0] f=0326 TAGS=pole_misclassified(x3) wall_edge_detected(x2) dashed_reject_center(x9) offset=-0.0242 mode=two_boundary conf=0.54
20:47:55 [INFO] f=0326 t=21.5ms offset=+0.4504 head=+15.67° drive=go      stop_sign=F lane_mode=two_boundary imu_n=0 yaw=+0.0°/s
20:47:55 [INFO] [R0 T0 O0 D0 A0] f=0327 [INTERSECTION] edge_ratio=0.38 > 0.25 — would trigger
20:47:55 [INFO] [R0 T0 O0 D0 A0] f=0327 TAGS=pole_misclassified(x5) wall_edge_detected(x2) dashed_reject_center(x7) offset=+0.0621 mode=two_boundary conf=0.51
20:47:55 [INFO] f=0327 t=26.5ms offset=+0.4750 head=+15.17° drive=go      stop_sign=F lane_mode=two_boundary imu_n=0 yaw=+0.0°/s
20:47:55 [INFO] [R0 T0 O0 D0 A0] f=0328 [INTERSECTION] edge_ratio=0.26 > 0.25 — would trigger
20:47:55 [INFO] [R0 T0 O0 D0 A0] f=0328 TAGS=pole_misclassified(x4) wall_edge_detected(x4) dashed_reject_center(x9) offset=+0.1808 mode=two_boundary conf=0.55
20:47:55 [INFO] f=0328 t=12.3ms offset=+0.4748 head=+14.85° drive=go      stop_sign=F lane_mode=two_boundary imu_n=0 yaw=+0.0°/s
20:47:55 [INFO] [R0 T0 O0 D0 A0] f=0329 TAGS=pole_misclassified(x3) wall_edge_detected(x2) dashed_reject_center(x5) offset=+0.1928 mode=two_boundary conf=0.56
20:47:55 [INFO] f=0329 t=14.4ms offset=+0.5069 head=+14.97° drive=go      stop_sign=F lane_mode=two_boundary imu_n=0 yaw=+0.0°/s
20:47:55 [INFO] [R0 T0 O0 D0 A0] f=0330 TAGS=pole_misclassified(x3) wall_edge_detected(x3) dashed_reject_center(x5) offset=+0.0751 mode=two_boundary conf=0.45
20:47:55 [INFO] f=0330 t=16.0ms offset=+0.5569 head=+15.58° drive=go      stop_sign=F lane_mode=two_boundary imu_n=0 yaw=+0.0°/s
20:47:55 [INFO] [R0 T0 O0 D0 A0] f=0331 [INTERSECTION] edge_ratio=0.28 > 0.25 — would trigger
20:47:55 [INFO] [R0 T0 O0 D0 A0] f=0331 TAGS=pole_misclassified(x3) wall_edge_detected(x2) dashed_reject_center(x2) offset=+0.9789 mode=two_boundary conf=0.59
20:47:55 [INFO] f=0331 t=13.8ms offset=+0.5945 head=+16.37° drive=go      stop_sign=F lane_mode=two_boundary imu_n=0 yaw=+0.0°/s
20:47:55 [INFO] [R0 T0 O0 D0 A0] f=0332 TAGS=pole_misclassified(x3) wall_edge_detected(x1) dashed_reject_center(x5) offset=+0.0950 mode=two_boundary conf=0.47
20:47:55 [INFO] f=0332 t=17.6ms offset=+0.5945 head=+16.37° drive=go      stop_sign=F lane_mode=two_boundary imu_n=0 yaw=+0.0°/s
20:47:55 [INFO] [R0 T0 O0 D0 A0] f=0333 TAGS=pole_misclassified(x4) wall_edge_detected(x2) dashed_reject_center(x3) offset=+0.0999 mode=two_boundary conf=0.49
20:47:55 [INFO] f=0333 t=17.3ms offset=+0.6226 head=+17.18° drive=go      stop_sign=F lane_mode=two_boundary imu_n=0 yaw=+0.0°/s
20:47:55 [INFO] [R0 T0 O0 D0 A0] f=0334 [INTERSECTION] edge_ratio=0.29 > 0.25 — would trigger
20:47:55 [INFO] [R0 T0 O0 D0 A0] f=0334 TAGS=pole_misclassified(x1) wall_edge_detected(x1) dashed_reject_center(x6) offset=-0.0410 mode=two_boundary conf=0.52
20:47:55 [INFO] f=0334 t=13.9ms offset=+0.6226 head=+17.18° drive=go      stop_sign=F lane_mode=two_boundary imu_n=0 yaw=+0.0°/s
20:47:55 [INFO] [R0 T0 O0 D0 A0] f=0335 TAGS=pole_misclassified(x2) dashed_reject_center(x2) offset=+0.0900 mode=two_boundary conf=0.54
20:47:55 [INFO] f=0335 t=11.6ms offset=+0.6391 head=+17.88° drive=go      stop_sign=F lane_mode=two_boundary imu_n=0 yaw=+0.0°/s
20:47:55 [INFO] [R0 T0 O0 D0 A0] f=0336 TAGS=pole_misclassified(x2) wall_edge_detected(x2) dashed_reject_center(x4) offset=-0.0900 mode=two_boundary conf=0.58
20:47:55 [INFO] f=0336 t=18.2ms offset=+0.4317 head=+16.15° drive=go      stop_sign=F lane_mode=two_boundary imu_n=0 yaw=+0.0°/s
20:47:55 [INFO] [R0 T0 O0 D0 A0] f=0337 TAGS=pole_misclassified(x1) wall_edge_detected(x1) dashed_reject_center(x5) offset=-0.0483 mode=two_boundary conf=0.53
20:47:55 [INFO] f=0337 t=15.7ms offset=+0.4317 head=+16.15° drive=go      stop_sign=F lane_mode=two_boundary imu_n=0 yaw=+0.0°/s
20:47:55 [INFO] [R0 T0 O0 D0 A0] f=0338 TAGS=pole_misclassified(x3) dashed_reject_center(x1) offset=+0.1029 mode=two_boundary conf=0.56
20:47:55 [INFO] f=0338 t=8.2ms offset=+0.5155 head=+15.91° drive=go      stop_sign=F lane_mode=two_boundary imu_n=0 yaw=+0.0°/s
20:47:55 [INFO] [R0 T0 O0 D0 A0] f=0339 TAGS=pole_misclassified(x1) wall_edge_detected(x1) offset=-0.6604 mode=right_only conf=0.62
20:47:55 [INFO] f=0339 t=14.8ms offset=+0.5155 head=+15.91° drive=go      stop_sign=F lane_mode=right_only imu_n=0 yaw=+0.0°/s
20:47:55 [INFO] [R0 T0 O0 D0 A0] f=0340 TAGS=pole_misclassified(x2) offset=+0.4784 mode=two_boundary conf=0.54
20:47:55 [INFO] f=0340 t=9.1ms offset=+0.4221 head=+14.77° drive=go      stop_sign=F lane_mode=two_boundary imu_n=0 yaw=+0.0°/s
20:47:55 [WARNING] Frame 341: budget exceeded 155.0 ms (budget 66.7 ms)
20:47:55 [INFO] [R0 T0 O0 D0 A0] f=0341 TAGS=pole_misclassified(x2) wall_edge_detected(x1) anchor_wrong_half offset=+1.0000 mode=two_boundary conf=0.52
20:47:55 [INFO] f=0341 t=155.0ms offset=+0.5074 head=+14.93° drive=go      stop_sign=F lane_mode=two_boundary imu_n=0 yaw=+0.0°/s
20:47:55 [INFO] [R0 T0 O0 D0 A0] f=0342 TAGS=pole_misclassified(x3) wall_edge_detected(x1) anchor_wrong_half offset=+1.0000 mode=two_boundary conf=0.53
20:47:55 [INFO] f=0342 t=43.8ms offset=+0.5419 head=+15.39° drive=go      stop_sign=F lane_mode=two_boundary imu_n=0 yaw=+0.0°/s
20:47:55 [INFO] [R0 T0 O0 D0 A0] f=0343 TAGS=pole_misclassified(x2) offset=+0.0298 mode=two_boundary conf=0.53
20:47:55 [INFO] f=0343 t=11.7ms offset=+0.5419 head=+15.39° drive=go      stop_sign=F lane_mode=two_boundary imu_n=0 yaw=+0.0°/s
20:47:55 [INFO] [R0 T0 O0 D0 A0] f=0344 TAGS=pole_misclassified(x3) offset=+0.0782 mode=two_boundary conf=0.34
20:47:55 [INFO] f=0344 t=9.9ms offset=+0.5873 head=+16.17° drive=go      stop_sign=F lane_mode=two_boundary imu_n=0 yaw=+0.0°/s
20:47:55 [INFO] [R0 T0 O0 D0 A0] f=0345 TAGS=pole_misclassified(x4) wall_edge_detected(x1) dashed_reject_center(x1) offset=+0.1466 mode=two_boundary conf=0.53
20:47:55 [INFO] f=0345 t=9.3ms offset=+0.5851 head=+16.66° drive=go      stop_sign=F lane_mode=two_boundary imu_n=0 yaw=+0.0°/s
20:47:55 [INFO] [R0 T0 O0 D0 A0] f=0346 [INTERSECTION] edge_ratio=0.43 > 0.25 — would trigger
20:47:55 [INFO] [R0 T0 O0 D0 A0] f=0346 TAGS=pole_misclassified(x3) offset=+0.0448 mode=two_boundary conf=0.58
20:47:55 [INFO] f=0346 t=8.2ms offset=+0.5851 head=+16.66° drive=go      stop_sign=F lane_mode=two_boundary imu_n=0 yaw=+0.0°/s
20:47:56 [INFO] [R0 T0 O0 D0 A0] f=0347 [INTERSECTION] edge_ratio=0.50 > 0.25 — would trigger
20:47:56 [INFO] [R0 T0 O0 D0 A0] f=0347 TAGS=pole_misclassified(x2) offset=+0.0546 mode=two_boundary conf=0.58
20:47:56 [INFO] f=0347 t=16.2ms offset=+0.5851 head=+16.66° drive=go      stop_sign=F lane_mode=two_boundary imu_n=0 yaw=+0.0°/s
20:47:56 [INFO] [R0 T0 O0 D0 A0] f=0348 [INTERSECTION] edge_ratio=0.65 > 0.25 — would trigger
20:47:56 [INFO] [R0 T0 O0 D0 A0] f=0348 TAGS=pole_misclassified(x1) wall_edge_detected(x1) offset=+0.0650 mode=two_boundary conf=0.58
20:47:56 [INFO] f=0348 t=9.6ms offset=+0.4214 head=+15.25° drive=go      stop_sign=F lane_mode=two_boundary imu_n=0 yaw=+0.0°/s
20:47:56 [INFO] [R0 T0 O0 D0 A0] f=0349 [INTERSECTION] edge_ratio=0.66 > 0.25 — would trigger
20:47:56 [INFO] [R0 T0 O0 D0 A0] f=0349 TAGS=pole_misclassified(x2) dashed_reject_center(x2) offset=+0.1040 mode=two_boundary conf=0.54
20:47:56 [INFO] f=0349 t=10.1ms offset=+0.4214 head=+15.25° drive=go      stop_sign=F lane_mode=two_boundary imu_n=0 yaw=+0.0°/s
20:47:56 [INFO] [R0 T0 O0 D0 A0] f=0350 [INTERSECTION] edge_ratio=0.77 > 0.25 — would trigger
20:47:56 [INFO] [R0 T0 O0 D0 A0] f=0350 TAGS=pole_misclassified(x1) offset=+0.0805 mode=two_boundary conf=0.57
20:47:56 [INFO] f=0350 t=15.4ms offset=+0.5044 head=+15.21° drive=go      stop_sign=F lane_mode=two_boundary imu_n=0 yaw=+0.0°/s
20:47:56 [INFO] [R0 T0 O0 D0 A0] f=0351 [INTERSECTION] edge_ratio=0.68 > 0.25 — would trigger
20:47:56 [INFO] [R0 T0 O0 D0 A0] f=0351 TAGS=pole_misclassified(x2) wall_edge_detected(x2) dashed_reject_center(x2) offset=+0.0735 mode=two_boundary conf=0.57
20:47:56 [INFO] f=0351 t=16.7ms offset=+0.5565 head=+15.73° drive=go      stop_sign=F lane_mode=two_boundary imu_n=0 yaw=+0.0°/s
20:47:56 [INFO] [R0 T0 O0 D0 A0] f=0352 [INTERSECTION] edge_ratio=1.06 > 0.25 — would trigger
20:47:56 [INFO] [R0 T0 O0 D0 A0] f=0352 TAGS=pole_misclassified(x2) wall_edge_detected(x2) offset=+0.0813 mode=two_boundary conf=0.57
20:47:56 [INFO] f=0352 t=13.1ms offset=+0.5912 head=+16.43° drive=go      stop_sign=F lane_mode=two_boundary imu_n=0 yaw=+0.0°/s
20:47:56 [INFO] [R0 T0 O0 D0 A0] f=0353 [INTERSECTION] edge_ratio=1.17 > 0.25 — would trigger
20:47:56 [INFO] [R0 T0 O0 D0 A0] f=0353 TAGS=pole_misclassified(x4) wall_edge_detected(x1) offset=+0.1133 mode=two_boundary conf=0.53
20:47:56 [INFO] f=0353 t=25.0ms offset=+0.5644 head=+16.61° drive=go      stop_sign=F lane_mode=two_boundary imu_n=0 yaw=+0.0°/s
20:47:56 [INFO] [R0 T0 O0 D0 A0] f=0354 [INTERSECTION] edge_ratio=1.22 > 0.25 — would trigger
20:47:56 [INFO] [R0 T0 O0 D0 A0] f=0354 TAGS=pole_misclassified(x2) wall_edge_detected(x2) offset=+0.1100 mode=two_boundary conf=0.53
20:47:56 [INFO] f=0354 t=14.3ms offset=+0.4894 head=+15.93° drive=go      stop_sign=F lane_mode=two_boundary imu_n=0 yaw=+0.0°/s
20:47:56 [INFO] [R0 T0 O0 D0 A0] f=0355 [INTERSECTION] edge_ratio=1.13 > 0.25 — would trigger
20:47:56 [INFO] [R0 T0 O0 D0 A0] f=0355 TAGS=pole_misclassified(x2) wall_edge_detected(x2) dashed_reject_center(x1) offset=+0.1053 mode=two_boundary conf=0.53
20:47:56 [INFO] f=0355 t=12.1ms offset=+0.4406 head=+14.98° drive=go      stop_sign=F lane_mode=two_boundary imu_n=0 yaw=+0.0°/s
20:47:56 [INFO] [R0 T0 O0 D0 A0] f=0356 [INTERSECTION] edge_ratio=1.23 > 0.25 — would trigger
20:47:56 [INFO] [R0 T0 O0 D0 A0] f=0356 TAGS=pole_misclassified(x3) wall_edge_detected(x1) dashed_reject_center(x1) offset=+0.1095 mode=two_boundary conf=0.53
20:47:56 [INFO] f=0356 t=14.7ms offset=+0.4558 head=+14.53° drive=go      stop_sign=F lane_mode=two_boundary imu_n=0 yaw=+0.0°/s
20:47:56 [INFO] [R0 T0 O0 D0 A0] f=0357 [INTERSECTION] edge_ratio=1.34 > 0.25 — would trigger
20:47:56 [INFO] [R0 T0 O0 D0 A0] f=0357 TAGS=pole_misclassified(x2) wall_edge_detected(x1) offset=+0.0467 mode=two_boundary conf=0.56
20:47:56 [INFO] f=0357 t=12.7ms offset=+0.4188 head=+13.84° drive=go      stop_sign=F lane_mode=two_boundary imu_n=0 yaw=+0.0°/s
20:47:56 [INFO] [R0 T0 O0 D0 A0] f=0358 [INTERSECTION] edge_ratio=1.27 > 0.25 — would trigger
20:47:56 [INFO] [R0 T0 O0 D0 A0] f=0358 TAGS=pole_misclassified(x4) wall_edge_detected(x1) offset=+0.0541 mode=two_boundary conf=0.55
20:47:56 [INFO] f=0358 t=23.1ms offset=+0.4449 head=+13.67° drive=go      stop_sign=F lane_mode=two_boundary imu_n=0 yaw=+0.0°/s
20:47:56 [INFO] [R0 T0 O0 D0 A0] f=0359 [INTERSECTION] edge_ratio=1.04 > 0.25 — would trigger
20:47:56 [INFO] [R0 T0 O0 D0 A0] f=0359 TAGS=pole_misclassified(x4) wall_edge_detected(x1) offset=+0.0198 mode=two_boundary conf=0.55
20:47:56 [INFO] f=0359 t=9.3ms offset=+0.4117 head=+13.21° drive=go      stop_sign=F lane_mode=two_boundary imu_n=0 yaw=+0.0°/s
20:47:56 [INFO] [R0 T0 O0 D0 A0] f=0360 [INTERSECTION] edge_ratio=0.93 > 0.25 — would trigger
20:47:56 [INFO] [R0 T0 O0 D0 A0] f=0360 TAGS=pole_misclassified(x3) wall_edge_detected(x1) offset=+0.0336 mode=two_boundary conf=0.54
20:47:56 [INFO] f=0360 t=10.4ms offset=+0.3901 head=+12.68° drive=go      stop_sign=F lane_mode=two_boundary imu_n=0 yaw=+0.0°/s
20:47:56 [INFO] [R0 T0 O0 D0 A0] f=0361 [INTERSECTION] edge_ratio=0.69 > 0.25 — would trigger
20:47:56 [INFO] [R0 T0 O0 D0 A0] f=0361 TAGS=pole_misclassified(x4) dashed_reject_center(x1) offset=+0.3956 mode=two_boundary conf=0.53
20:47:56 [INFO] f=0361 t=10.0ms offset=+0.3761 head=+12.19° drive=go      stop_sign=F lane_mode=two_boundary imu_n=0 yaw=+0.0°/s
20:47:56 [INFO] [R0 T0 O0 D0 A0] f=0362 [INTERSECTION] edge_ratio=0.78 > 0.25 — would trigger
20:47:56 [WARNING] Frame 362: budget exceeded 222.1 ms (budget 66.7 ms)
20:47:56 [INFO] [R0 T0 O0 D0 A0] f=0362 TAGS=pole_misclassified(x4) dashed_reject_center(x1) offset=+0.0370 mode=two_boundary conf=0.53
20:47:56 [INFO] f=0362 t=222.1ms offset=+0.3669 head=+11.78° drive=go      stop_sign=F lane_mode=two_boundary imu_n=0 yaw=+0.0°/s
20:47:56 [INFO] [R0 T0 O0 D0 A0] f=0363 [INTERSECTION] edge_ratio=0.62 > 0.25 — would trigger
20:47:56 [INFO] [R0 T0 O0 D0 A0] f=0363 TAGS=pole_misclassified(x5) wall_edge_detected(x2) offset=+0.6910 mode=two_boundary conf=0.43
20:47:56 [INFO] f=0363 t=46.2ms offset=+0.4246 head=+12.11° drive=go      stop_sign=F lane_mode=two_boundary imu_n=0 yaw=+0.0°/s
20:47:56 [INFO] [R0 T0 O0 D0 A0] f=0364 [INTERSECTION] edge_ratio=0.62 > 0.25 — would trigger
20:47:56 [INFO] [R0 T0 O0 D0 A0] f=0364 TAGS=pole_misclassified(x6) wall_edge_detected(x1) offset=+0.0000 mode=two_boundary conf=0.54
20:47:56 [INFO] f=0364 t=9.9ms offset=+0.3985 head=+12.06° drive=go      stop_sign=F lane_mode=two_boundary imu_n=0 yaw=+0.0°/s
20:47:56 [INFO] [R0 T0 O0 D0 A0] f=0365 [INTERSECTION] edge_ratio=0.64 > 0.25 — would trigger
20:47:56 [INFO] [R0 T0 O0 D0 A0] f=0365 TAGS=pole_misclassified(x4) wall_edge_detected(x1) offset=-0.1725 mode=two_boundary conf=0.55
20:47:56 [INFO] f=0365 t=10.6ms offset=+0.3815 head=+11.84° drive=go      stop_sign=F lane_mode=two_boundary imu_n=0 yaw=+0.0°/s
20:47:56 [INFO] [R0 T0 O0 D0 A0] f=0366 [INTERSECTION] edge_ratio=0.40 > 0.25 — would trigger
20:47:56 [INFO] [R0 T0 O0 D0 A0] f=0366 TAGS=pole_misclassified(x7) wall_edge_detected(x1) offset=+0.1030 mode=two_boundary conf=0.46
20:47:56 [INFO] f=0366 t=14.5ms offset=+0.4228 head=+12.14° drive=go      stop_sign=F lane_mode=two_boundary imu_n=0 yaw=+0.0°/s
20:47:56 [INFO] [R0 T0 O0 D0 A0] f=0367 [INTERSECTION] edge_ratio=0.51 > 0.25 — would trigger
20:47:56 [INFO] [R0 T0 O0 D0 A0] f=0367 TAGS=pole_misclassified(x4) wall_edge_detected(x1) offset=+0.1182 mode=two_boundary conf=0.52
20:47:56 [INFO] f=0367 t=18.5ms offset=+0.3973 head=+12.06° drive=go      stop_sign=F lane_mode=two_boundary imu_n=0 yaw=+0.0°/s
20:47:56 [INFO] [R0 T0 O0 D0 A0] f=0368 [INTERSECTION] edge_ratio=0.51 > 0.25 — would trigger
20:47:56 [WARNING] Frame 368: budget exceeded 150.0 ms (budget 66.7 ms)
20:47:56 [INFO] [R0 T0 O0 D0 A0] f=0368 TAGS=pole_misclassified(x4) wall_edge_detected(x1) offset=+0.2740 mode=two_boundary conf=0.60
20:47:56 [INFO] f=0368 t=150.0ms offset=+0.3808 head=+11.84° drive=go      stop_sign=F lane_mode=two_boundary imu_n=0 yaw=+0.0°/s
20:47:56 [INFO] [R0 T0 O0 D0 A0] f=0369 [INTERSECTION] edge_ratio=0.28 > 0.25 — would trigger
20:47:56 [INFO] [R0 T0 O0 D0 A0] f=0369 TAGS=pole_misclassified(x6) wall_edge_detected(x2) offset=+0.2558 mode=two_boundary conf=0.59
20:47:56 [INFO] f=0369 t=42.9ms offset=+0.4358 head=+12.27° drive=go      stop_sign=F lane_mode=two_boundary imu_n=0 yaw=+0.0°/s
20:47:56 [INFO] [R0 T0 O0 D0 A0] f=0370 TAGS=pole_misclassified(x5) wall_edge_detected(x2) offset=+0.7234 mode=two_boundary conf=0.57
20:47:56 [INFO] f=0370 t=26.0ms offset=+0.4058 head=+12.24° drive=go      stop_sign=F lane_mode=two_boundary imu_n=0 yaw=+0.0°/s
20:47:56 [INFO] [R0 T0 O0 D0 A0] f=0371 TAGS=pole_misclassified(x7) wall_edge_detected(x1) offset=+0.7068 mode=two_boundary conf=0.53
20:47:56 [INFO] f=0371 t=35.0ms offset=+0.4515 head=+12.70° drive=go      stop_sign=F lane_mode=two_boundary imu_n=0 yaw=+0.0°/s
20:47:56 [INFO] [R0 T0 O0 D0 A0] f=0372 TAGS=pole_misclassified(x5) wall_edge_detected(x2) dashed_reject_center(x1) offset=+0.2593 mode=two_boundary conf=0.58
20:47:56 [INFO] f=0372 t=45.8ms offset=+0.4677 head=+13.16° drive=go      stop_sign=F lane_mode=two_boundary imu_n=0 yaw=+0.0°/s
20:47:56 [INFO] [R0 T0 O0 D0 A0] f=0373 TAGS=pole_misclassified(x4) wall_edge_detected(x3) dashed_reject_center(x1) offset=-0.0895 mode=two_boundary conf=0.55
20:47:56 [INFO] f=0373 t=16.8ms offset=+0.4265 head=+13.03° drive=go      stop_sign=F lane_mode=two_boundary imu_n=0 yaw=+0.0°/s
20:47:57 [INFO] [R0 T0 O0 D0 A0] f=0374 TAGS=pole_misclassified(x4) wall_edge_detected(x1) offset=+0.9099 mode=two_boundary conf=0.61
20:47:57 [INFO] f=0374 t=24.5ms offset=+0.4469 head=+13.16° drive=go      stop_sign=F lane_mode=two_boundary imu_n=0 yaw=+0.0°/s
20:47:57 [INFO] [R0 T0 O0 D0 A0] f=0375 TAGS=pole_misclassified(x6) wall_edge_detected(x2) offset=+0.2872 mode=two_boundary conf=0.56
20:47:57 [INFO] f=0375 t=17.0ms offset=+0.4264 head=+13.04° drive=go      stop_sign=F lane_mode=two_boundary imu_n=0 yaw=+0.0°/s
20:47:57 [INFO] [R0 T0 O0 D0 A0] f=0376 TAGS=pole_misclassified(x4) wall_edge_detected(x1) offset=+0.2604 mode=two_boundary conf=0.46
20:47:57 [INFO] f=0376 t=21.0ms offset=+0.4459 head=+13.15° drive=go      stop_sign=F lane_mode=two_boundary imu_n=0 yaw=+0.0°/s
20:47:57 [INFO] [R0 T0 O0 D0 A0] f=0377 TAGS=pole_misclassified(x2) wall_edge_detected(x1) offset=+0.3333 mode=two_boundary conf=0.52
20:47:57 [INFO] f=0377 t=14.6ms offset=+0.4123 head=+12.88° drive=go      stop_sign=F lane_mode=two_boundary imu_n=0 yaw=+0.0°/s
20:47:57 [INFO] [R0 T0 O0 D0 A0] f=0378 TAGS=pole_misclassified(x4) wall_edge_detected(x2) dashed_reject_center(x1) offset=+0.3281 mode=two_boundary conf=0.59
20:47:57 [INFO] f=0378 t=19.2ms offset=+0.4558 head=+13.16° drive=go      stop_sign=F lane_mode=two_boundary imu_n=0 yaw=+0.0°/s
20:47:57 [INFO] [R0 T0 O0 D0 A0] f=0379 TAGS=pole_misclassified(x3) wall_edge_detected(x2) offset=+0.6633 mode=two_boundary conf=0.58
20:47:57 [INFO] f=0379 t=17.2ms offset=+0.4835 head=+13.63° drive=go      stop_sign=F lane_mode=two_boundary imu_n=0 yaw=+0.0°/s
20:47:57 [INFO] [R0 T0 O0 D0 A0] f=0380 TAGS=pole_misclassified(x2) dashed_reject_center(x4) offset=+0.1492 mode=two_boundary conf=0.60
20:47:57 [INFO] f=0380 t=14.9ms offset=+0.3589 head=+12.63° drive=go      stop_sign=F lane_mode=two_boundary imu_n=0 yaw=+0.0°/s
20:47:57 [INFO] [R0 T0 O0 D0 A0] f=0381 TAGS=pole_misclassified(x3) wall_edge_detected(x1) dashed_reject_center(x2) offset=+0.6553 mode=two_boundary conf=0.53
20:47:57 [INFO] f=0381 t=12.6ms offset=+0.4201 head=+12.62° drive=go      stop_sign=F lane_mode=two_boundary imu_n=0 yaw=+0.0°/s
20:47:57 [INFO] [R0 T0 O0 D0 A0] f=0382 TAGS=pole_misclassified(x3) dashed_reject_center(x2) offset=+0.4010 mode=two_boundary conf=0.48
20:47:57 [INFO] f=0382 t=12.0ms offset=+0.4994 head=+13.45° drive=go      stop_sign=F lane_mode=two_boundary imu_n=0 yaw=+0.0°/s
20:47:57 [INFO] [R0 T0 O0 D0 A0] f=0383 TAGS=pole_misclassified(x4) wall_edge_detected(x2) dashed_reject_center(x3) offset=-0.0084 mode=two_boundary conf=0.32
20:47:57 [INFO] f=0383 t=19.8ms offset=+0.4994 head=+13.45° drive=go      stop_sign=F lane_mode=two_boundary imu_n=0 yaw=+0.0°/s
20:47:57 [INFO] [R0 T0 O0 D0 A0] f=0384 TAGS=pole_misclassified(x2) wall_edge_detected(x1) dashed_reject_center(x3) offset=+0.0643 mode=two_boundary conf=0.46
20:47:57 [INFO] f=0384 t=35.9ms offset=+0.4848 head=+13.83° drive=go      stop_sign=F lane_mode=two_boundary imu_n=0 yaw=+0.0°/s
20:47:57 [INFO] [R0 T0 O0 D0 A0] f=0385 TAGS=pole_misclassified(x2) wall_edge_detected(x1) dashed_reject_center(x4) offset=+0.4904 mode=two_boundary conf=0.56
20:47:57 [INFO] f=0385 t=16.2ms offset=+0.4263 head=+13.47° drive=go      stop_sign=F lane_mode=two_boundary imu_n=0 yaw=+0.0°/s
20:47:57 [INFO] [R0 T0 O0 D0 A0] f=0386 TAGS=pole_misclassified(x3) wall_edge_detected(x1) dashed_reject_center(x1) offset=+0.1936 mode=two_boundary conf=0.53
20:47:57 [INFO] f=0386 t=27.2ms offset=+0.4493 head=+13.47° drive=go      stop_sign=F lane_mode=two_boundary imu_n=0 yaw=+0.0°/s
20:47:57 [INFO] [R0 T0 O0 D0 A0] f=0387 TAGS=pole_misclassified(x4) wall_edge_detected(x1) dashed_reject_center(x2) offset=+0.2224 mode=two_boundary conf=0.50
20:47:57 [INFO] f=0387 t=22.5ms offset=+0.4235 head=+13.20° drive=go      stop_sign=F lane_mode=two_boundary imu_n=0 yaw=+0.0°/s
20:47:57 [INFO] [R0 T0 O0 D0 A0] f=0388 TAGS=pole_misclassified(x4) dashed_reject_center(x2) offset=+0.6879 mode=two_boundary conf=0.57
20:47:57 [INFO] f=0388 t=19.0ms offset=+0.4971 head=+13.80° drive=go      stop_sign=F lane_mode=two_boundary imu_n=0 yaw=+0.0°/s
20:47:57 [INFO] [R0 T0 O0 D0 A0] f=0389 TAGS=pole_misclassified(x3) dashed_reject_center(x1) offset=+0.0519 mode=two_boundary conf=0.54
20:47:57 [INFO] f=0389 t=10.1ms offset=+0.4571 head=+13.77° drive=go      stop_sign=F lane_mode=two_boundary imu_n=0 yaw=+0.0°/s
20:47:57 [INFO] [R0 T0 O0 D0 A0] f=0390 TAGS=pole_misclassified(x6) wall_edge_detected(x3) dashed_reject_center(x2) offset=-0.0156 mode=two_boundary conf=0.45
20:47:57 [INFO] f=0390 t=11.1ms offset=+0.4572 head=+13.75° drive=go      stop_sign=F lane_mode=two_boundary imu_n=0 yaw=+0.0°/s
20:47:57 [INFO] [R0 T0 O0 D0 A0] f=0391 TAGS=pole_misclassified(x4) dashed_reject_center(x3) offset=+0.6386 mode=two_boundary conf=0.47
20:47:57 [INFO] f=0391 t=14.8ms offset=+0.4825 head=+14.01° drive=go      stop_sign=F lane_mode=two_boundary imu_n=0 yaw=+0.0°/s
20:47:57 [INFO] [R0 T0 O0 D0 A0] f=0392 TAGS=pole_misclassified(x3) dashed_reject_center(x2) offset=+0.6386 mode=two_boundary conf=0.55
20:47:57 [INFO] f=0392 t=25.1ms offset=+0.4795 head=+14.14° drive=go      stop_sign=F lane_mode=two_boundary imu_n=0 yaw=+0.0°/s
20:47:57 [INFO] [R0 T0 O0 D0 A0] f=0393 TAGS=pole_misclassified(x4) wall_edge_detected(x1) dashed_reject_center(x1) offset=+0.6345 mode=two_boundary conf=0.43
20:47:57 [INFO] f=0393 t=9.0ms offset=+0.4775 head=+14.20° drive=go      stop_sign=F lane_mode=two_boundary imu_n=0 yaw=+0.0°/s
20:47:57 [INFO] [R0 T0 O0 D0 A0] f=0394 [INTERSECTION] edge_ratio=0.40 > 0.25 — would trigger
20:47:57 [INFO] [R0 T0 O0 D0 A0] f=0394 TAGS=pole_misclassified(x5) wall_edge_detected(x2) dashed_reject_center(x1) offset=+0.5841 mode=two_boundary conf=0.55
20:47:57 [INFO] f=0394 t=10.4ms offset=+0.4761 head=+14.23° drive=go      stop_sign=F lane_mode=two_boundary imu_n=0 yaw=+0.0°/s
20:47:57 [INFO] [R0 T0 O0 D0 A0] f=0395 TAGS=pole_misclassified(x3) wall_edge_detected(x1) dashed_reject_center(x2) offset=+0.4842 mode=two_boundary conf=0.55
20:47:57 [INFO] f=0395 t=9.7ms offset=+0.4478 head=+13.95° drive=go      stop_sign=F lane_mode=two_boundary imu_n=0 yaw=+0.0°/s
20:47:57 [INFO] [R0 T0 O0 D0 A0] f=0396 [INTERSECTION] edge_ratio=0.60 > 0.25 — would trigger
20:47:57 [INFO] [R0 T0 O0 D0 A0] f=0396 TAGS=pole_misclassified(x5) wall_edge_detected(x1) dashed_reject_center(x2) offset=+0.0870 mode=two_boundary conf=0.60
20:47:57 [INFO] f=0396 t=9.9ms offset=+0.4136 head=+13.41° drive=go      stop_sign=F lane_mode=two_boundary imu_n=0 yaw=+0.0°/s
20:47:57 [INFO] [R0 T0 O0 D0 A0] f=0397 [INTERSECTION] edge_ratio=0.55 > 0.25 — would trigger
20:47:57 [INFO] [R0 T0 O0 D0 A0] f=0397 TAGS=pole_misclassified(x2) wall_edge_detected(x1) dashed_reject_center(x1) offset=+0.4688 mode=two_boundary conf=0.54
20:47:57 [INFO] f=0397 t=13.4ms offset=+0.3949 head=+12.86° drive=go      stop_sign=F lane_mode=two_boundary imu_n=0 yaw=+0.0°/s
20:47:57 [INFO] [R0 T0 O0 D0 A0] f=0398 [INTERSECTION] edge_ratio=0.45 > 0.25 — would trigger
20:47:57 [INFO] [R0 T0 O0 D0 A0] f=0398 TAGS=pole_misclassified(x5) wall_edge_detected(x2) dashed_reject_center(x2) offset=+0.0340 mode=two_boundary conf=0.65
20:47:57 [INFO] f=0398 t=14.6ms offset=+0.3808 head=+12.36° drive=go      stop_sign=F lane_mode=two_boundary imu_n=0 yaw=+0.0°/s
20:47:57 [INFO] [R0 T0 O0 D0 A0] f=0399 [INTERSECTION] edge_ratio=0.57 > 0.25 — would trigger
20:47:57 [INFO] [R0 T0 O0 D0 A0] f=0399 TAGS=pole_misclassified(x4) wall_edge_detected(x2) dashed_reject_center(x1) offset=+0.0844 mode=two_boundary conf=0.46
20:47:57 [INFO] f=0399 t=15.7ms offset=+0.4141 head=+12.38° drive=go      stop_sign=F lane_mode=two_boundary imu_n=0 yaw=+0.0°/s
20:47:57 [INFO] [R0 T0 O0 D0 A0] f=0400 TAGS=pole_misclassified(x3) wall_edge_detected(x1) dashed_reject_center(x1) offset=+0.2467 mode=two_boundary conf=0.47
20:47:57 [INFO] f=0400 t=26.5ms offset=+0.4360 head=+12.63° drive=go      stop_sign=F lane_mode=two_boundary imu_n=0 yaw=+0.0°/s
20:47:57 [INFO] [R0 T0 O0 D0 A0] f=0401 TAGS=pole_misclassified(x3) wall_edge_detected(x2) dashed_reject_center(x1) offset=+0.0985 mode=two_boundary conf=0.56
20:47:57 [INFO] f=0401 t=12.6ms offset=+0.3934 head=+12.34° drive=go      stop_sign=F lane_mode=two_boundary imu_n=0 yaw=+0.0°/s
20:47:57 [INFO] [R0 T0 O0 D0 A0] f=0402 TAGS=pole_misclassified(x4) wall_edge_detected(x2) dashed_reject_center(x2) offset=+0.3623 mode=two_boundary conf=0.44
20:47:57 [INFO] f=0402 t=12.7ms offset=+0.4259 head=+12.49° drive=go      stop_sign=F lane_mode=two_boundary imu_n=0 yaw=+0.0°/s
20:47:57 [INFO] [R0 T0 O0 D0 A0] f=0403 TAGS=pole_misclassified(x6) wall_edge_detected(x2) offset=+0.0320 mode=two_boundary conf=0.56
20:47:57 [INFO] f=0403 t=27.7ms offset=+0.3674 head=+11.98° drive=go      stop_sign=F lane_mode=two_boundary imu_n=0 yaw=+0.0°/s
20:47:57 [INFO] [R0 T0 O0 D0 A0] f=0404 TAGS=pole_misclassified(x9) wall_edge_detected(x2) dashed_reject_center(x2) offset=+0.0199 mode=two_boundary conf=0.51
20:47:57 [INFO] f=0404 t=29.2ms offset=+0.4251 head=+12.25° drive=go      stop_sign=F lane_mode=two_boundary imu_n=0 yaw=+0.0°/s
20:47:57 [INFO] [R0 T0 O0 D0 A0] f=0405 TAGS=pole_misclassified(x5) wall_edge_detected(x2) dashed_reject_center(x1) offset=+0.1004 mode=two_boundary conf=0.52
20:47:57 [INFO] f=0405 t=13.0ms offset=+0.3682 head=+11.83° drive=go      stop_sign=F lane_mode=two_boundary imu_n=0 yaw=+0.0°/s
20:47:57 [INFO] [R0 T0 O0 D0 A0] f=0406 TAGS=pole_misclassified(x5) wall_edge_detected(x2) dashed_reject_center(x1) offset=-0.0445 mode=two_boundary conf=0.47
20:47:57 [INFO] f=0406 t=9.1ms offset=+0.3603 head=+11.47° drive=go      stop_sign=F lane_mode=two_boundary imu_n=0 yaw=+0.0°/s
20:47:57 [INFO] [R0 T0 O0 D0 A0] f=0407 TAGS=pole_misclassified(x4) wall_edge_detected(x1) dashed_reject_center(x2) offset=+0.0979 mode=two_boundary conf=0.55
20:47:57 [INFO] f=0407 t=14.5ms offset=+0.3928 head=+11.58° drive=go      stop_sign=F lane_mode=two_boundary imu_n=0 yaw=+0.0°/s
20:47:57 [INFO] [R0 T0 O0 D0 A0] f=0408 TAGS=pole_misclassified(x4) wall_edge_detected(x1) dashed_reject_center(x2) offset=+0.1031 mode=two_boundary conf=0.58
20:47:57 [INFO] f=0408 t=17.8ms offset=+0.3638 head=+11.35° drive=go      stop_sign=F lane_mode=two_boundary imu_n=0 yaw=+0.0°/s
20:47:57 [INFO] [R0 T0 O0 D0 A0] f=0409 TAGS=pole_misclassified(x3) wall_edge_detected(x1) dashed_reject_center(x2) offset=-0.0070 mode=two_boundary conf=0.57
20:47:57 [INFO] f=0409 t=17.9ms offset=+0.2701 head=+10.21° drive=go      stop_sign=F lane_mode=two_boundary imu_n=0 yaw=+0.0°/s
20:47:57 [INFO] [R0 T0 O0 D0 A0] f=0410 TAGS=pole_misclassified(x2) dashed_reject_center(x1) offset=+0.1576 mode=two_boundary conf=0.44
20:47:57 [INFO] f=0410 t=18.0ms offset=+0.2972 head=+9.76° drive=go      stop_sign=F lane_mode=two_boundary imu_n=0 yaw=+0.0°/s
20:47:57 [INFO] [R0 T0 O0 D0 A0] f=0411 TAGS=pole_misclassified(x2) dashed_reject_center(x1) offset=+0.0104 mode=two_boundary conf=0.59
20:47:57 [INFO] f=0411 t=17.0ms offset=+0.2972 head=+9.76° drive=go      stop_sign=F lane_mode=two_boundary imu_n=0 yaw=+0.0°/s
20:47:57 [INFO] [R0 T0 O0 D0 A0] f=0412 TAGS=pole_misclassified(x5) dashed_reject_center(x2) offset=+0.1629 mode=two_boundary conf=0.56
20:47:57 [INFO] f=0412 t=12.8ms offset=+0.3561 head=+10.08° drive=go      stop_sign=F lane_mode=two_boundary imu_n=0 yaw=+0.0°/s
20:47:57 [INFO] [R0 T0 O0 D0 A0] f=0413 TAGS=pole_misclassified(x5) offset=+0.1450 mode=two_boundary conf=0.44
20:47:57 [INFO] f=0413 t=9.7ms offset=+0.3531 head=+10.26° drive=go      stop_sign=F lane_mode=two_boundary imu_n=0 yaw=+0.0°/s
20:47:57 [INFO] [R0 T0 O0 D0 A0] f=0414 TAGS=pole_misclassified(x4) offset=-0.0044 mode=two_boundary conf=0.56
20:47:57 [INFO] f=0414 t=14.0ms offset=+0.4676 head=+11.58° drive=go      stop_sign=F lane_mode=two_boundary imu_n=0 yaw=+0.0°/s
20:47:57 [INFO] [R0 T0 O0 D0 A0] f=0415 TAGS=pole_misclassified(x5) wall_edge_detected(x1) offset=+0.2820 mode=two_boundary conf=0.48
20:47:57 [INFO] f=0415 t=20.3ms offset=+0.4495 head=+12.25° drive=go      stop_sign=F lane_mode=two_boundary imu_n=0 yaw=+0.0°/s
20:47:57 [INFO] [R0 T0 O0 D0 A0] f=0416 TAGS=pole_misclassified(x4) dashed_reject_center(x1) offset=+0.2590 mode=two_boundary conf=0.49
20:47:57 [INFO] f=0416 t=12.4ms offset=+0.4078 head=+12.24° drive=go      stop_sign=F lane_mode=two_boundary imu_n=0 yaw=+0.0°/s
20:47:57 [INFO] [R0 T0 O0 D0 A0] f=0417 TAGS=pole_misclassified(x2) dashed_reject_center(x2) offset=+0.2214 mode=two_boundary conf=0.61
20:47:57 [INFO] f=0417 t=14.9ms offset=+0.3633 head=+11.77° drive=go      stop_sign=F lane_mode=two_boundary imu_n=0 yaw=+0.0°/s
20:47:57 [INFO] [R0 T0 O0 D0 A0] f=0418 TAGS=pole_misclassified(x6) wall_edge_detected(x1) dashed_reject_center(x1) offset=-0.0190 mode=two_boundary conf=0.44
20:47:57 [INFO] f=0418 t=10.7ms offset=+0.4000 head=+11.85° drive=go      stop_sign=F lane_mode=two_boundary imu_n=0 yaw=+0.0°/s
20:47:58 [INFO] [R0 T0 O0 D0 A0] f=0419 [INTERSECTION] edge_ratio=0.32 > 0.25 — would trigger
20:47:58 [WARNING] Frame 419: budget exceeded 172.0 ms (budget 66.7 ms)
20:47:58 [INFO] [R0 T0 O0 D0 A0] f=0419 TAGS=pole_misclassified(x4) wall_edge_detected(x1) dashed_reject_center(x2) offset=+0.0405 mode=two_boundary conf=0.58
20:47:58 [INFO] f=0419 t=172.0ms offset=+0.4807 head=+12.75° drive=go      stop_sign=F lane_mode=two_boundary imu_n=0 yaw=+0.0°/s
20:47:58 [INFO] [R0 T0 O0 D0 A0] f=0420 [INTERSECTION] edge_ratio=0.30 > 0.25 — would trigger
20:47:58 [INFO] [R0 T0 O0 D0 A0] f=0420 TAGS=pole_misclassified(x6) wall_edge_detected(x1) dashed_reject_center(x2) offset=+0.2878 mode=two_boundary conf=0.58
20:47:58 [INFO] f=0420 t=54.9ms offset=+0.4465 head=+12.98° drive=go      stop_sign=F lane_mode=two_boundary imu_n=0 yaw=+0.0°/s
20:47:58 [INFO] [R0 T0 O0 D0 A0] f=0421 TAGS=pole_misclassified(x6) wall_edge_detected(x1) offset=+0.2182 mode=two_boundary conf=0.55
20:47:58 [INFO] f=0421 t=21.2ms offset=+0.3637 head=+12.25° drive=go      stop_sign=F lane_mode=two_boundary imu_n=0 yaw=+0.0°/s
20:47:58 [INFO] [R0 T0 O0 D0 A0] f=0422 TAGS=pole_misclassified(x4) dashed_reject_center(x2) offset=+0.2825 mode=two_boundary conf=0.56
20:47:58 [INFO] f=0422 t=29.0ms offset=+0.4572 head=+12.77° drive=go      stop_sign=F lane_mode=two_boundary imu_n=0 yaw=+0.0°/s
20:47:58 [INFO] [R0 T0 O0 D0 A0] f=0423 TAGS=pole_misclassified(x6) dashed_reject_center(x2) offset=+0.2185 mode=two_boundary conf=0.56
20:47:58 [INFO] f=0423 t=16.3ms offset=+0.4847 head=+13.39° drive=go      stop_sign=F lane_mode=two_boundary imu_n=0 yaw=+0.0°/s
20:47:58 [INFO] [R0 T0 O0 D0 A0] f=0424 TAGS=pole_misclassified(x5) dashed_reject_center(x2) offset=-0.0119 mode=two_boundary conf=0.57
20:47:58 [INFO] f=0424 t=26.0ms offset=+0.4700 head=+13.64° drive=go      stop_sign=F lane_mode=two_boundary imu_n=0 yaw=+0.0°/s
20:47:58 [INFO] [R0 T0 O0 D0 A0] f=0425 TAGS=pole_misclassified(x6) dashed_reject_center(x1) offset=+0.3540 mode=two_boundary conf=0.61
20:47:58 [INFO] f=0425 t=14.7ms offset=+0.4951 head=+14.06° drive=go      stop_sign=F lane_mode=two_boundary imu_n=0 yaw=+0.0°/s
20:47:58 [INFO] [R0 T0 O0 D0 A0] f=0426 TAGS=pole_misclassified(x8) dashed_reject_center(x2) offset=+0.3233 mode=two_boundary conf=0.55
20:47:58 [INFO] f=0426 t=19.1ms offset=+0.4897 head=+14.28° drive=go      stop_sign=F lane_mode=two_boundary imu_n=0 yaw=+0.0°/s
20:47:58 [INFO] [R0 T0 O0 D0 A0] f=0427 TAGS=pole_misclassified(x7) dashed_reject_center(x4) offset=+0.2754 mode=two_boundary conf=0.55
20:47:58 [INFO] f=0427 t=22.7ms offset=+0.4641 head=+14.16° drive=go      stop_sign=F lane_mode=two_boundary imu_n=0 yaw=+0.0°/s
20:47:58 [INFO] [R0 T0 O0 D0 A0] f=0428 [INTERSECTION] edge_ratio=0.37 > 0.25 — would trigger
20:47:58 [INFO] [R0 T0 O0 D0 A0] f=0428 TAGS=pole_misclassified(x9) dashed_reject_center(x3) offset=+0.0246 mode=two_boundary conf=0.55
20:47:58 [INFO] f=0428 t=12.7ms offset=+0.4258 head=+13.67° drive=go      stop_sign=F lane_mode=two_boundary imu_n=0 yaw=+0.0°/s
20:47:58 [WARNING] Frame 429: budget exceeded 142.5 ms (budget 66.7 ms)
20:47:58 [INFO] [R0 T0 O0 D0 A0] f=0429 TAGS=pole_misclassified(x12) wall_edge_detected(x1) dashed_reject_center(x4) offset=+0.0355 mode=two_boundary conf=0.55
20:47:58 [INFO] f=0429 t=142.5ms offset=+0.3713 head=+12.79° drive=go      stop_sign=F lane_mode=two_boundary imu_n=0 yaw=+0.0°/s
20:47:58 [INFO] [R0 T0 O0 D0 A0] f=0430 TAGS=pole_misclassified(x9) wall_edge_detected(x1) dashed_reject_center(x1) offset=-0.0760 mode=two_boundary conf=0.53
20:47:58 [INFO] f=0430 t=15.2ms offset=+0.3148 head=+11.62° drive=go      stop_sign=F lane_mode=two_boundary imu_n=0 yaw=+0.0°/s
20:47:58 [INFO] [R0 T0 O0 D0 A0] f=0431 TAGS=pole_misclassified(x11) wall_edge_detected(x2) dashed_reject_center(x2) offset=-0.0751 mode=two_boundary conf=0.53
20:47:58 [INFO] f=0431 t=11.2ms offset=+0.3136 head=+10.84° drive=go      stop_sign=F lane_mode=two_boundary imu_n=0 yaw=+0.0°/s
20:47:58 [INFO] [R0 T0 O0 D0 A0] f=0432 TAGS=pole_misclassified(x11) wall_edge_detected(x1) dashed_reject_center(x3) offset=+0.0194 mode=two_boundary conf=0.58
20:47:58 [INFO] f=0432 t=10.7ms offset=+0.4320 head=+11.58° drive=go      stop_sign=F lane_mode=two_boundary imu_n=0 yaw=+0.0°/s
20:47:58 [INFO] [R0 T0 O0 D0 A0] f=0433 TAGS=pole_misclassified(x8) dashed_reject_center(x5) offset=-0.0462 mode=two_boundary conf=0.48
20:47:58 [INFO] f=0433 t=10.3ms offset=+0.4320 head=+11.58° drive=go      stop_sign=F lane_mode=two_boundary imu_n=0 yaw=+0.0°/s
20:47:58 [INFO] [R0 T0 O0 D0 A0] f=0434 TAGS=pole_misclassified(x8) dashed_reject_center(x7) offset=+0.1004 mode=two_boundary conf=0.58
20:47:58 [INFO] f=0434 t=14.9ms offset=+0.4923 head=+12.70° drive=go      stop_sign=F lane_mode=two_boundary imu_n=0 yaw=+0.0°/s
20:47:58 [INFO] [R0 T0 O0 D0 A0] f=0435 TAGS=pole_misclassified(x7) dashed_reject_center(x5) offset=-0.0118 mode=two_boundary conf=0.57
20:47:58 [INFO] f=0435 t=13.0ms offset=+0.4108 head=+12.57° drive=go      stop_sign=F lane_mode=two_boundary imu_n=0 yaw=+0.0°/s
20:47:58 [INFO] [R0 T0 O0 D0 A0] f=0436 TAGS=pole_misclassified(x3) wall_edge_detected(x1) dashed_reject_center(x5) offset=-0.0154 mode=two_boundary conf=0.45
20:47:58 [INFO] f=0436 t=12.6ms offset=+0.4108 head=+12.57° drive=go      stop_sign=F lane_mode=two_boundary imu_n=0 yaw=+0.0°/s
20:47:58 [INFO] [R0 T0 O0 D0 A0] f=0437 TAGS=pole_misclassified(x8) dashed_reject_center(x6) offset=-0.0233 mode=two_boundary conf=0.61
20:47:58 [INFO] f=0437 t=17.8ms offset=+0.4243 head=+12.62° drive=go      stop_sign=F lane_mode=two_boundary imu_n=0 yaw=+0.0°/s
20:47:58 [INFO] [R0 T0 O0 D0 A0] f=0438 TAGS=pole_misclassified(x4) dashed_reject_center(x5) offset=+0.1890 mode=two_boundary conf=0.60
20:47:58 [INFO] f=0438 t=22.0ms offset=+0.4917 head=+13.37° drive=go      stop_sign=F lane_mode=two_boundary imu_n=0 yaw=+0.0°/s
20:47:58 [INFO] [R0 T0 O0 D0 A0] f=0439 TAGS=pole_misclassified(x8) wall_edge_detected(x1) dashed_reject_center(x6) offset=-0.0598 mode=two_boundary conf=0.58
20:47:58 [INFO] f=0439 t=10.8ms offset=+0.3689 head=+12.56° drive=go      stop_sign=F lane_mode=two_boundary imu_n=0 yaw=+0.0°/s
20:47:58 [INFO] [R0 T0 O0 D0 A0] f=0440 TAGS=pole_misclassified(x8) dashed_reject_center(x4) offset=-0.0692 mode=two_boundary conf=0.61
20:47:58 [INFO] f=0440 t=11.0ms offset=+0.2855 head=+11.16° drive=go      stop_sign=F lane_mode=two_boundary imu_n=0 yaw=+0.0°/s
20:47:58 [INFO] [R0 T0 O0 D0 A0] f=0441 TAGS=pole_misclassified(x7) dashed_reject_center(x5) offset=-0.0536 mode=two_boundary conf=0.51
20:47:58 [INFO] f=0441 t=16.9ms offset=+0.2906 head=+10.31° drive=go      stop_sign=F lane_mode=two_boundary imu_n=0 yaw=+0.0°/s
20:47:58 [INFO] [R0 T0 O0 D0 A0] f=0442 TAGS=pole_misclassified(x6) dashed_reject_center(x8) offset=-0.0753 mode=two_boundary conf=0.60
20:47:58 [INFO] f=0442 t=17.5ms offset=+0.2822 head=+9.66° drive=go      stop_sign=F lane_mode=two_boundary imu_n=0 yaw=+0.0°/s
20:47:58 [INFO] [R0 T0 O0 D0 A0] f=0443 TAGS=pole_misclassified(x4) dashed_reject_center(x6) offset=-0.0089 mode=two_boundary conf=0.55
20:47:58 [INFO] f=0443 t=17.4ms offset=+0.2822 head=+9.66° drive=go      stop_sign=F lane_mode=two_boundary imu_n=0 yaw=+0.0°/s
20:47:58 [INFO] [R0 T0 O0 D0 A0] f=0444 TAGS=pole_misclassified(x10) dashed_reject_center(x8) offset=-0.0133 mode=two_boundary conf=0.59
20:47:58 [INFO] f=0444 t=11.5ms offset=+0.3154 head=+9.59° drive=go      stop_sign=F lane_mode=two_boundary imu_n=0 yaw=+0.0°/s
20:47:58 [INFO] [R0 T0 O0 D0 A0] f=0445 [INTERSECTION] edge_ratio=0.38 > 0.25 — would trigger
20:47:58 [INFO] [R0 T0 O0 D0 A0] f=0445 TAGS=pole_misclassified(x7) wall_edge_detected(x1) dashed_reject_center(x6) offset=-0.0391 mode=two_boundary conf=0.62
20:47:58 [INFO] f=0445 t=14.7ms offset=+0.3515 head=+9.93° drive=go      stop_sign=F lane_mode=two_boundary imu_n=0 yaw=+0.0°/s
20:47:58 [INFO] [R0 T0 O0 D0 A0] f=0446 [INTERSECTION] edge_ratio=0.41 > 0.25 — would trigger
20:47:58 [INFO] [R0 T0 O0 D0 A0] f=0446 TAGS=pole_misclassified(x8) dashed_reject_center(x8) offset=-0.0563 mode=two_boundary conf=0.55
20:47:58 [INFO] f=0446 t=16.3ms offset=+0.3037 head=+9.64° drive=go      stop_sign=F lane_mode=two_boundary imu_n=0 yaw=+0.0°/s
20:47:58 [INFO] [R0 T0 O0 D0 A0] f=0447 [INTERSECTION] edge_ratio=0.57 > 0.25 — would trigger
20:47:58 [INFO] [R0 T0 O0 D0 A0] f=0447 TAGS=pole_misclassified(x6) dashed_reject_center(x7) offset=-0.0323 mode=two_boundary conf=0.56
20:47:58 [INFO] f=0447 t=15.3ms offset=+0.3089 head=+9.51° drive=go      stop_sign=F lane_mode=two_boundary imu_n=0 yaw=+0.0°/s
20:47:58 [INFO] [R0 T0 O0 D0 A0] f=0448 TAGS=pole_misclassified(x9) dashed_reject_center(x9) offset=-0.0271 mode=two_boundary conf=0.59
20:47:58 [INFO] f=0448 t=14.9ms offset=+0.2769 head=+9.09° drive=go      stop_sign=F lane_mode=two_boundary imu_n=0 yaw=+0.0°/s
20:47:58 [INFO] [R0 T0 O0 D0 A0] f=0449 [INTERSECTION] edge_ratio=0.26 > 0.25 — would trigger
20:47:58 [INFO] [R0 T0 O0 D0 A0] f=0449 TAGS=pole_misclassified(x8) wall_edge_detected(x1) dashed_reject_center(x6) offset=+0.0012 mode=two_boundary conf=0.54
20:47:58 [INFO] f=0449 t=21.6ms offset=+0.2360 head=+8.38° drive=go      stop_sign=F lane_mode=two_boundary imu_n=0 yaw=+0.0°/s
20:47:58 [INFO] [R0 T0 O0 D0 A0] f=0450 [INTERSECTION] edge_ratio=0.36 > 0.25 — would trigger
20:47:58 [INFO] [R0 T0 O0 D0 A0] f=0450 TAGS=pole_misclassified(x10) wall_edge_detected(x2) dashed_reject_center(x7) offset=+0.0099 mode=two_boundary conf=0.45
20:47:58 [INFO] f=0450 t=22.1ms offset=+0.2344 head=+7.91° drive=go      stop_sign=F lane_mode=two_boundary imu_n=0 yaw=+0.0°/s
20:47:58 [INFO] [R0 T0 O0 D0 A0] f=0451 TAGS=pole_misclassified(x9) wall_edge_detected(x2) dashed_reject_center(x7) offset=+0.0101 mode=two_boundary conf=0.45
20:47:58 [INFO] f=0451 t=12.3ms offset=+0.2218 head=+7.47° drive=go      stop_sign=F lane_mode=two_boundary imu_n=0 yaw=+0.0°/s
20:47:58 [INFO] [R0 T0 O0 D0 A0] f=0452 [INTERSECTION] edge_ratio=0.34 > 0.25 — would trigger
20:47:58 [INFO] [R0 T0 O0 D0 A0] f=0452 TAGS=pole_misclassified(x12) wall_edge_detected(x2) dashed_reject_center(x8) offset=+0.0068 mode=two_boundary conf=0.54
20:47:58 [INFO] f=0452 t=14.7ms offset=+0.2178 head=+7.14° drive=go      stop_sign=F lane_mode=two_boundary imu_n=0 yaw=+0.0°/s
20:47:58 [INFO] [R0 T0 O0 D0 A0] f=0453 TAGS=pole_misclassified(x10) wall_edge_detected(x1) dashed_reject_center(x9) offset=+0.0554 mode=two_boundary conf=0.55
20:47:58 [INFO] f=0453 t=12.6ms offset=+0.2651 head=+7.43° drive=go      stop_sign=F lane_mode=two_boundary imu_n=0 yaw=+0.0°/s
20:47:58 [INFO] [R0 T0 O0 D0 A0] f=0454 [INTERSECTION] edge_ratio=0.32 > 0.25 — would trigger
20:47:58 [INFO] [R0 T0 O0 D0 A0] f=0454 TAGS=pole_misclassified(x11) wall_edge_detected(x1) dashed_reject_center(x8) offset=+0.0296 mode=two_boundary conf=0.52
20:47:58 [INFO] f=0454 t=14.5ms offset=+0.3126 head=+8.11° drive=go      stop_sign=F lane_mode=two_boundary imu_n=0 yaw=+0.0°/s
20:47:59 [INFO] [R0 T0 O0 D0 A0] f=0455 TAGS=pole_misclassified(x13) wall_edge_detected(x1) dashed_reject_center(x8) offset=-0.0598 mode=two_boundary conf=0.55
20:47:59 [INFO] f=0455 t=18.1ms offset=+0.3387 head=+8.83° drive=go      stop_sign=F lane_mode=two_boundary imu_n=0 yaw=+0.0°/s
20:47:59 [INFO] [R0 T0 O0 D0 A0] f=0456 TAGS=pole_misclassified(x9) wall_edge_detected(x1) dashed_reject_center(x9) offset=+0.1268 mode=two_boundary conf=0.51
20:47:59 [INFO] f=0456 t=11.8ms offset=+0.3661 head=+9.58° drive=go      stop_sign=F lane_mode=two_boundary imu_n=0 yaw=+0.0°/s
20:47:59 [INFO] [R0 T0 O0 D0 A0] f=0457 TAGS=pole_misclassified(x10) wall_edge_detected(x1) dashed_reject_center(x7) offset=+0.0180 mode=two_boundary conf=0.58
20:47:59 [INFO] f=0457 t=25.2ms offset=+0.3930 head=+10.35° drive=go      stop_sign=F lane_mode=two_boundary imu_n=0 yaw=+0.0°/s
20:47:59 [INFO] [R0 T0 O0 D0 A0] f=0458 TAGS=pole_misclassified(x12) wall_edge_detected(x1) dashed_reject_center(x7) offset=-0.1125 mode=two_boundary conf=0.54
20:47:59 [INFO] f=0458 t=13.0ms offset=+0.3483 head=+10.39° drive=go      stop_sign=F lane_mode=two_boundary imu_n=0 yaw=+0.0°/s
20:47:59 [INFO] [R0 T0 O0 D0 A0] f=0459 TAGS=pole_misclassified(x14) wall_edge_detected(x1) dashed_reject_center(x9) offset=-0.0903 mode=two_boundary conf=0.53
20:47:59 [INFO] f=0459 t=12.5ms offset=+0.3663 head=+10.60° drive=go      stop_sign=F lane_mode=two_boundary imu_n=0 yaw=+0.0°/s
20:47:59 [INFO] [R0 T0 O0 D0 A0] f=0460 TAGS=pole_misclassified(x8) wall_edge_detected(x2) dashed_reject_center(x9) offset=+0.0345 mode=two_boundary conf=0.56
20:47:59 [INFO] f=0460 t=16.8ms offset=+0.3152 head=+10.20° drive=go      stop_sign=F lane_mode=two_boundary imu_n=0 yaw=+0.0°/s
20:47:59 [INFO] [R0 T0 O0 D0 A0] f=0461 TAGS=pole_misclassified(x10) wall_edge_detected(x1) dashed_reject_center(x9) offset=+0.0540 mode=two_boundary conf=0.50
20:47:59 [INFO] f=0461 t=9.9ms offset=+0.2631 head=+9.39° drive=go      stop_sign=F lane_mode=two_boundary imu_n=0 yaw=+0.0°/s
20:47:59 [INFO] [R0 T0 O0 D0 A0] f=0462 TAGS=pole_misclassified(x7) wall_edge_detected(x2) dashed_reject_center(x9) offset=+0.0874 mode=two_boundary conf=0.54
20:47:59 [INFO] f=0462 t=15.4ms offset=+0.2671 head=+8.91° drive=go      stop_sign=F lane_mode=two_boundary imu_n=0 yaw=+0.0°/s
20:47:59 [INFO] [R0 T0 O0 D0 A0] f=0463 TAGS=pole_misclassified(x10) wall_edge_detected(x3) dashed_reject_center(x9) offset=+0.0092 mode=two_boundary conf=0.48
20:47:59 [INFO] f=0463 t=12.7ms offset=+0.2914 head=+8.85° drive=go      stop_sign=F lane_mode=two_boundary imu_n=0 yaw=+0.0°/s
20:47:59 [INFO] [R0 T0 O0 D0 A0] f=0464 TAGS=pole_misclassified(x9) wall_edge_detected(x2) dashed_reject_center(x5) offset=+0.0729 mode=two_boundary conf=0.57
20:47:59 [INFO] f=0464 t=11.0ms offset=+0.2894 head=+8.79° drive=go      stop_sign=F lane_mode=two_boundary imu_n=0 yaw=+0.0°/s
20:47:59 [INFO] [R0 T0 O0 D0 A0] f=0465 TAGS=pole_misclassified(x12) wall_edge_detected(x2) dashed_reject_center(x6) offset=+0.0248 mode=two_boundary conf=0.50
20:47:59 [INFO] f=0465 t=22.8ms offset=+0.3055 head=+8.92° drive=go      stop_sign=F lane_mode=two_boundary imu_n=0 yaw=+0.0°/s
20:47:59 [INFO] [R0 T0 O0 D0 A0] f=0466 TAGS=pole_misclassified(x14) wall_edge_detected(x2) dashed_reject_center(x6) offset=-0.0011 mode=two_boundary conf=0.51
20:47:59 [INFO] f=0466 t=11.1ms offset=+0.2967 head=+8.92° drive=go      stop_sign=F lane_mode=two_boundary imu_n=0 yaw=+0.0°/s
20:47:59 [INFO] [R0 T0 O0 D0 A0] f=0467 TAGS=pole_misclassified(x9) wall_edge_detected(x2) dashed_reject_center(x3) offset=-0.0092 mode=two_boundary conf=0.57
20:47:59 [INFO] f=0467 t=16.7ms offset=+0.2684 head=+8.61° drive=go      stop_sign=F lane_mode=two_boundary imu_n=0 yaw=+0.0°/s
20:47:59 [INFO] [R0 T0 O0 D0 A0] f=0468 TAGS=pole_misclassified(x12) wall_edge_detected(x2) dashed_reject_center(x5) offset=-0.0130 mode=two_boundary conf=0.55
20:47:59 [INFO] f=0468 t=13.9ms offset=+0.2685 head=+8.42° drive=go      stop_sign=F lane_mode=two_boundary imu_n=0 yaw=+0.0°/s
20:47:59 [INFO] [R0 T0 O0 D0 A0] f=0469 TAGS=pole_misclassified(x7) wall_edge_detected(x2) dashed_reject_center(x7) offset=+0.0692 mode=two_boundary conf=0.56
20:47:59 [INFO] f=0469 t=13.3ms offset=+0.3334 head=+8.97° drive=go      stop_sign=F lane_mode=two_boundary imu_n=0 yaw=+0.0°/s
20:47:59 [INFO] [R0 T0 O0 D0 A0] f=0470 TAGS=pole_misclassified(x6) wall_edge_detected(x2) dashed_reject_center(x8) offset=-0.0012 mode=two_boundary conf=0.60
20:47:59 [INFO] f=0470 t=14.0ms offset=+0.3075 head=+9.06° drive=go      stop_sign=F lane_mode=two_boundary imu_n=0 yaw=+0.0°/s
20:47:59 [INFO] [R0 T0 O0 D0 A0] f=0471 TAGS=pole_misclassified(x7) wall_edge_detected(x2) dashed_reject_center(x4) offset=-0.0164 mode=two_boundary conf=0.43
20:47:59 [INFO] f=0471 t=12.5ms offset=+0.2436 head=+8.45° drive=go      stop_sign=F lane_mode=two_boundary imu_n=0 yaw=+0.0°/s
20:47:59 [INFO] [R0 T0 O0 D0 A0] f=0472 TAGS=pole_misclassified(x11) wall_edge_detected(x1) dashed_reject_center(x6) offset=+0.0373 mode=two_boundary conf=0.59
20:47:59 [INFO] f=0472 t=19.2ms offset=+0.2203 head=+7.80° drive=go      stop_sign=F lane_mode=two_boundary imu_n=0 yaw=+0.0°/s
20:47:59 [INFO] [R0 T0 O0 D0 A0] f=0473 TAGS=pole_misclassified(x10) wall_edge_detected(x1) dashed_reject_center(x4) offset=-0.0483 mode=two_boundary conf=0.57
20:47:59 [INFO] f=0473 t=9.3ms offset=+0.3529 head=+8.78° drive=go      stop_sign=F lane_mode=two_boundary imu_n=0 yaw=+0.0°/s
20:47:59 [INFO] [R0 T0 O0 D0 A0] f=0474 TAGS=pole_misclassified(x12) wall_edge_detected(x1) dashed_reject_center(x4) offset=-0.0254 mode=two_boundary conf=0.51
20:47:59 [INFO] f=0474 t=17.3ms offset=+0.3436 head=+9.31° drive=go      stop_sign=F lane_mode=two_boundary imu_n=0 yaw=+0.0°/s
20:47:59 [INFO] [R0 T0 O0 D0 A0] f=0475 TAGS=pole_misclassified(x8) wall_edge_detected(x2) dashed_reject_center(x4) offset=+0.1077 mode=two_boundary conf=0.52
20:47:59 [INFO] f=0475 t=11.5ms offset=+0.3506 head=+9.73° drive=go      stop_sign=F lane_mode=two_boundary imu_n=0 yaw=+0.0°/s
20:47:59 [INFO] [R0 T0 O0 D0 A0] f=0476 TAGS=pole_misclassified(x11) wall_edge_detected(x3) dashed_reject_center(x4) offset=+0.0300 mode=two_boundary conf=0.51
20:47:59 [INFO] f=0476 t=13.4ms offset=+0.3305 head=+9.80° drive=go      stop_sign=F lane_mode=two_boundary imu_n=0 yaw=+0.0°/s
20:47:59 [INFO] [R0 T0 O0 D0 A0] f=0477 TAGS=pole_misclassified(x13) wall_edge_detected(x2) dashed_reject_center(x3) offset=-0.0197 mode=two_boundary conf=0.51
20:47:59 [INFO] f=0477 t=11.1ms offset=+0.4117 head=+10.69° drive=go      stop_sign=F lane_mode=two_boundary imu_n=0 yaw=+0.0°/s
20:47:59 [INFO] [R0 T0 O0 D0 A0] f=0478 TAGS=pole_misclassified(x13) wall_edge_detected(x2) dashed_reject_center(x3) offset=-0.0790 mode=two_boundary conf=0.60
20:47:59 [INFO] f=0478 t=19.1ms offset=+0.3719 head=+10.86° drive=go      stop_sign=F lane_mode=two_boundary imu_n=0 yaw=+0.0°/s
20:47:59 [INFO] [R0 T0 O0 D0 A0] f=0479 TAGS=pole_misclassified(x12) wall_edge_detected(x3) dashed_reject_center(x6) offset=+0.1014 mode=two_boundary conf=0.50
20:47:59 [INFO] f=0479 t=19.7ms offset=+0.3301 head=+10.52° drive=go      stop_sign=F lane_mode=two_boundary imu_n=0 yaw=+0.0°/s
20:47:59 [INFO] [R0 T0 O0 D0 A0] f=0480 TAGS=pole_misclassified(x12) wall_edge_detected(x2) dashed_reject_center(x6) offset=+0.0262 mode=two_boundary conf=0.52
20:47:59 [INFO] f=0480 t=16.5ms offset=+0.3226 head=+10.23° drive=go      stop_sign=F lane_mode=two_boundary imu_n=0 yaw=+0.0°/s
20:47:59 [INFO] [R0 T0 O0 D0 A0] f=0481 TAGS=pole_misclassified(x16) wall_edge_detected(x4) dashed_reject_center(x6) offset=-0.0259 mode=two_boundary conf=0.52
20:47:59 [INFO] f=0481 t=10.1ms offset=+0.2810 head=+9.60° drive=go      stop_sign=F lane_mode=two_boundary imu_n=0 yaw=+0.0°/s
20:47:59 [INFO] [R0 T0 O0 D0 A0] f=0482 [INTERSECTION] edge_ratio=0.29 > 0.25 — would trigger
20:47:59 [INFO] [R0 T0 O0 D0 A0] f=0482 TAGS=pole_misclassified(x14) wall_edge_detected(x4) dashed_reject_center(x6) offset=-0.0541 mode=two_boundary conf=0.51
20:47:59 [INFO] f=0482 t=13.4ms offset=+0.3242 head=+9.64° drive=go      stop_sign=F lane_mode=two_boundary imu_n=0 yaw=+0.0°/s
20:47:59 [INFO] [R0 T0 O0 D0 A0] f=0483 [INTERSECTION] edge_ratio=0.32 > 0.25 — would trigger
20:47:59 [INFO] [R0 T0 O0 D0 A0] f=0483 TAGS=pole_misclassified(x14) wall_edge_detected(x3) dashed_reject_center(x4) offset=-0.0123 mode=two_boundary conf=0.52
20:47:59 [INFO] f=0483 t=19.4ms offset=+0.2803 head=+9.21° drive=go      stop_sign=F lane_mode=two_boundary imu_n=0 yaw=+0.0°/s
20:47:59 [INFO] [R0 T0 O0 D0 A0] f=0484 TAGS=pole_misclassified(x8) wall_edge_detected(x2) dashed_reject_center(x7) offset=-0.1103 mode=two_boundary conf=0.58
20:47:59 [INFO] f=0484 t=10.9ms offset=+0.3062 head=+9.20° drive=go      stop_sign=F lane_mode=two_boundary imu_n=0 yaw=+0.0°/s
20:47:59 [INFO] [R0 T0 O0 D0 A0] f=0485 TAGS=pole_misclassified(x10) wall_edge_detected(x3) dashed_reject_center(x7) offset=+0.0511 mode=two_boundary conf=0.53
20:47:59 [INFO] f=0485 t=19.3ms offset=+0.2833 head=+8.96° drive=go      stop_sign=F lane_mode=two_boundary imu_n=0 yaw=+0.0°/s
20:47:59 [INFO] [R0 T0 O0 D0 A0] f=0486 TAGS=pole_misclassified(x13) wall_edge_detected(x5) dashed_reject_center(x5) offset=-0.0648 mode=two_boundary conf=0.52
20:47:59 [INFO] f=0486 t=9.6ms offset=+0.2054 head=+7.98° drive=go      stop_sign=F lane_mode=two_boundary imu_n=0 yaw=+0.0°/s
20:47:59 [WARNING] Frame 487: budget exceeded 147.0 ms (budget 66.7 ms)
20:47:59 [INFO] [R0 T0 O0 D0 A0] f=0487 TAGS=pole_misclassified(x9) wall_edge_detected(x3) dashed_reject_center(x5) offset=-0.0214 mode=two_boundary conf=0.52
20:47:59 [INFO] f=0487 t=147.0ms offset=+0.2614 head=+7.93° drive=go      stop_sign=F lane_mode=two_boundary imu_n=0 yaw=+0.0°/s
20:47:59 [INFO] [R0 T0 O0 D0 A0] f=0488 TAGS=pole_misclassified(x11) wall_edge_detected(x2) dashed_reject_center(x4) offset=-0.0285 mode=two_boundary conf=0.52
20:47:59 [INFO] f=0488 t=41.8ms offset=+0.2469 head=+7.75° drive=go      stop_sign=F lane_mode=two_boundary imu_n=0 yaw=+0.0°/s
20:47:59 [INFO] [R0 T0 O0 D0 A0] f=0489 TAGS=pole_misclassified(x13) wall_edge_detected(x1) dashed_reject_center(x3) offset=+0.0370 mode=two_boundary conf=0.51
20:47:59 [INFO] f=0489 t=14.2ms offset=+0.2738 head=+7.91° drive=go      stop_sign=F lane_mode=two_boundary imu_n=0 yaw=+0.0°/s
20:47:59 [INFO] [R0 T0 O0 D0 A0] f=0490 TAGS=pole_misclassified(x8) wall_edge_detected(x3) dashed_reject_center(x3) offset=+0.0361 mode=two_boundary conf=0.51
20:47:59 [INFO] f=0490 t=23.1ms offset=+0.4061 head=+9.41° drive=go      stop_sign=F lane_mode=two_boundary imu_n=0 yaw=+0.0°/s
20:47:59 [INFO] [R0 T0 O0 D0 A0] f=0491 TAGS=pole_misclassified(x2) wall_edge_detected(x2) dashed_reject_center(x1) anchor_wrong_half offset=+1.0000 mode=two_boundary conf=0.55
20:47:59 [INFO] f=0491 t=12.0ms offset=+0.4061 head=+9.41° drive=go      stop_sign=F lane_mode=two_boundary imu_n=0 yaw=+0.0°/s
20:47:59 [INFO] [R0 T0 O0 D0 A0] f=0492 TAGS=pole_misclassified(x1) wall_edge_detected(x1) offset=+0.2877 mode=two_boundary conf=0.59
20:47:59 [INFO] f=0492 t=11.1ms offset=+0.4061 head=+9.41° drive=go      stop_sign=F lane_mode=two_boundary imu_n=0 yaw=+0.0°/s
20:47:59 [INFO] f=0493 t=8.7ms offset=+0.4061 head=+9.41° drive=go      stop_sign=F lane_mode=right_only imu_n=0 yaw=+0.0°/s
20:47:59 [INFO] [R0 T0 O0 D0 A0] f=0494 TAGS=anchor_wrong_half offset=-0.8115 mode=width_rejected conf=0.60
20:47:59 [INFO] f=0494 t=8.8ms offset=+0.4859 head=+11.22° drive=go      stop_sign=F lane_mode=width_rejected imu_n=0 yaw=+0.0°/s
20:47:59 [INFO] [R0 T0 O0 D0 A0] f=0495 TAGS=pole_misclassified(x1) offset=-0.0234 mode=two_boundary conf=0.56
20:47:59 [INFO] f=0495 t=16.7ms offset=+0.5343 head=+12.90° drive=go      stop_sign=F lane_mode=two_boundary imu_n=0 yaw=+0.0°/s
20:47:59 [INFO] [R0 T0 O0 D0 A0] f=0496 TAGS=pole_misclassified(x1) dashed_reject_center(x1) offset=+0.7375 mode=left_only conf=0.52
20:47:59 [INFO] f=0496 t=13.6ms offset=+0.3794 head=+12.37° drive=go      stop_sign=F lane_mode=left_only imu_n=0 yaw=+0.0°/s
20:47:59 [INFO] [R0 T0 O0 D0 A0] f=0497 TAGS=pole_misclassified(x2) dashed_reject_center(x1) offset=+0.0535 mode=two_boundary conf=0.55
20:47:59 [INFO] f=0497 t=12.5ms offset=+0.2722 head=+10.90° drive=go      stop_sign=F lane_mode=two_boundary imu_n=0 yaw=+0.0°/s
20:47:59 [INFO] [R0 T0 O0 D0 A0] f=0498 TAGS=pole_misclassified(x2) dashed_reject_center(x1) offset=+0.0972 mode=two_boundary conf=0.54
20:47:59 [INFO] f=0498 t=21.3ms offset=+0.2093 head=+9.28° drive=go      stop_sign=F lane_mode=two_boundary imu_n=0 yaw=+0.0°/s
20:47:59 [INFO] [R0 T0 O0 D0 A0] f=0499 TAGS=pole_misclassified(x1) dashed_reject_center(x1) offset=-0.0226 mode=two_boundary conf=0.55
20:47:59 [INFO] f=0499 t=11.8ms offset=+0.2093 head=+9.28° drive=go      stop_sign=F lane_mode=two_boundary imu_n=0 yaw=+0.0°/s
20:47:59 [INFO] [R0 T0 O0 D0 A0] f=0500 TAGS=dashed_reject_center(x1) offset=-0.7729 mode=right_only conf=0.58
20:47:59 [INFO] f=0500 t=12.4ms offset=+0.2093 head=+9.28° drive=go      stop_sign=F lane_mode=right_only imu_n=0 yaw=+0.0°/s
20:48:00 [INFO] [R0 T0 O0 D0 A0] f=0501 TAGS=pole_misclassified(x2) wall_edge_detected(x1) dashed_reject_center(x3) offset=+0.1529 mode=two_boundary conf=0.43
20:48:00 [INFO] f=0501 t=9.1ms offset=+0.2093 head=+9.28° drive=go      stop_sign=F lane_mode=two_boundary imu_n=0 yaw=+0.0°/s
20:48:00 [INFO] [R0 T0 O0 D0 A0] f=0502 TAGS=pole_misclassified(x4) wall_edge_detected(x3) dashed_reject_center(x3) offset=-0.7605 mode=two_boundary conf=0.53
20:48:00 [INFO] f=0502 t=23.4ms offset=+0.2093 head=+9.28° drive=go      stop_sign=F lane_mode=two_boundary imu_n=0 yaw=+0.0°/s
20:48:00 [INFO] [R0 T0 O0 D0 A0] f=0503 TAGS=pole_misclassified(x4) wall_edge_detected(x1) dashed_reject_center(x5) offset=-0.5043 mode=two_boundary conf=0.47
20:48:00 [INFO] f=0503 t=11.0ms offset=+0.1937 head=+8.07° drive=go      stop_sign=F lane_mode=two_boundary imu_n=0 yaw=+0.0°/s
20:48:00 [INFO] [R0 T0 O0 D0 A0] f=0504 TAGS=pole_misclassified(x3) dashed_reject_center(x8) offset=-0.0530 mode=two_boundary conf=0.55
20:48:00 [INFO] f=0504 t=15.3ms offset=+0.1937 head=+8.07° drive=go      stop_sign=F lane_mode=two_boundary imu_n=0 yaw=+0.0°/s
20:48:00 [INFO] [R0 T0 O0 D0 A0] f=0505 TAGS=pole_misclassified(x5) wall_edge_detected(x2) dashed_reject_center(x5) offset=+0.2382 mode=two_boundary conf=0.46
20:48:00 [INFO] f=0505 t=10.3ms offset=+0.1937 head=+8.07° drive=go      stop_sign=F lane_mode=two_boundary imu_n=0 yaw=+0.0°/s
20:48:00 [WARNING] Frame 506: budget exceeded 189.0 ms (budget 66.7 ms)
20:48:00 [INFO] [R0 T0 O0 D0 A0] f=0506 TAGS=pole_misclassified(x6) wall_edge_detected(x1) dashed_reject_center(x7) offset=-0.0198 mode=two_boundary conf=0.51
20:48:00 [INFO] f=0506 t=189.0ms offset=+0.3559 head=+8.98° drive=go      stop_sign=F lane_mode=two_boundary imu_n=0 yaw=+0.0°/s
20:48:00 [INFO] [R0 T0 O0 D0 A0] f=0507 TAGS=pole_misclassified(x4) wall_edge_detected(x2) dashed_reject_center(x7) offset=+0.1198 mode=two_boundary conf=0.45
20:48:00 [INFO] f=0507 t=39.9ms offset=+0.3559 head=+8.98° drive=go      stop_sign=F lane_mode=two_boundary imu_n=0 yaw=+0.0°/s
20:48:00 [INFO] [R0 T0 O0 D0 A0] f=0508 TAGS=pole_misclassified(x11) wall_edge_detected(x4) dashed_reject_center(x9) offset=-0.0310 mode=two_boundary conf=0.56
20:48:00 [INFO] f=0508 t=20.2ms offset=+0.2980 head=+8.97° drive=go      stop_sign=F lane_mode=two_boundary imu_n=0 yaw=+0.0°/s
20:48:00 [INFO] [R0 T0 O0 D0 A0] f=0509 TAGS=pole_misclassified(x12) wall_edge_detected(x3) dashed_reject_center(x13) offset=-0.0435 mode=two_boundary conf=0.54
20:48:00 [INFO] f=0509 t=19.6ms offset=+0.2529 head=+8.48° drive=go      stop_sign=F lane_mode=two_boundary imu_n=0 yaw=+0.0°/s
20:48:00 [INFO] [R0 T0 O0 D0 A0] f=0510 TAGS=pole_misclassified(x13) wall_edge_detected(x4) dashed_reject_center(x9) offset=-0.0514 mode=two_boundary conf=0.53
20:48:00 [INFO] f=0510 t=14.8ms offset=+0.2512 head=+8.15° drive=go      stop_sign=F lane_mode=two_boundary imu_n=0 yaw=+0.0°/s
20:48:00 [INFO] [R0 T0 O0 D0 A0] f=0511 TAGS=pole_misclassified(x9) wall_edge_detected(x1) dashed_reject_center(x9) offset=-0.0344 mode=two_boundary conf=0.53
20:48:00 [INFO] f=0511 t=19.3ms offset=+0.2339 head=+7.75° drive=go      stop_sign=F lane_mode=two_boundary imu_n=0 yaw=+0.0°/s
20:48:00 [INFO] [R0 T0 O0 D0 A0] f=0512 TAGS=pole_misclassified(x6) dashed_reject_center(x11) offset=-0.0892 mode=two_boundary conf=0.54
20:48:00 [INFO] f=0512 t=17.4ms offset=+0.2953 head=+8.14° drive=go      stop_sign=F lane_mode=two_boundary imu_n=0 yaw=+0.0°/s
20:48:00 [INFO] [R0 T0 O0 D0 A0] f=0513 TAGS=pole_misclassified(x10) wall_edge_detected(x1) dashed_reject_center(x9) offset=-0.0839 mode=two_boundary conf=0.55
20:48:00 [INFO] f=0513 t=11.5ms offset=+0.2818 head=+8.25° drive=go      stop_sign=F lane_mode=two_boundary imu_n=0 yaw=+0.0°/s
20:48:00 [INFO] [R0 T0 O0 D0 A0] f=0514 TAGS=pole_misclassified(x12) dashed_reject_center(x7) offset=-0.0080 mode=two_boundary conf=0.52
20:48:00 [INFO] f=0514 t=16.9ms offset=+0.3186 head=+8.71° drive=go      stop_sign=F lane_mode=two_boundary imu_n=0 yaw=+0.0°/s
20:48:00 [INFO] [R0 T0 O0 D0 A0] f=0515 TAGS=pole_misclassified(x15) wall_edge_detected(x2) dashed_reject_center(x6) offset=-0.0220 mode=two_boundary conf=0.52
20:48:00 [INFO] f=0515 t=23.3ms offset=+0.3051 head=+8.86° drive=go      stop_sign=F lane_mode=two_boundary imu_n=0 yaw=+0.0°/s
20:48:00 [INFO] [R0 T0 O0 D0 A0] f=0516 TAGS=pole_misclassified(x14) wall_edge_detected(x2) dashed_reject_center(x7) offset=+0.0148 mode=two_boundary conf=0.52
20:48:00 [INFO] f=0516 t=11.3ms offset=+0.2999 head=+8.91° drive=go      stop_sign=F lane_mode=two_boundary imu_n=0 yaw=+0.0°/s
20:48:00 [INFO] [R0 T0 O0 D0 A0] f=0517 TAGS=pole_misclassified(x14) wall_edge_detected(x2) dashed_reject_center(x2) offset=+0.0000 mode=two_boundary conf=0.49
20:48:00 [INFO] f=0517 t=22.9ms offset=+0.2898 head=+8.84° drive=go      stop_sign=F lane_mode=two_boundary imu_n=0 yaw=+0.0°/s
20:48:00 [INFO] [R0 T0 O0 D0 A0] f=0518 [INTERSECTION] edge_ratio=0.36 > 0.25 — would trigger
20:48:00 [INFO] [R0 T0 O0 D0 A0] f=0518 TAGS=pole_misclassified(x10) wall_edge_detected(x1) dashed_reject_center(x3) offset=-0.0610 mode=two_boundary conf=0.55
20:48:00 [INFO] f=0518 t=10.8ms offset=+0.2947 head=+8.84° drive=go      stop_sign=F lane_mode=two_boundary imu_n=0 yaw=+0.0°/s
20:48:00 [INFO] [R0 T0 O0 D0 A0] f=0519 [INTERSECTION] edge_ratio=0.40 > 0.25 — would trigger
20:48:00 [INFO] [R0 T0 O0 D0 A0] f=0519 TAGS=pole_misclassified(x10) wall_edge_detected(x1) dashed_reject_center(x7) offset=+0.0375 mode=two_boundary conf=0.53
20:48:00 [INFO] f=0519 t=23.8ms offset=+0.3216 head=+9.12° drive=go      stop_sign=F lane_mode=two_boundary imu_n=0 yaw=+0.0°/s
20:48:00 [INFO] [R0 T0 O0 D0 A0] f=0520 [INTERSECTION] edge_ratio=0.32 > 0.25 — would trigger
20:48:00 [INFO] [R0 T0 O0 D0 A0] f=0520 TAGS=pole_misclassified(x13) wall_edge_detected(x1) dashed_reject_center(x7) offset=-0.0325 mode=two_boundary conf=0.54
20:48:00 [INFO] f=0520 t=19.7ms offset=+0.3028 head=+9.11° drive=go      stop_sign=F lane_mode=two_boundary imu_n=0 yaw=+0.0°/s
20:48:00 [INFO] [R0 T0 O0 D0 A0] f=0521 [INTERSECTION] edge_ratio=0.37 > 0.25 — would trigger
20:48:00 [INFO] [R0 T0 O0 D0 A0] f=0521 TAGS=pole_misclassified(x13) wall_edge_detected(x1) dashed_reject_center(x7) offset=+0.0043 mode=two_boundary conf=0.44
20:48:00 [INFO] f=0521 t=12.3ms offset=+0.3188 head=+9.27° drive=go      stop_sign=F lane_mode=two_boundary imu_n=0 yaw=+0.0°/s
20:48:00 [INFO] [R0 T0 O0 D0 A0] f=0522 [INTERSECTION] edge_ratio=0.43 > 0.25 — would trigger
20:48:00 [INFO] [R0 T0 O0 D0 A0] f=0522 TAGS=pole_misclassified(x14) wall_edge_detected(x2) dashed_reject_center(x8) offset=-0.0260 mode=two_boundary conf=0.51
20:48:00 [INFO] f=0522 t=20.7ms offset=+0.3174 head=+9.36° drive=go      stop_sign=F lane_mode=two_boundary imu_n=0 yaw=+0.0°/s
20:48:00 [INFO] [R0 T0 O0 D0 A0] f=0523 TAGS=pole_misclassified(x7) wall_edge_detected(x1) dashed_reject_center(x6) offset=-0.1111 mode=two_boundary conf=0.57
20:48:00 [INFO] f=0523 t=11.1ms offset=+0.2862 head=+9.09° drive=go      stop_sign=F lane_mode=two_boundary imu_n=0 yaw=+0.0°/s
20:48:00 [INFO] [R0 T0 O0 D0 A0] f=0524 TAGS=pole_misclassified(x11) wall_edge_detected(x1) dashed_reject_center(x6) offset=-0.0011 mode=two_boundary conf=0.54
20:48:00 [INFO] f=0524 t=11.9ms offset=+0.3092 head=+9.15° drive=go      stop_sign=F lane_mode=two_boundary imu_n=0 yaw=+0.0°/s
20:48:00 [INFO] [R0 T0 O0 D0 A0] f=0525 TAGS=pole_misclassified(x10) wall_edge_detected(x1) dashed_reject_center(x6) offset=-0.0106 mode=two_boundary conf=0.55
20:48:00 [INFO] f=0525 t=10.4ms offset=+0.2935 head=+9.03° drive=go      stop_sign=F lane_mode=two_boundary imu_n=0 yaw=+0.0°/s
20:48:00 [INFO] [R0 T0 O0 D0 A0] f=0526 TAGS=pole_misclassified(x10) wall_edge_detected(x1) dashed_reject_center(x4) offset=+0.1208 mode=two_boundary conf=0.43
20:48:00 [INFO] f=0526 t=11.1ms offset=+0.3537 head=+9.59° drive=go      stop_sign=F lane_mode=two_boundary imu_n=0 yaw=+0.0°/s
20:48:00 [INFO] [R0 T0 O0 D0 A0] f=0527 TAGS=pole_misclassified(x7) wall_edge_detected(x1) dashed_reject_center(x7) offset=+0.1872 mode=two_boundary conf=0.59
20:48:00 [INFO] f=0527 t=13.7ms offset=+0.3679 head=+10.09° drive=go      stop_sign=F lane_mode=two_boundary imu_n=0 yaw=+0.0°/s
20:48:00 [INFO] [R0 T0 O0 D0 A0] f=0528 [INTERSECTION] edge_ratio=0.29 > 0.25 — would trigger
20:48:00 [INFO] [R0 T0 O0 D0 A0] f=0528 TAGS=pole_misclassified(x8) wall_edge_detected(x1) dashed_reject_center(x6) offset=+0.1327 mode=two_boundary conf=0.58
20:48:00 [INFO] f=0528 t=34.9ms offset=+0.3451 head=+10.18° drive=go      stop_sign=F lane_mode=two_boundary imu_n=0 yaw=+0.0°/s
20:48:00 [INFO] [R0 T0 O0 D0 A0] f=0529 TAGS=pole_misclassified(x11) wall_edge_detected(x2) dashed_reject_center(x5) offset=+0.1361 mode=two_boundary conf=0.58
20:48:00 [INFO] f=0529 t=21.0ms offset=+0.3459 head=+10.25° drive=go      stop_sign=F lane_mode=two_boundary imu_n=0 yaw=+0.0°/s
20:48:00 [INFO] [R0 T0 O0 D0 A0] f=0530 [INTERSECTION] edge_ratio=0.43 > 0.25 — would trigger
20:48:00 [INFO] [R0 T0 O0 D0 A0] f=0530 TAGS=pole_misclassified(x10) wall_edge_detected(x1) dashed_reject_center(x5) offset=-0.0672 mode=two_boundary conf=0.56
20:48:00 [INFO] f=0530 t=16.4ms offset=+0.3799 head=+10.65° drive=go      stop_sign=F lane_mode=two_boundary imu_n=0 yaw=+0.0°/s
20:48:00 [INFO] [R0 T0 O0 D0 A0] f=0531 TAGS=pole_misclassified(x9) wall_edge_detected(x1) dashed_reject_center(x3) offset=-0.1004 mode=two_boundary conf=0.57
20:48:00 [INFO] f=0531 t=11.1ms offset=+0.3430 head=+10.53° drive=go      stop_sign=F lane_mode=two_boundary imu_n=0 yaw=+0.0°/s
20:48:00 [INFO] [R0 T0 O0 D0 A0] f=0532 TAGS=pole_misclassified(x6) wall_edge_detected(x1) dashed_reject_center(x2) offset=+0.2145 mode=two_boundary conf=0.56
20:48:00 [INFO] f=0532 t=21.1ms offset=+0.3353 head=+10.36° drive=go      stop_sign=F lane_mode=two_boundary imu_n=0 yaw=+0.0°/s
20:48:00 [INFO] [R0 T0 O0 D0 A0] f=0533 TAGS=pole_misclassified(x10) wall_edge_detected(x1) dashed_reject_center(x2) offset=+0.1957 mode=two_boundary conf=0.56
20:48:00 [INFO] f=0533 t=22.0ms offset=+0.3762 head=+10.69° drive=go      stop_sign=F lane_mode=two_boundary imu_n=0 yaw=+0.0°/s
20:48:00 [INFO] [R0 T0 O0 D0 A0] f=0534 [INTERSECTION] edge_ratio=0.29 > 0.25 — would trigger
20:48:00 [INFO] [R0 T0 O0 D0 A0] f=0534 TAGS=pole_misclassified(x7) wall_edge_detected(x1) dashed_reject_center(x3) offset=+0.2157 mode=two_boundary conf=0.44
20:48:00 [INFO] f=0534 t=20.2ms offset=+0.3458 head=+10.58° drive=go      stop_sign=F lane_mode=two_boundary imu_n=0 yaw=+0.0°/s
20:48:00 [INFO] [R0 T0 O0 D0 A0] f=0535 TAGS=pole_misclassified(x9) wall_edge_detected(x1) dashed_reject_center(x3) offset=+0.1429 mode=two_boundary conf=0.55
20:48:00 [INFO] f=0535 t=13.6ms offset=+0.3032 head=+10.06° drive=go      stop_sign=F lane_mode=two_boundary imu_n=0 yaw=+0.0°/s
20:48:00 [INFO] [R0 T0 O0 D0 A0] f=0536 TAGS=pole_misclassified(x8) wall_edge_detected(x1) dashed_reject_center(x1) offset=+0.2503 mode=two_boundary conf=0.48
20:48:00 [INFO] f=0536 t=12.5ms offset=+0.3085 head=+9.78° drive=go      stop_sign=F lane_mode=two_boundary imu_n=0 yaw=+0.0°/s
20:48:00 [INFO] [R0 T0 O0 D0 A0] f=0537 [INTERSECTION] edge_ratio=0.34 > 0.25 — would trigger
20:48:00 [INFO] [R0 T0 O0 D0 A0] f=0537 TAGS=pole_misclassified(x7) wall_edge_detected(x1) dashed_reject_center(x1) offset=+0.2116 mode=two_boundary conf=0.55
20:48:00 [INFO] f=0537 t=19.6ms offset=+0.2571 head=+9.05° drive=go      stop_sign=F lane_mode=two_boundary imu_n=0 yaw=+0.0°/s
20:48:00 [INFO] [R0 T0 O0 D0 A0] f=0538 [INTERSECTION] edge_ratio=0.30 > 0.25 — would trigger
20:48:00 [INFO] [R0 T0 O0 D0 A0] f=0538 TAGS=pole_misclassified(x10) wall_edge_detected(x1) dashed_reject_center(x1) offset=+0.1011 mode=two_boundary conf=0.55
20:48:00 [INFO] f=0538 t=12.0ms offset=+0.2227 head=+8.22° drive=go      stop_sign=F lane_mode=two_boundary imu_n=0 yaw=+0.0°/s
20:48:00 [INFO] [R0 T0 O0 D0 A0] f=0539 TAGS=pole_misclassified(x7) wall_edge_detected(x1) dashed_reject_center(x1) offset=+0.2619 mode=two_boundary conf=0.53
20:48:00 [INFO] f=0539 t=15.0ms offset=+0.2852 head=+8.34° drive=go      stop_sign=F lane_mode=two_boundary imu_n=0 yaw=+0.0°/s
20:48:00 [INFO] [R0 T0 O0 D0 A0] f=0540 TAGS=pole_misclassified(x10) wall_edge_detected(x1) dashed_reject_center(x1) offset=+0.1004 mode=two_boundary conf=0.55
20:48:00 [INFO] f=0540 t=16.4ms offset=+0.4110 head=+9.74° drive=go      stop_sign=F lane_mode=two_boundary imu_n=0 yaw=+0.0°/s
20:48:00 [INFO] [R0 T0 O0 D0 A0] f=0541 TAGS=pole_misclassified(x7) wall_edge_detected(x1) dashed_reject_center(x2) offset=+0.1824 mode=two_boundary conf=0.49
20:48:00 [INFO] f=0541 t=10.7ms offset=+0.4935 head=+11.51° drive=go      stop_sign=F lane_mode=two_boundary imu_n=0 yaw=+0.0°/s
20:48:01 [INFO] [R0 T0 O0 D0 A0] f=0542 TAGS=pole_misclassified(x5) wall_edge_detected(x1) dashed_reject_center(x1) offset=+0.0449 mode=two_boundary conf=0.47
20:48:01 [INFO] f=0542 t=19.6ms offset=+0.4693 head=+12.41° drive=go      stop_sign=F lane_mode=two_boundary imu_n=0 yaw=+0.0°/s
20:48:01 [INFO] [R0 T0 O0 D0 A0] f=0543 TAGS=pole_misclassified(x6) wall_edge_detected(x2) dashed_reject_center(x2) offset=+0.0679 mode=two_boundary conf=0.54
20:48:01 [INFO] f=0543 t=20.8ms offset=+0.3832 head=+12.09° drive=go      stop_sign=F lane_mode=two_boundary imu_n=0 yaw=+0.0°/s
20:48:01 [INFO] [R0 T0 O0 D0 A0] f=0544 TAGS=pole_misclassified(x6) wall_edge_detected(x2) offset=+0.1410 mode=two_boundary conf=0.52
20:48:01 [INFO] f=0544 t=11.6ms offset=+0.3732 head=+11.78° drive=go      stop_sign=F lane_mode=two_boundary imu_n=0 yaw=+0.0°/s
20:48:01 [INFO] [R0 T0 O0 D0 A0] f=0545 TAGS=pole_misclassified(x8) wall_edge_detected(x2) offset=+0.1823 mode=two_boundary conf=0.56
20:48:01 [INFO] f=0545 t=16.1ms offset=+0.3877 head=+11.73° drive=go      stop_sign=F lane_mode=two_boundary imu_n=0 yaw=+0.0°/s
20:48:01 [WARNING] Frame 546: budget exceeded 208.8 ms (budget 66.7 ms)
20:48:01 [INFO] [R0 T0 O0 D0 A0] f=0546 TAGS=pole_misclassified(x8) wall_edge_detected(x2) dashed_reject_center(x2) offset=+0.1398 mode=two_boundary conf=0.58
20:48:01 [INFO] f=0546 t=208.8ms offset=+0.3908 head=+11.72° drive=go      stop_sign=F lane_mode=two_boundary imu_n=0 yaw=+0.0°/s
20:48:01 [INFO] [R0 T0 O0 D0 A0] f=0547 TAGS=pole_misclassified(x4) wall_edge_detected(x2) dashed_reject_center(x2) offset=+0.6214 mode=two_boundary conf=0.56
20:48:01 [INFO] f=0547 t=57.4ms offset=+0.3910 head=+11.73° drive=go      stop_sign=F lane_mode=two_boundary imu_n=0 yaw=+0.0°/s
20:48:01 [INFO] [R0 T0 O0 D0 A0] f=0548 TAGS=pole_misclassified(x7) wall_edge_detected(x3) offset=+0.1900 mode=two_boundary conf=0.58
20:48:01 [INFO] f=0548 t=30.3ms offset=+0.4026 head=+11.85° drive=go      stop_sign=F lane_mode=two_boundary imu_n=0 yaw=+0.0°/s
20:48:01 [INFO] [R0 T0 O0 D0 A0] f=0549 TAGS=pole_misclassified(x8) wall_edge_detected(x2) offset=+0.2717 mode=two_boundary conf=0.57
20:48:01 [INFO] f=0549 t=48.6ms offset=+0.4170 head=+12.08° drive=go      stop_sign=F lane_mode=two_boundary imu_n=0 yaw=+0.0°/s
20:48:01 [INFO] [R0 T0 O0 D0 A0] f=0550 TAGS=pole_misclassified(x7) wall_edge_detected(x3) offset=+0.0152 mode=two_boundary conf=0.59
20:48:01 [INFO] f=0550 t=44.9ms offset=+0.4218 head=+12.28° drive=go      stop_sign=F lane_mode=two_boundary imu_n=0 yaw=+0.0°/s
20:48:01 [INFO] [R0 T0 O0 D0 A0] f=0551 TAGS=pole_misclassified(x8) wall_edge_detected(x4) offset=+0.0425 mode=two_boundary conf=0.51
20:48:01 [INFO] f=0551 t=39.0ms offset=+0.4213 head=+12.41° drive=go      stop_sign=F lane_mode=two_boundary imu_n=0 yaw=+0.0°/s
20:48:01 [INFO] [R0 T0 O0 D0 A0] f=0552 TAGS=pole_misclassified(x9) wall_edge_detected(x5) offset=+0.0152 mode=two_boundary conf=0.49
20:48:01 [INFO] f=0552 t=23.4ms offset=+0.4458 head=+12.74° drive=go      stop_sign=F lane_mode=two_boundary imu_n=0 yaw=+0.0°/s
20:48:01 [INFO] [R0 T0 O0 D0 A0] f=0553 TAGS=pole_misclassified(x7) wall_edge_detected(x2) offset=-0.0181 mode=two_boundary conf=0.59
20:48:01 [INFO] f=0553 t=30.5ms offset=+0.4525 head=+13.04° drive=go      stop_sign=F lane_mode=two_boundary imu_n=0 yaw=+0.0°/s
20:48:01 [INFO] [R0 T0 O0 D0 A0] f=0554 TAGS=pole_misclassified(x5) wall_edge_detected(x2) offset=-0.0250 mode=two_boundary conf=0.59
20:48:01 [INFO] f=0554 t=31.5ms offset=+0.4594 head=+13.30° drive=go      stop_sign=F lane_mode=two_boundary imu_n=0 yaw=+0.0°/s
20:48:01 [INFO] [R0 T0 O0 D0 A0] f=0555 TAGS=pole_misclassified(x6) wall_edge_detected(x1) offset=-0.0382 mode=two_boundary conf=0.59
20:48:01 [INFO] f=0555 t=29.4ms offset=+0.4804 head=+13.69° drive=go      stop_sign=F lane_mode=two_boundary imu_n=0 yaw=+0.0°/s
20:48:01 [INFO] [R0 T0 O0 D0 A0] f=0556 TAGS=pole_misclassified(x4) wall_edge_detected(x1) dashed_reject_center(x1) offset=-0.0304 mode=two_boundary conf=0.60
20:48:01 [INFO] f=0556 t=28.6ms offset=+0.4430 head=+13.55° drive=go      stop_sign=F lane_mode=two_boundary imu_n=0 yaw=+0.0°/s
20:48:01 [INFO] [R0 T0 O0 D0 A0] f=0557 TAGS=pole_misclassified(x6) wall_edge_detected(x2) offset=-0.1362 mode=two_boundary conf=0.54
20:48:01 [INFO] f=0557 t=19.6ms offset=+0.4358 head=+13.38° drive=go      stop_sign=F lane_mode=two_boundary imu_n=0 yaw=+0.0°/s
20:48:01 [INFO] [R0 T0 O0 D0 A0] f=0558 TAGS=pole_misclassified(x7) wall_edge_detected(x2) dashed_reject_center(x1) offset=+0.0138 mode=two_boundary conf=0.56
20:48:01 [INFO] f=0558 t=11.8ms offset=+0.4476 head=+13.40° drive=go      stop_sign=F lane_mode=two_boundary imu_n=0 yaw=+0.0°/s
20:48:01 [INFO] [R0 T0 O0 D0 A0] f=0559 TAGS=pole_misclassified(x6) wall_edge_detected(x2) dashed_reject_center(x1) offset=-0.1099 mode=two_boundary conf=0.44
20:48:01 [INFO] f=0559 t=11.5ms offset=+0.4352 head=+13.28° drive=go      stop_sign=F lane_mode=two_boundary imu_n=0 yaw=+0.0°/s
20:48:01 [INFO] [R0 T0 O0 D0 A0] f=0560 TAGS=pole_misclassified(x2) wall_edge_detected(x1) dashed_reject_center(x1) offset=+0.0250 mode=two_boundary conf=0.56
20:48:01 [INFO] f=0560 t=33.8ms offset=+0.4003 head=+12.83° drive=go      stop_sign=F lane_mode=two_boundary imu_n=0 yaw=+0.0°/s
20:48:01 [INFO] [R0 T0 O0 D0 A0] f=0561 TAGS=pole_misclassified(x3) wall_edge_detected(x1) offset=+0.0274 mode=two_boundary conf=0.58
20:48:01 [INFO] f=0561 t=46.5ms offset=+0.3827 head=+12.36° drive=go      stop_sign=F lane_mode=two_boundary imu_n=0 yaw=+0.0°/s
20:48:01 [INFO] [R0 T0 O0 D0 A0] f=0562 TAGS=pole_misclassified(x3) wall_edge_detected(x2) dashed_reject_center(x1) offset=+0.0311 mode=two_boundary conf=0.57
20:48:01 [INFO] f=0562 t=29.1ms offset=+0.4180 head=+12.42° drive=go      stop_sign=F lane_mode=two_boundary imu_n=0 yaw=+0.0°/s
20:48:01 [INFO] [R0 T0 O0 D0 A0] f=0563 TAGS=pole_misclassified(x6) wall_edge_detected(x3) dashed_reject_center(x1) offset=+0.0310 mode=two_boundary conf=0.58
20:48:01 [INFO] f=0563 t=25.6ms offset=+0.4603 head=+12.91° drive=go      stop_sign=F lane_mode=two_boundary imu_n=0 yaw=+0.0°/s
20:48:01 [INFO] [R0 T0 O0 D0 A0] f=0564 TAGS=pole_misclassified(x5) wall_edge_detected(x3) dashed_reject_center(x2) offset=+0.0126 mode=two_boundary conf=0.55
20:48:01 [INFO] f=0564 t=22.8ms offset=+0.4808 head=+13.44° drive=go      stop_sign=F lane_mode=two_boundary imu_n=0 yaw=+0.0°/s
20:48:01 [INFO] [R0 T0 O0 D0 A0] f=0565 TAGS=pole_misclassified(x4) wall_edge_detected(x3) dashed_reject_center(x2) offset=+0.0542 mode=two_boundary conf=0.59
20:48:01 [INFO] f=0565 t=18.1ms offset=+0.4988 head=+13.97° drive=go      stop_sign=F lane_mode=two_boundary imu_n=0 yaw=+0.0°/s
20:48:02 [INFO] [R0 T0 O0 D0 A0] f=0566 TAGS=pole_misclassified(x4) wall_edge_detected(x1) dashed_reject_center(x1) offset=+0.0605 mode=two_boundary conf=0.57
20:48:02 [INFO] f=0566 t=11.6ms offset=+0.5358 head=+14.71° drive=go      stop_sign=F lane_mode=two_boundary imu_n=0 yaw=+0.0°/s
20:48:02 [INFO] [R0 T0 O0 D0 A0] f=0567 TAGS=pole_misclassified(x2) dashed_reject_center(x3) offset=+0.0879 mode=two_boundary conf=0.57
20:48:02 [INFO] f=0567 t=17.9ms offset=+0.5342 head=+15.17° drive=go      stop_sign=F lane_mode=two_boundary imu_n=0 yaw=+0.0°/s
20:48:02 [INFO] [R0 T0 O0 D0 A0] f=0568 TAGS=pole_misclassified(x6) wall_edge_detected(x2) dashed_reject_center(x4) offset=+0.0693 mode=two_boundary conf=0.54
20:48:02 [INFO] f=0568 t=28.2ms offset=+0.4917 head=+15.02° drive=go      stop_sign=F lane_mode=two_boundary imu_n=0 yaw=+0.0°/s
20:48:02 [INFO] [R0 T0 O0 D0 A0] f=0569 TAGS=pole_misclassified(x4) wall_edge_detected(x1) dashed_reject_center(x4) offset=+0.1225 mode=two_boundary conf=0.59
20:48:02 [INFO] f=0569 t=21.3ms offset=+0.5115 head=+15.14° drive=go      stop_sign=F lane_mode=two_boundary imu_n=0 yaw=+0.0°/s
20:48:02 [INFO] [R0 T0 O0 D0 A0] f=0570 [INTERSECTION] edge_ratio=0.32 > 0.25 — would trigger
20:48:02 [INFO] [R0 T0 O0 D0 A0] f=0570 TAGS=pole_misclassified(x3) wall_edge_detected(x1) dashed_reject_center(x1) offset=-0.0920 mode=two_boundary conf=0.63
20:48:02 [INFO] f=0570 t=24.3ms offset=+0.5102 head=+15.20° drive=go      stop_sign=F lane_mode=two_boundary imu_n=0 yaw=+0.0°/s
20:48:02 [INFO] [R0 T0 O0 D0 A0] f=0571 [INTERSECTION] edge_ratio=0.57 > 0.25 — would trigger
20:48:02 [INFO] [R0 T0 O0 D0 A0] f=0571 TAGS=pole_misclassified(x4) wall_edge_detected(x1) dashed_reject_center(x3) offset=-0.0011 mode=two_boundary conf=0.61
20:48:02 [INFO] f=0571 t=10.2ms offset=+0.5345 head=+15.49° drive=go      stop_sign=F lane_mode=two_boundary imu_n=0 yaw=+0.0°/s
20:48:02 [INFO] [R0 T0 O0 D0 A0] f=0572 [INTERSECTION] edge_ratio=0.64 > 0.25 — would trigger
20:48:02 [INFO] [R0 T0 O0 D0 A0] f=0572 TAGS=pole_misclassified(x3) wall_edge_detected(x1) dashed_reject_center(x4) offset=+0.0027 mode=two_boundary conf=0.61
20:48:02 [INFO] f=0572 t=15.6ms offset=+0.4873 head=+15.19° drive=go      stop_sign=F lane_mode=two_boundary imu_n=0 yaw=+0.0°/s
20:48:02 [INFO] [R0 T0 O0 D0 A0] f=0573 [INTERSECTION] edge_ratio=0.71 > 0.25 — would trigger
20:48:02 [INFO] [R0 T0 O0 D0 A0] f=0573 TAGS=pole_misclassified(x4) wall_edge_detected(x1) dashed_reject_center(x1) offset=+0.0979 mode=two_boundary conf=0.50
20:48:02 [INFO] f=0573 t=15.8ms offset=+0.4979 head=+15.10° drive=go      stop_sign=F lane_mode=two_boundary imu_n=0 yaw=+0.0°/s
20:48:02 [INFO] [R0 T0 O0 D0 A0] f=0574 [INTERSECTION] edge_ratio=0.64 > 0.25 — would trigger
20:48:02 [INFO] [R0 T0 O0 D0 A0] f=0574 TAGS=pole_misclassified(x2) dashed_reject_center(x1) offset=+0.0872 mode=two_boundary conf=0.56
20:48:02 [INFO] f=0574 t=20.1ms offset=+0.5192 head=+15.27° drive=go      stop_sign=F lane_mode=two_boundary imu_n=0 yaw=+0.0°/s
20:48:02 [INFO] [R0 T0 O0 D0 A0] f=0575 [INTERSECTION] edge_ratio=0.64 > 0.25 — would trigger
20:48:02 [INFO] [R0 T0 O0 D0 A0] f=0575 TAGS=pole_misclassified(x4) dashed_reject_center(x2) offset=-0.0174 mode=two_boundary conf=0.59
20:48:02 [INFO] f=0575 t=27.4ms offset=+0.4743 head=+14.90° drive=go      stop_sign=F lane_mode=two_boundary imu_n=0 yaw=+0.0°/s
20:48:02 [INFO] [R0 T0 O0 D0 A0] f=0576 [INTERSECTION] edge_ratio=0.61 > 0.25 — would trigger
20:48:02 [INFO] [R0 T0 O0 D0 A0] f=0576 TAGS=pole_misclassified(x2) dashed_reject_center(x2) offset=-0.0514 mode=two_boundary conf=0.49
20:48:02 [INFO] f=0576 t=32.2ms offset=+0.4308 head=+14.21° drive=go      stop_sign=F lane_mode=two_boundary imu_n=0 yaw=+0.0°/s
20:48:02 [INFO] [R0 T0 O0 D0 A0] f=0577 [INTERSECTION] edge_ratio=0.64 > 0.25 — would trigger
20:48:02 [INFO] [R0 T0 O0 D0 A0] f=0577 TAGS=pole_misclassified(x5) wall_edge_detected(x1) dashed_reject_center(x1) offset=-0.0359 mode=two_boundary conf=0.39
20:48:02 [INFO] f=0577 t=30.0ms offset=+0.4467 head=+13.93° drive=go      stop_sign=F lane_mode=two_boundary imu_n=0 yaw=+0.0°/s
20:48:02 [INFO] [R0 T0 O0 D0 A0] f=0578 [INTERSECTION] edge_ratio=0.63 > 0.25 — would trigger
20:48:02 [INFO] [R0 T0 O0 D0 A0] f=0578 TAGS=pole_misclassified(x3) wall_edge_detected(x1) dashed_reject_center(x2) offset=+0.0444 mode=two_boundary conf=0.61
20:48:02 [INFO] f=0578 t=19.5ms offset=+0.4759 head=+14.05° drive=go      stop_sign=F lane_mode=two_boundary imu_n=0 yaw=+0.0°/s
20:48:02 [INFO] [R0 T0 O0 D0 A0] f=0579 [INTERSECTION] edge_ratio=0.65 > 0.25 — would trigger
20:48:02 [INFO] [R0 T0 O0 D0 A0] f=0579 TAGS=pole_misclassified(x4) wall_edge_detected(x1) dashed_reject_center(x2) offset=+0.0231 mode=two_boundary conf=0.60
20:48:02 [INFO] f=0579 t=23.1ms offset=+0.4402 head=+13.76° drive=go      stop_sign=F lane_mode=two_boundary imu_n=0 yaw=+0.0°/s
20:48:02 [INFO] [R0 T0 O0 D0 A0] f=0580 [INTERSECTION] edge_ratio=0.65 > 0.25 — would trigger
20:48:02 [INFO] [R0 T0 O0 D0 A0] f=0580 TAGS=pole_misclassified(x5) wall_edge_detected(x1) dashed_reject_center(x3) offset=+0.0133 mode=two_boundary conf=0.56
20:48:02 [INFO] f=0580 t=34.5ms offset=+0.3819 head=+12.95° drive=go      stop_sign=F lane_mode=two_boundary imu_n=0 yaw=+0.0°/s
20:48:02 [INFO] [R0 T0 O0 D0 A0] f=0581 [INTERSECTION] edge_ratio=0.80 > 0.25 — would trigger
20:48:02 [INFO] [R0 T0 O0 D0 A0] f=0581 TAGS=pole_misclassified(x4) wall_edge_detected(x3) dashed_reject_center(x4) offset=-0.0407 mode=two_boundary conf=0.47
20:48:02 [INFO] f=0581 t=19.5ms offset=+0.4006 head=+12.62° drive=go      stop_sign=F lane_mode=two_boundary imu_n=0 yaw=+0.0°/s
20:48:02 [INFO] [R0 T0 O0 D0 A0] f=0582 [INTERSECTION] edge_ratio=0.91 > 0.25 — would trigger
20:48:02 [INFO] [R0 T0 O0 D0 A0] f=0582 TAGS=pole_misclassified(x1) wall_edge_detected(x1) dashed_reject_center(x3) offset=-0.1019 mode=two_boundary conf=0.61
20:48:02 [INFO] f=0582 t=19.5ms offset=+0.3829 head=+12.22° drive=go      stop_sign=F lane_mode=two_boundary imu_n=0 yaw=+0.0°/s
20:48:02 [INFO] [R0 T0 O0 D0 A0] f=0583 [INTERSECTION] edge_ratio=1.12 > 0.25 — would trigger
20:48:02 [INFO] [R0 T0 O0 D0 A0] f=0583 TAGS=pole_misclassified(x2) wall_edge_detected(x1) dashed_reject_center(x4) offset=-0.1001 mode=two_boundary conf=0.62
20:48:02 [INFO] f=0583 t=24.7ms offset=+0.3649 head=+11.78° drive=go      stop_sign=F lane_mode=two_boundary imu_n=0 yaw=+0.0°/s
20:48:02 [INFO] [R0 T0 O0 D0 A0] f=0584 [INTERSECTION] edge_ratio=1.28 > 0.25 — would trigger
20:48:02 [INFO] [R0 T0 O0 D0 A0] f=0584 TAGS=dashed_reject_center(x2) offset=-0.1013 mode=two_boundary conf=0.62
20:48:02 [INFO] f=0584 t=11.4ms offset=+0.3883 head=+11.73° drive=go      stop_sign=F lane_mode=two_boundary imu_n=0 yaw=+0.0°/s
20:48:02 [INFO] [R0 T0 O0 D0 A0] f=0585 [INTERSECTION] edge_ratio=1.23 > 0.25 — would trigger
20:48:02 [INFO] [R0 T0 O0 D0 A0] f=0585 TAGS=pole_misclassified(x5) wall_edge_detected(x3) dashed_reject_center(x4) offset=-0.0999 mode=two_boundary conf=0.63
20:48:02 [INFO] f=0585 t=16.6ms offset=+0.3591 head=+11.40° drive=go      stop_sign=F lane_mode=two_boundary imu_n=0 yaw=+0.0°/s
20:48:02 [INFO] [R0 T0 O0 D0 A0] f=0586 [INTERSECTION] edge_ratio=1.09 > 0.25 — would trigger
20:48:02 [INFO] [R0 T0 O0 D0 A0] f=0586 TAGS=pole_misclassified(x2) wall_edge_detected(x1) dashed_reject_center(x3) offset=+0.0485 mode=two_boundary conf=0.56
20:48:02 [INFO] f=0586 t=18.1ms offset=+0.3740 head=+11.34° drive=go      stop_sign=F lane_mode=two_boundary imu_n=0 yaw=+0.0°/s
20:48:02 [INFO] [R0 T0 O0 D0 A0] f=0587 [INTERSECTION] edge_ratio=1.03 > 0.25 — would trigger
20:48:02 [INFO] [R0 T0 O0 D0 A0] f=0587 TAGS=pole_misclassified(x1) dashed_reject_center(x3) offset=+0.0474 mode=two_boundary conf=0.56
20:48:02 [INFO] f=0587 t=11.9ms offset=+0.4463 head=+12.05° drive=go      stop_sign=F lane_mode=two_boundary imu_n=0 yaw=+0.0°/s
20:48:02 [INFO] [R0 T0 O0 D0 A0] f=0588 [INTERSECTION] edge_ratio=0.92 > 0.25 — would trigger
20:48:02 [INFO] [R0 T0 O0 D0 A0] f=0588 TAGS=pole_misclassified(x1) dashed_reject_center(x3) offset=+0.0061 mode=two_boundary conf=0.63
20:48:02 [INFO] f=0588 t=17.1ms offset=+0.4963 head=+13.05° drive=go      stop_sign=F lane_mode=two_boundary imu_n=0 yaw=+0.0°/s
20:48:02 [INFO] [R0 T0 O0 D0 A0] f=0589 [INTERSECTION] edge_ratio=0.86 > 0.25 — would trigger
20:48:02 [INFO] [R0 T0 O0 D0 A0] f=0589 TAGS=dashed_reject_center(x3) offset=-0.0712 mode=two_boundary conf=0.64
20:48:02 [INFO] f=0589 t=27.2ms offset=+0.5347 head=+14.10° drive=go      stop_sign=F lane_mode=two_boundary imu_n=0 yaw=+0.0°/s
20:48:02 [INFO] [R0 T0 O0 D0 A0] f=0590 [INTERSECTION] edge_ratio=0.89 > 0.25 — would trigger
20:48:02 [INFO] [R0 T0 O0 D0 A0] f=0590 TAGS=pole_misclassified(x2) wall_edge_detected(x1) dashed_reject_center(x3) offset=+0.0240 mode=two_boundary conf=0.57
20:48:02 [INFO] f=0590 t=21.1ms offset=+0.5577 head=+15.02° drive=go      stop_sign=F lane_mode=two_boundary imu_n=0 yaw=+0.0°/s
20:48:02 [INFO] [R0 T0 O0 D0 A0] f=0591 [INTERSECTION] edge_ratio=0.91 > 0.25 — would trigger
20:48:02 [INFO] [R0 T0 O0 D0 A0] f=0591 TAGS=pole_misclassified(x2) wall_edge_detected(x1) dashed_reject_center(x3) offset=+0.0240 mode=two_boundary conf=0.60
20:48:02 [INFO] f=0591 t=24.7ms offset=+0.5195 head=+15.22° drive=go      stop_sign=F lane_mode=two_boundary imu_n=0 yaw=+0.0°/s
20:48:02 [INFO] [R0 T0 O0 D0 A0] f=0592 [INTERSECTION] edge_ratio=1.02 > 0.25 — would trigger
20:48:02 [INFO] [R0 T0 O0 D0 A0] f=0592 TAGS=pole_misclassified(x1) wall_edge_detected(x1) dashed_reject_center(x3) offset=-0.0642 mode=two_boundary conf=0.65
20:48:02 [INFO] f=0592 t=41.6ms offset=+0.5509 head=+15.68° drive=go      stop_sign=F lane_mode=two_boundary imu_n=0 yaw=+0.0°/s
20:48:02 [INFO] [R0 T0 O0 D0 A0] f=0593 [INTERSECTION] edge_ratio=1.07 > 0.25 — would trigger
20:48:02 [INFO] [R0 T0 O0 D0 A0] f=0593 TAGS=pole_misclassified(x2) wall_edge_detected(x1) dashed_reject_center(x4) offset=+0.0682 mode=two_boundary conf=0.58
20:48:02 [INFO] f=0593 t=44.9ms offset=+0.5719 head=+16.19° drive=go      stop_sign=F lane_mode=two_boundary imu_n=0 yaw=+0.0°/s
20:48:02 [INFO] [R0 T0 O0 D0 A0] f=0594 [INTERSECTION] edge_ratio=0.93 > 0.25 — would trigger
20:48:02 [INFO] [R0 T0 O0 D0 A0] f=0594 TAGS=pole_misclassified(x2) wall_edge_detected(x1) dashed_reject_center(x4) offset=+0.0395 mode=two_boundary conf=0.64
20:48:02 [INFO] f=0594 t=30.6ms offset=+0.4921 head=+15.69° drive=go      stop_sign=F lane_mode=two_boundary imu_n=0 yaw=+0.0°/s
20:48:02 [INFO] [R0 T0 O0 D0 A0] f=0595 [INTERSECTION] edge_ratio=0.90 > 0.25 — would trigger
20:48:02 [INFO] [R0 T0 O0 D0 A0] f=0595 TAGS=pole_misclassified(x1) wall_edge_detected(x1) dashed_reject_center(x4) offset=+0.0531 mode=two_boundary conf=0.65
20:48:02 [INFO] f=0595 t=31.4ms offset=+0.4530 head=+14.96° drive=go      stop_sign=F lane_mode=two_boundary imu_n=0 yaw=+0.0°/s
20:48:02 [INFO] [R0 T0 O0 D0 A0] f=0596 [INTERSECTION] edge_ratio=0.82 > 0.25 — would trigger
20:48:02 [INFO] [R0 T0 O0 D0 A0] f=0596 TAGS=pole_misclassified(x2) wall_edge_detected(x2) dashed_reject_center(x2) offset=+0.0086 mode=two_boundary conf=0.68
20:48:02 [INFO] f=0596 t=32.6ms offset=+0.4803 head=+14.77° drive=go      stop_sign=F lane_mode=two_boundary imu_n=0 yaw=+0.0°/s
20:48:02 [INFO] [R0 T0 O0 D0 A0] f=0597 [INTERSECTION] edge_ratio=0.71 > 0.25 — would trigger
20:48:02 [INFO] [R0 T0 O0 D0 A0] f=0597 TAGS=pole_misclassified(x2) wall_edge_detected(x1) dashed_reject_center(x5) offset=+0.0359 mode=two_boundary conf=0.65
20:48:02 [INFO] f=0597 t=30.0ms offset=+0.5271 head=+15.13° drive=go      stop_sign=F lane_mode=two_boundary imu_n=0 yaw=+0.0°/s
20:48:02 [INFO] [R0 T0 O0 D0 A0] f=0598 [INTERSECTION] edge_ratio=0.68 > 0.25 — would trigger
20:48:02 [INFO] [R0 T0 O0 D0 A0] f=0598 TAGS=pole_misclassified(x2) wall_edge_detected(x1) dashed_reject_center(x4) offset=+0.0561 mode=two_boundary conf=0.57
20:48:02 [INFO] f=0598 t=23.7ms offset=+0.4897 head=+14.98° drive=go      stop_sign=F lane_mode=two_boundary imu_n=0 yaw=+0.0°/s
20:48:02 [INFO] [R0 T0 O0 D0 A0] f=0599 [INTERSECTION] edge_ratio=0.65 > 0.25 — would trigger
20:48:02 [INFO] [R0 T0 O0 D0 A0] f=0599 TAGS=pole_misclassified(x1) wall_edge_detected(x1) dashed_reject_center(x3) offset=-0.0782 mode=two_boundary conf=0.67
20:48:02 [INFO] f=0599 t=17.8ms offset=+0.4482 head=+14.44° drive=go      stop_sign=F lane_mode=two_boundary imu_n=0 yaw=+0.0°/s
20:48:02 [INFO] [R0 T0 O0 D0 A0] f=0600 [INTERSECTION] edge_ratio=0.73 > 0.25 — would trigger
20:48:02 [INFO] [R0 T0 O0 D0 A0] f=0600 TAGS=pole_misclassified(x2) dashed_reject_center(x3) offset=-0.1973 mode=two_boundary conf=0.67
20:48:02 [INFO] f=0600 t=11.2ms offset=+0.3856 head=+13.44° drive=go      stop_sign=F lane_mode=two_boundary imu_n=0 yaw=+0.0°/s
20:48:03 [INFO] [R0 T0 O0 D0 A0] f=0601 [INTERSECTION] edge_ratio=0.74 > 0.25 — would trigger
20:48:03 [INFO] [R0 T0 O0 D0 A0] f=0601 TAGS=pole_misclassified(x3) dashed_reject_center(x3) offset=-0.0217 mode=two_boundary conf=0.67
20:48:03 [INFO] f=0601 t=24.4ms offset=+0.4166 head=+13.11° drive=go      stop_sign=F lane_mode=two_boundary imu_n=0 yaw=+0.0°/s
20:48:03 [INFO] [R0 T0 O0 D0 A0] f=0602 [INTERSECTION] edge_ratio=0.87 > 0.25 — would trigger
20:48:03 [INFO] [R0 T0 O0 D0 A0] f=0602 TAGS=dashed_reject_center(x2) offset=-0.1253 mode=two_boundary conf=0.52
20:48:03 [INFO] f=0602 t=16.2ms offset=+0.4166 head=+13.11° drive=go      stop_sign=F lane_mode=two_boundary imu_n=0 yaw=+0.0°/s
20:48:03 [INFO] [R0 T0 O0 D0 A0] f=0603 [INTERSECTION] edge_ratio=0.80 > 0.25 — would trigger
20:48:03 [INFO] [R0 T0 O0 D0 A0] f=0603 TAGS=pole_misclassified(x1) dashed_reject_center(x3) offset=-0.0025 mode=two_boundary conf=0.51
20:48:03 [INFO] f=0603 t=15.1ms offset=+0.4166 head=+13.11° drive=go      stop_sign=F lane_mode=two_boundary imu_n=0 yaw=+0.0°/s
20:48:03 [INFO] [R0 T0 O0 D0 A0] f=0604 [INTERSECTION] edge_ratio=0.88 > 0.25 — would trigger
20:48:03 [INFO] [R0 T0 O0 D0 A0] f=0604 TAGS=dashed_reject_center(x4) offset=+0.0048 mode=two_boundary conf=0.62
20:48:03 [INFO] f=0604 t=16.9ms offset=+0.4863 head=+13.63° drive=go      stop_sign=F lane_mode=two_boundary imu_n=0 yaw=+0.0°/s
20:48:03 [INFO] [R0 T0 O0 D0 A0] f=0605 [INTERSECTION] edge_ratio=0.86 > 0.25 — would trigger
20:48:03 [INFO] [R0 T0 O0 D0 A0] f=0605 TAGS=dashed_reject_center(x2) offset=+0.0036 mode=two_boundary conf=0.61
20:48:03 [INFO] f=0605 t=10.7ms offset=+0.5162 head=+14.28° drive=go      stop_sign=F lane_mode=two_boundary imu_n=0 yaw=+0.0°/s
20:48:03 [INFO] [R0 T0 O0 D0 A0] f=0606 [INTERSECTION] edge_ratio=0.94 > 0.25 — would trigger
20:48:03 [INFO] [R0 T0 O0 D0 A0] f=0606 TAGS=pole_misclassified(x1) dashed_reject_center(x3) offset=+0.0024 mode=two_boundary conf=0.58
20:48:03 [INFO] f=0606 t=19.4ms offset=+0.3756 head=+13.22° drive=go      stop_sign=F lane_mode=two_boundary imu_n=0 yaw=+0.0°/s
20:48:03 [INFO] [R0 T0 O0 D0 A0] f=0607 [INTERSECTION] edge_ratio=0.91 > 0.25 — would trigger
20:48:03 [INFO] [R0 T0 O0 D0 A0] f=0607 TAGS=pole_misclassified(x1) dashed_reject_center(x2) offset=+0.0459 mode=two_boundary conf=0.56
20:48:03 [INFO] f=0607 t=10.9ms offset=+0.2722 head=+11.45° drive=go      stop_sign=F lane_mode=two_boundary imu_n=0 yaw=+0.0°/s
20:48:03 [INFO] [R0 T0 O0 D0 A0] f=0608 [INTERSECTION] edge_ratio=0.88 > 0.25 — would trigger
20:48:03 [INFO] [R0 T0 O0 D0 A0] f=0608 TAGS=dashed_reject_center(x2) offset=+0.0060 mode=two_boundary conf=0.63
20:48:03 [INFO] f=0608 t=20.7ms offset=+0.4066 head=+11.71° drive=go      stop_sign=F lane_mode=two_boundary imu_n=0 yaw=+0.0°/s
20:48:03 [INFO] [R0 T0 O0 D0 A0] f=0609 [INTERSECTION] edge_ratio=0.69 > 0.25 — would trigger
20:48:03 [INFO] [R0 T0 O0 D0 A0] f=0609 TAGS=dashed_reject_center(x4) offset=-0.0428 mode=two_boundary conf=0.66
20:48:03 [INFO] f=0609 t=16.7ms offset=+0.4838 head=+12.69° drive=go      stop_sign=F lane_mode=two_boundary imu_n=0 yaw=+0.0°/s
20:48:03 [INFO] [R0 T0 O0 D0 A0] f=0610 [INTERSECTION] edge_ratio=0.79 > 0.25 — would trigger
20:48:03 [INFO] [R0 T0 O0 D0 A0] f=0610 TAGS=dashed_reject_center(x2) offset=-0.0312 mode=two_boundary conf=0.66
20:48:03 [INFO] f=0610 t=24.0ms offset=+0.4150 head=+12.61° drive=go      stop_sign=F lane_mode=two_boundary imu_n=0 yaw=+0.0°/s
20:48:03 [INFO] [R0 T0 O0 D0 A0] f=0611 [INTERSECTION] edge_ratio=0.71 > 0.25 — would trigger
20:48:03 [INFO] [R0 T0 O0 D0 A0] f=0611 TAGS=pole_misclassified(x2) wall_edge_detected(x2) dashed_reject_center(x2) offset=+0.0178 mode=two_boundary conf=0.60
20:48:03 [INFO] f=0611 t=38.4ms offset=+0.4732 head=+13.16° drive=go      stop_sign=F lane_mode=two_boundary imu_n=0 yaw=+0.0°/s
20:48:03 [INFO] [R0 T0 O0 D0 A0] f=0612 [INTERSECTION] edge_ratio=0.66 > 0.25 — would trigger
20:48:03 [INFO] [R0 T0 O0 D0 A0] f=0612 TAGS=pole_misclassified(x1) wall_edge_detected(x1) dashed_reject_center(x5) offset=-0.0393 mode=two_boundary conf=0.48
20:48:03 [INFO] f=0612 t=30.6ms offset=+0.5393 head=+14.22° drive=go      stop_sign=F lane_mode=two_boundary imu_n=0 yaw=+0.0°/s
20:48:03 [INFO] [R0 T0 O0 D0 A0] f=0613 [INTERSECTION] edge_ratio=0.89 > 0.25 — would trigger
20:48:03 [INFO] [R0 T0 O0 D0 A0] f=0613 TAGS=pole_misclassified(x3) wall_edge_detected(x2) dashed_reject_center(x5) offset=-0.0529 mode=two_boundary conf=0.60
20:48:03 [INFO] f=0613 t=34.1ms offset=+0.5353 head=+14.86° drive=go      stop_sign=F lane_mode=two_boundary imu_n=0 yaw=+0.0°/s
20:48:03 [INFO] [R0 T0 O0 D0 A0] f=0614 [INTERSECTION] edge_ratio=0.60 > 0.25 — would trigger
20:48:03 [INFO] [R0 T0 O0 D0 A0] f=0614 TAGS=pole_misclassified(x3) wall_edge_detected(x2) dashed_reject_center(x3) offset=-0.0273 mode=two_boundary conf=0.53
20:48:03 [INFO] f=0614 t=19.1ms offset=+0.5503 head=+15.44° drive=go      stop_sign=F lane_mode=two_boundary imu_n=0 yaw=+0.0°/s
20:48:03 [INFO] [R0 T0 O0 D0 A0] f=0615 [INTERSECTION] edge_ratio=0.57 > 0.25 — would trigger
20:48:03 [INFO] [R0 T0 O0 D0 A0] f=0615 TAGS=pole_misclassified(x3) wall_edge_detected(x2) dashed_reject_center(x4) offset=+0.0321 mode=two_boundary conf=0.58
20:48:03 [INFO] f=0615 t=35.5ms offset=+0.5091 head=+15.38° drive=go      stop_sign=F lane_mode=two_boundary imu_n=0 yaw=+0.0°/s
20:48:03 [INFO] [R0 T0 O0 D0 A0] f=0616 [INTERSECTION] edge_ratio=0.80 > 0.25 — would trigger
20:48:03 [INFO] [R0 T0 O0 D0 A0] f=0616 TAGS=dashed_reject_center(x4) offset=-0.0469 mode=two_boundary conf=0.67
20:48:03 [INFO] f=0616 t=33.8ms offset=+0.3820 head=+14.01° drive=go      stop_sign=F lane_mode=two_boundary imu_n=0 yaw=+0.0°/s
20:48:03 [INFO] [R0 T0 O0 D0 A0] f=0617 [INTERSECTION] edge_ratio=0.86 > 0.25 — would trigger
20:48:03 [INFO] [R0 T0 O0 D0 A0] f=0617 TAGS=pole_misclassified(x2) wall_edge_detected(x1) dashed_reject_center(x7) offset=+0.0229 mode=two_boundary conf=0.58
20:48:03 [INFO] f=0617 t=9.3ms offset=+0.3820 head=+14.01° drive=go      stop_sign=F lane_mode=two_boundary imu_n=0 yaw=+0.0°/s
20:48:03 [INFO] [R0 T0 O0 D0 A0] f=0618 [INTERSECTION] edge_ratio=0.85 > 0.25 — would trigger
20:48:03 [INFO] [R0 T0 O0 D0 A0] f=0618 TAGS=pole_misclassified(x2) wall_edge_detected(x1) dashed_reject_center(x4) offset=+0.0250 mode=two_boundary conf=0.58
20:48:03 [INFO] f=0618 t=15.6ms offset=+0.4721 head=+14.06° drive=go      stop_sign=F lane_mode=two_boundary imu_n=0 yaw=+0.0°/s
20:48:03 [INFO] [R0 T0 O0 D0 A0] f=0619 [INTERSECTION] edge_ratio=0.64 > 0.25 — would trigger
20:48:03 [INFO] [R0 T0 O0 D0 A0] f=0619 TAGS=pole_misclassified(x2) wall_edge_detected(x1) dashed_reject_center(x3) offset=-0.0312 mode=two_boundary conf=0.64
20:48:03 [INFO] f=0619 t=25.6ms offset=+0.4680 head=+14.05° drive=go      stop_sign=F lane_mode=two_boundary imu_n=0 yaw=+0.0°/s
20:48:03 [INFO] [R0 T0 O0 D0 A0] f=0620 [INTERSECTION] edge_ratio=0.85 > 0.25 — would trigger
20:48:03 [INFO] [R0 T0 O0 D0 A0] f=0620 TAGS=pole_misclassified(x1) dashed_reject_center(x4) offset=+0.0273 mode=two_boundary conf=0.57
20:48:03 [INFO] f=0620 t=12.9ms offset=+0.5254 head=+14.65° drive=go      stop_sign=F lane_mode=two_boundary imu_n=0 yaw=+0.0°/s
20:48:03 [INFO] [R0 T0 O0 D0 A0] f=0621 [INTERSECTION] edge_ratio=0.80 > 0.25 — would trigger
20:48:03 [INFO] [R0 T0 O0 D0 A0] f=0621 TAGS=pole_misclassified(x1) dashed_reject_center(x6) offset=+0.0239 mode=two_boundary conf=0.51
20:48:03 [INFO] f=0621 t=12.8ms offset=+0.5254 head=+14.65° drive=go      stop_sign=F lane_mode=two_boundary imu_n=0 yaw=+0.0°/s
20:48:03 [INFO] [R0 T0 O0 D0 A0] f=0622 [INTERSECTION] edge_ratio=0.79 > 0.25 — would trigger
20:48:03 [INFO] [R0 T0 O0 D0 A0] f=0622 TAGS=pole_misclassified(x1) dashed_reject_center(x3) offset=+0.0194 mode=two_boundary conf=0.54
20:48:03 [INFO] f=0622 t=28.2ms offset=+0.5254 head=+14.65° drive=go      stop_sign=F lane_mode=two_boundary imu_n=0 yaw=+0.0°/s
20:48:03 [INFO] [R0 T0 O0 D0 A0] f=0623 [INTERSECTION] edge_ratio=0.79 > 0.25 — would trigger
20:48:03 [INFO] [R0 T0 O0 D0 A0] f=0623 TAGS=pole_misclassified(x1) wall_edge_detected(x1) dashed_reject_center(x6) offset=-0.7002 mode=two_boundary conf=0.57
20:48:03 [INFO] f=0623 t=21.5ms offset=+0.3569 head=+13.27° drive=go      stop_sign=F lane_mode=two_boundary imu_n=0 yaw=+0.0°/s
20:48:03 [INFO] [R0 T0 O0 D0 A0] f=0624 [INTERSECTION] edge_ratio=0.77 > 0.25 — would trigger
20:48:03 [INFO] [R0 T0 O0 D0 A0] f=0624 TAGS=pole_misclassified(x2) wall_edge_detected(x1) dashed_reject_center(x6) offset=+0.0126 mode=two_boundary conf=0.56
20:48:03 [INFO] f=0624 t=11.3ms offset=+0.3615 head=+12.42° drive=go      stop_sign=F lane_mode=two_boundary imu_n=0 yaw=+0.0°/s
20:48:03 [INFO] [R0 T0 O0 D0 A0] f=0625 [INTERSECTION] edge_ratio=0.81 > 0.25 — would trigger
20:48:03 [INFO] [R0 T0 O0 D0 A0] f=0625 TAGS=pole_misclassified(x1) wall_edge_detected(x1) dashed_reject_center(x5) offset=-1.0000 mode=two_boundary conf=0.58
20:48:03 [INFO] f=0625 t=32.0ms offset=+0.3615 head=+12.42° drive=go      stop_sign=F lane_mode=two_boundary imu_n=0 yaw=+0.0°/s
20:48:03 [INFO] [R0 T0 O0 D0 A0] f=0626 [INTERSECTION] edge_ratio=0.76 > 0.25 — would trigger
20:48:03 [INFO] [R0 T0 O0 D0 A0] f=0626 TAGS=pole_misclassified(x2) wall_edge_detected(x1) dashed_reject_center(x5) offset=+0.0306 mode=two_boundary conf=0.56
20:48:03 [INFO] f=0626 t=25.9ms offset=+0.3615 head=+12.42° drive=go      stop_sign=F lane_mode=two_boundary imu_n=0 yaw=+0.0°/s
20:48:03 [INFO] [R0 T0 O0 D0 A0] f=0627 [INTERSECTION] edge_ratio=0.75 > 0.25 — would trigger
20:48:03 [INFO] [R0 T0 O0 D0 A0] f=0627 TAGS=pole_misclassified(x2) wall_edge_detected(x1) dashed_reject_center(x4) offset=+0.0318 mode=two_boundary conf=0.56
20:48:03 [INFO] f=0627 t=11.3ms offset=+0.3571 head=+11.82° drive=go      stop_sign=F lane_mode=two_boundary imu_n=0 yaw=+0.0°/s
20:48:03 [INFO] [R0 T0 O0 D0 A0] f=0628 [INTERSECTION] edge_ratio=0.57 > 0.25 — would trigger
20:48:03 [INFO] [R0 T0 O0 D0 A0] f=0628 TAGS=pole_misclassified(x2) wall_edge_detected(x1) dashed_reject_center(x5) offset=+0.0429 mode=two_boundary conf=0.56
20:48:03 [INFO] f=0628 t=9.2ms offset=+0.2473 head=+10.28° drive=go      stop_sign=F lane_mode=two_boundary imu_n=0 yaw=+0.0°/s
20:48:03 [INFO] [R0 T0 O0 D0 A0] f=0629 [INTERSECTION] edge_ratio=0.79 > 0.25 — would trigger
20:48:03 [INFO] [R0 T0 O0 D0 A0] f=0629 TAGS=pole_misclassified(x2) wall_edge_detected(x2) dashed_reject_center(x2) offset=-0.0047 mode=two_boundary conf=0.58
20:48:03 [INFO] f=0629 t=11.4ms offset=+0.1768 head=+8.54° drive=go      stop_sign=F lane_mode=two_boundary imu_n=0 yaw=+0.0°/s
20:48:03 [INFO] [R0 T0 O0 D0 A0] f=0630 [INTERSECTION] edge_ratio=0.80 > 0.25 — would trigger
20:48:03 [INFO] [R0 T0 O0 D0 A0] f=0630 TAGS=pole_misclassified(x1) dashed_reject_center(x5) offset=-0.0204 mode=two_boundary conf=0.64
20:48:03 [INFO] f=0630 t=16.9ms offset=+0.1768 head=+8.54° drive=go      stop_sign=F lane_mode=two_boundary imu_n=0 yaw=+0.0°/s
20:48:03 [INFO] [R0 T0 O0 D0 A0] f=0631 [INTERSECTION] edge_ratio=0.76 > 0.25 — would trigger
20:48:03 [INFO] [R0 T0 O0 D0 A0] f=0631 TAGS=pole_misclassified(x3) wall_edge_detected(x2) dashed_reject_center(x4) offset=-0.0373 mode=two_boundary conf=0.61
20:48:03 [INFO] f=0631 t=10.4ms offset=+0.1292 head=+6.91° drive=go      stop_sign=F lane_mode=two_boundary imu_n=0 yaw=+0.0°/s
20:48:03 [INFO] [R0 T0 O0 D0 A0] f=0632 [INTERSECTION] edge_ratio=0.75 > 0.25 — would trigger
20:48:03 [INFO] [R0 T0 O0 D0 A0] f=0632 TAGS=pole_misclassified(x4) wall_edge_detected(x2) dashed_reject_center(x2) offset=-0.0165 mode=two_boundary conf=0.64
20:48:03 [INFO] f=0632 t=11.1ms offset=+0.1229 head=+5.78° drive=go      stop_sign=F lane_mode=two_boundary imu_n=0 yaw=+0.0°/s
20:48:03 [INFO] [R0 T0 O0 D0 A0] f=0633 [INTERSECTION] edge_ratio=0.84 > 0.25 — would trigger
20:48:03 [INFO] [R0 T0 O0 D0 A0] f=0633 TAGS=pole_misclassified(x1) wall_edge_detected(x1) dashed_reject_center(x4) offset=-0.0225 mode=two_boundary conf=0.57
20:48:03 [INFO] f=0633 t=29.1ms offset=+0.3037 head=+6.95° drive=go      stop_sign=F lane_mode=two_boundary imu_n=0 yaw=+0.0°/s
20:48:03 [INFO] [R0 T0 O0 D0 A0] f=0634 [INTERSECTION] edge_ratio=0.82 > 0.25 — would trigger
20:48:03 [INFO] [R0 T0 O0 D0 A0] f=0634 TAGS=pole_misclassified(x1) wall_edge_detected(x1) dashed_reject_center(x7) offset=-0.0439 mode=two_boundary conf=0.56
20:48:03 [INFO] f=0634 t=13.8ms offset=+0.3037 head=+6.95° drive=go      stop_sign=F lane_mode=two_boundary imu_n=0 yaw=+0.0°/s
20:48:03 [INFO] [R0 T0 O0 D0 A0] f=0635 [INTERSECTION] edge_ratio=0.75 > 0.25 — would trigger
20:48:03 [INFO] [R0 T0 O0 D0 A0] f=0635 TAGS=pole_misclassified(x4) wall_edge_detected(x3) dashed_reject_center(x4) offset=-0.0140 mode=two_boundary conf=0.56
20:48:03 [INFO] f=0635 t=22.6ms offset=+0.4256 head=+8.98° drive=go      stop_sign=F lane_mode=two_boundary imu_n=0 yaw=+0.0°/s
20:48:03 [INFO] [R0 T0 O0 D0 A0] f=0636 [INTERSECTION] edge_ratio=0.79 > 0.25 — would trigger
20:48:03 [INFO] [R0 T0 O0 D0 A0] f=0636 TAGS=pole_misclassified(x4) wall_edge_detected(x1) dashed_reject_center(x8) offset=-0.0210 mode=two_boundary conf=0.67
20:48:03 [INFO] f=0636 t=28.1ms offset=+0.4998 head=+11.09° drive=go      stop_sign=F lane_mode=two_boundary imu_n=0 yaw=+0.0°/s
20:48:03 [INFO] [R0 T0 O0 D0 A0] f=0637 [INTERSECTION] edge_ratio=0.74 > 0.25 — would trigger
20:48:03 [INFO] [R0 T0 O0 D0 A0] f=0637 TAGS=pole_misclassified(x2) dashed_reject_center(x8) offset=-0.0210 mode=two_boundary conf=0.67
20:48:03 [INFO] f=0637 t=19.4ms offset=+0.4122 head=+11.54° drive=go      stop_sign=F lane_mode=two_boundary imu_n=0 yaw=+0.0°/s
20:48:03 [INFO] [R0 T0 O0 D0 A0] f=0638 [INTERSECTION] edge_ratio=0.80 > 0.25 — would trigger
20:48:03 [INFO] [R0 T0 O0 D0 A0] f=0638 TAGS=pole_misclassified(x1) dashed_reject_center(x5) offset=-0.0232 mode=two_boundary conf=0.66
20:48:03 [INFO] f=0638 t=10.9ms offset=+0.4956 head=+12.70° drive=go      stop_sign=F lane_mode=two_boundary imu_n=0 yaw=+0.0°/s
20:48:03 [INFO] [R0 T0 O0 D0 A0] f=0639 [INTERSECTION] edge_ratio=0.63 > 0.25 — would trigger
20:48:03 [INFO] [R0 T0 O0 D0 A0] f=0639 TAGS=dashed_reject_center(x8) offset=-0.0045 mode=two_boundary conf=0.67
20:48:03 [INFO] f=0639 t=18.5ms offset=+0.4956 head=+12.70° drive=go      stop_sign=F lane_mode=two_boundary imu_n=0 yaw=+0.0°/s
20:48:03 [INFO] [R0 T0 O0 D0 A0] f=0640 [INTERSECTION] edge_ratio=0.37 > 0.25 — would trigger
20:48:03 [INFO] [R0 T0 O0 D0 A0] f=0640 TAGS=pole_misclassified(x3) wall_edge_detected(x2) dashed_reject_center(x9) offset=-0.0348 mode=two_boundary conf=0.65
20:48:03 [INFO] f=0640 t=10.2ms offset=+0.5186 head=+13.70° drive=go      stop_sign=F lane_mode=two_boundary imu_n=0 yaw=+0.0°/s
20:48:03 [INFO] [R0 T0 O0 D0 A0] f=0641 [INTERSECTION] edge_ratio=0.35 > 0.25 — would trigger
20:48:04 [INFO] [R0 T0 O0 D0 A0] f=0641 TAGS=pole_misclassified(x4) wall_edge_detected(x1) dashed_reject_center(x8) offset=+0.0056 mode=two_boundary conf=0.63
20:48:04 [INFO] f=0641 t=20.8ms offset=+0.5571 head=+14.76° drive=go      stop_sign=F lane_mode=two_boundary imu_n=0 yaw=+0.0°/s
20:48:04 [INFO] [R0 T0 O0 D0 A0] f=0642 [INTERSECTION] edge_ratio=0.30 > 0.25 — would trigger
20:48:04 [INFO] [R0 T0 O0 D0 A0] f=0642 TAGS=pole_misclassified(x1) dashed_reject_center(x8) offset=+0.0011 mode=two_boundary conf=0.63
20:48:04 [INFO] f=0642 t=22.4ms offset=+0.5995 head=+15.89° drive=go      stop_sign=F lane_mode=two_boundary imu_n=0 yaw=+0.0°/s
20:48:04 [INFO] [R0 T0 O0 D0 A0] f=0643 TAGS=pole_misclassified(x2) dashed_reject_center(x7) offset=+0.0044 mode=two_boundary conf=0.62
20:48:04 [INFO] f=0643 t=10.5ms offset=+0.6065 head=+16.69° drive=go      stop_sign=F lane_mode=two_boundary imu_n=0 yaw=+0.0°/s
20:48:04 [INFO] [R0 T0 O0 D0 A0] f=0644 TAGS=pole_misclassified(x2) dashed_reject_center(x7) offset=+0.0011 mode=two_boundary conf=0.62
20:48:04 [INFO] f=0644 t=16.7ms offset=+0.6025 head=+17.18° drive=go      stop_sign=F lane_mode=two_boundary imu_n=0 yaw=+0.0°/s
20:48:04 [INFO] [R0 T0 O0 D0 A0] f=0645 TAGS=pole_misclassified(x3) wall_edge_detected(x1) dashed_reject_center(x7) offset=+0.0056 mode=two_boundary conf=0.62
20:48:04 [INFO] f=0645 t=13.6ms offset=+0.6045 head=+17.51° drive=go      stop_sign=F lane_mode=two_boundary imu_n=0 yaw=+0.0°/s
20:48:04 [INFO] [R0 T0 O0 D0 A0] f=0646 TAGS=pole_misclassified(x2) wall_edge_detected(x1) dashed_reject_center(x8) offset=+0.0100 mode=two_boundary conf=0.62
20:48:04 [INFO] f=0646 t=29.8ms offset=+0.6059 head=+17.75° drive=go      stop_sign=F lane_mode=two_boundary imu_n=0 yaw=+0.0°/s
20:48:04 [INFO] [R0 T0 O0 D0 A0] f=0647 TAGS=pole_misclassified(x6) wall_edge_detected(x2) dashed_reject_center(x9) offset=+0.0155 mode=two_boundary conf=0.55
20:48:04 [INFO] f=0647 t=11.3ms offset=+0.5862 head=+17.69° drive=go      stop_sign=F lane_mode=two_boundary imu_n=0 yaw=+0.0°/s
20:48:04 [INFO] [R0 T0 O0 D0 A0] f=0648 TAGS=pole_misclassified(x3) wall_edge_detected(x1) dashed_reject_center(x5) offset=+0.0133 mode=two_boundary conf=0.62
20:48:04 [INFO] f=0648 t=23.9ms offset=+0.5862 head=+17.69° drive=go      stop_sign=F lane_mode=two_boundary imu_n=0 yaw=+0.0°/s
20:48:04 [INFO] [R0 T0 O0 D0 A0] f=0649 TAGS=pole_misclassified(x3) wall_edge_detected(x2) dashed_reject_center(x6) offset=+0.0200 mode=two_boundary conf=0.62
20:48:04 [INFO] f=0649 t=18.1ms offset=+0.5840 head=+17.63° drive=go      stop_sign=F lane_mode=two_boundary imu_n=0 yaw=+0.0°/s
20:48:04 [INFO] [R0 T0 O0 D0 A0] f=0650 TAGS=pole_misclassified(x2) wall_edge_detected(x1) dashed_reject_center(x6) offset=+0.0254 mode=two_boundary conf=0.48
20:48:04 [INFO] f=0650 t=25.3ms offset=+0.4097 head=+15.76° drive=go      stop_sign=F lane_mode=two_boundary imu_n=0 yaw=+0.0°/s
20:48:04 [INFO] [R0 T0 O0 D0 A0] f=0651 TAGS=pole_misclassified(x3) wall_edge_detected(x2) dashed_reject_center(x7) offset=+0.0265 mode=two_boundary conf=0.46
20:48:04 [INFO] f=0651 t=31.9ms offset=+0.4242 head=+14.70° drive=go      stop_sign=F lane_mode=two_boundary imu_n=0 yaw=+0.0°/s
20:48:04 [INFO] [R0 T0 O0 D0 A0] f=0652 TAGS=pole_misclassified(x2) wall_edge_detected(x1) dashed_reject_center(x7) offset=-0.0162 mode=two_boundary conf=0.63
20:48:04 [INFO] f=0652 t=45.7ms offset=+0.3064 head=+12.77° drive=go      stop_sign=F lane_mode=two_boundary imu_n=0 yaw=+0.0°/s
20:48:04 [INFO] [R0 T0 O0 D0 A0] f=0653 TAGS=pole_misclassified(x3) wall_edge_detected(x1) dashed_reject_center(x5) offset=+0.0332 mode=two_boundary conf=0.61
20:48:04 [INFO] f=0653 t=33.2ms offset=+0.4207 head=+12.72° drive=go      stop_sign=F lane_mode=two_boundary imu_n=0 yaw=+0.0°/s
20:48:04 [INFO] [R0 T0 O0 D0 A0] f=0654 TAGS=pole_misclassified(x2) wall_edge_detected(x1) dashed_reject_center(x7) offset=-0.0507 mode=two_boundary conf=0.60
20:48:04 [INFO] f=0654 t=14.6ms offset=+0.4207 head=+12.72° drive=go      stop_sign=F lane_mode=two_boundary imu_n=0 yaw=+0.0°/s
20:48:04 [INFO] [R0 T0 O0 D0 A0] f=0655 TAGS=pole_misclassified(x1) dashed_reject_center(x7) offset=-0.0023 mode=two_boundary conf=0.63
20:48:04 [INFO] f=0655 t=32.1ms offset=+0.4207 head=+12.72° drive=go      stop_sign=F lane_mode=two_boundary imu_n=0 yaw=+0.0°/s
20:48:04 [INFO] [R0 T0 O0 D0 A0] f=0656 TAGS=pole_misclassified(x1) dashed_reject_center(x7) offset=-0.0370 mode=two_boundary conf=0.60
20:48:04 [INFO] f=0656 t=30.4ms offset=+0.4029 head=+12.50° drive=go      stop_sign=F lane_mode=two_boundary imu_n=0 yaw=+0.0°/s
20:48:04 [INFO] [R0 T0 O0 D0 A0] f=0657 TAGS=pole_misclassified(x4) wall_edge_detected(x1) dashed_reject_center(x4) offset=+0.0023 mode=two_boundary conf=0.63
20:48:04 [INFO] f=0657 t=31.2ms offset=+0.4415 head=+12.76° drive=go      stop_sign=F lane_mode=two_boundary imu_n=0 yaw=+0.0°/s
20:48:04 [WARNING] Frame 658: budget exceeded 316.5 ms (budget 66.7 ms)
20:48:04 [INFO] [R0 T0 O0 D0 A0] f=0658 TAGS=pole_misclassified(x4) wall_edge_detected(x3) dashed_reject_center(x5) offset=+0.0058 mode=two_boundary conf=0.55
20:48:04 [INFO] f=0658 t=316.5ms offset=+0.3359 head=+11.82° drive=go      stop_sign=F lane_mode=two_boundary imu_n=0 yaw=+0.0°/s
20:48:04 [INFO] [R0 T0 O0 D0 A0] f=0659 TAGS=pole_misclassified(x4) wall_edge_detected(x3) dashed_reject_center(x4) offset=-0.0683 mode=two_boundary conf=0.59
20:48:04 [INFO] f=0659 t=40.2ms offset=+0.3959 head=+11.84° drive=go      stop_sign=F lane_mode=two_boundary imu_n=0 yaw=+0.0°/s
20:48:04 [INFO] [R0 T0 O0 D0 A0] f=0660 TAGS=pole_misclassified(x4) wall_edge_detected(x3) dashed_reject_center(x6) offset=-0.0472 mode=two_boundary conf=0.59
20:48:04 [INFO] f=0660 t=36.4ms offset=+0.3758 head=+11.64° drive=go      stop_sign=F lane_mode=two_boundary imu_n=0 yaw=+0.0°/s
20:48:04 [INFO] [R0 T0 O0 D0 A0] f=0661 TAGS=pole_misclassified(x3) wall_edge_detected(x1) dashed_reject_center(x5) offset=-0.0265 mode=two_boundary conf=0.61
20:48:04 [INFO] f=0661 t=34.4ms offset=+0.4692 head=+12.49° drive=go      stop_sign=F lane_mode=two_boundary imu_n=0 yaw=+0.0°/s
20:48:04 [INFO] [R0 T0 O0 D0 A0] f=0662 TAGS=pole_misclassified(x3) wall_edge_detected(x1) dashed_reject_center(x4) offset=-0.0211 mode=two_boundary conf=0.62
20:48:04 [INFO] f=0662 t=19.5ms offset=+0.5320 head=+13.71° drive=go      stop_sign=F lane_mode=two_boundary imu_n=0 yaw=+0.0°/s
20:48:04 [INFO] [R0 T0 O0 D0 A0] f=0663 TAGS=pole_misclassified(x2) wall_edge_detected(x1) dashed_reject_center(x5) offset=-0.1315 mode=two_boundary conf=0.63
20:48:04 [INFO] f=0663 t=12.8ms offset=+0.3519 head=+12.61° drive=go      stop_sign=F lane_mode=two_boundary imu_n=0 yaw=+0.0°/s
20:48:05 [INFO] [R0 T0 O0 D0 A0] f=0664 TAGS=pole_misclassified(x3) wall_edge_detected(x2) dashed_reject_center(x4) offset=+0.0292 mode=two_boundary conf=0.62
20:48:05 [INFO] f=0664 t=19.5ms offset=+0.4501 head=+12.92° drive=go      stop_sign=F lane_mode=two_boundary imu_n=0 yaw=+0.0°/s
20:48:05 [INFO] [R0 T0 O0 D0 A0] f=0665 TAGS=pole_misclassified(x3) wall_edge_detected(x2) dashed_reject_center(x4) offset=+0.0268 mode=two_boundary conf=0.62
20:48:05 [INFO] f=0665 t=13.1ms offset=+0.5256 head=+13.92° drive=go      stop_sign=F lane_mode=two_boundary imu_n=0 yaw=+0.0°/s
20:48:05 [INFO] [R0 T0 O0 D0 A0] f=0666 TAGS=pole_misclassified(x3) wall_edge_detected(x2) dashed_reject_center(x5) offset=-0.0324 mode=two_boundary conf=0.61
20:48:05 [INFO] f=0666 t=32.7ms offset=+0.5353 head=+14.67° drive=go      stop_sign=F lane_mode=two_boundary imu_n=0 yaw=+0.0°/s
20:48:05 [INFO] [R0 T0 O0 D0 A0] f=0667 TAGS=pole_misclassified(x3) wall_edge_detected(x1) dashed_reject_center(x3) offset=+0.0421 mode=two_boundary conf=0.60
20:48:05 [INFO] f=0667 t=33.8ms offset=+0.5525 head=+15.34° drive=go      stop_sign=F lane_mode=two_boundary imu_n=0 yaw=+0.0°/s
20:48:05 [INFO] [R0 T0 O0 D0 A0] f=0668 TAGS=pole_misclassified(x2) dashed_reject_center(x3) offset=+0.0609 mode=two_boundary conf=0.60
20:48:05 [INFO] f=0668 t=53.9ms offset=+0.5957 head=+16.22° drive=go      stop_sign=F lane_mode=two_boundary imu_n=0 yaw=+0.0°/s
20:48:05 [INFO] [R0 T0 O0 D0 A0] f=0669 TAGS=pole_misclassified(x2) wall_edge_detected(x1) dashed_reject_center(x4) offset=+0.0703 mode=two_boundary conf=0.60
20:48:05 [INFO] f=0669 t=20.4ms offset=+0.5957 head=+16.22° drive=go      stop_sign=F lane_mode=two_boundary imu_n=0 yaw=+0.0°/s
20:48:05 [INFO] [R0 T0 O0 D0 A0] f=0670 TAGS=pole_misclassified(x4) wall_edge_detected(x3) dashed_reject_center(x4) offset=+0.0291 mode=two_boundary conf=0.59
20:48:05 [INFO] f=0670 t=35.0ms offset=+0.5445 head=+16.26° drive=go      stop_sign=F lane_mode=two_boundary imu_n=0 yaw=+0.0°/s
20:48:05 [INFO] [R0 T0 O0 D0 A0] f=0671 TAGS=pole_misclassified(x2) dashed_reject_center(x5) offset=+0.0326 mode=two_boundary conf=0.60
20:48:05 [INFO] f=0671 t=47.3ms offset=+0.5179 head=+16.01° drive=go      stop_sign=F lane_mode=two_boundary imu_n=0 yaw=+0.0°/s
20:48:05 [INFO] [R0 T0 O0 D0 A0] f=0672 [INTERSECTION] edge_ratio=0.26 > 0.25 — would trigger
20:48:05 [INFO] [R0 T0 O0 D0 A0] f=0672 TAGS=pole_misclassified(x1) dashed_reject_center(x5) offset=+0.0394 mode=two_boundary conf=0.60
20:48:05 [INFO] f=0672 t=31.9ms offset=+0.5684 head=+16.37° drive=go      stop_sign=F lane_mode=two_boundary imu_n=0 yaw=+0.0°/s
20:48:05 [INFO] [R0 T0 O0 D0 A0] f=0673 TAGS=pole_misclassified(x2) wall_edge_detected(x1) dashed_reject_center(x4) offset=+0.0318 mode=two_boundary conf=0.63
20:48:05 [INFO] f=0673 t=25.7ms offset=+0.5938 head=+16.88° drive=go      stop_sign=F lane_mode=two_boundary imu_n=0 yaw=+0.0°/s
20:48:05 [INFO] [R0 T0 O0 D0 A0] f=0674 TAGS=pole_misclassified(x2) wall_edge_detected(x1) dashed_reject_center(x5) offset=+0.0431 mode=two_boundary conf=0.63
20:48:05 [INFO] f=0674 t=16.1ms offset=+0.5938 head=+16.88° drive=go      stop_sign=F lane_mode=two_boundary imu_n=0 yaw=+0.0°/s
20:48:05 [INFO] [R0 T0 O0 D0 A0] f=0675 TAGS=pole_misclassified(x2) wall_edge_detected(x1) dashed_reject_center(x3) offset=-0.0182 mode=two_boundary conf=0.62
20:48:05 [INFO] f=0675 t=33.9ms offset=+0.5938 head=+16.88° drive=go      stop_sign=F lane_mode=two_boundary imu_n=0 yaw=+0.0°/s
20:48:05 [INFO] [R0 T0 O0 D0 A0] f=0676 TAGS=pole_misclassified(x2) wall_edge_detected(x1) dashed_reject_center(x5) offset=+0.1079 mode=two_boundary conf=0.37
20:48:05 [INFO] f=0676 t=21.1ms offset=+0.6178 head=+17.46° drive=go      stop_sign=F lane_mode=two_boundary imu_n=0 yaw=+0.0°/s
20:48:05 [INFO] [R0 T0 O0 D0 A0] f=0677 TAGS=pole_misclassified(x3) wall_edge_detected(x1) dashed_reject_center(x6) offset=+0.0498 mode=two_boundary conf=0.47
20:48:05 [INFO] f=0677 t=24.9ms offset=+0.5604 head=+17.23° drive=go      stop_sign=F lane_mode=two_boundary imu_n=0 yaw=+0.0°/s
20:48:05 [INFO] [R0 T0 O0 D0 A0] f=0678 TAGS=pole_misclassified(x1) dashed_reject_center(x6) offset=+0.0074 mode=two_boundary conf=0.60
20:48:05 [INFO] f=0678 t=22.8ms offset=+0.5604 head=+17.23° drive=go      stop_sign=F lane_mode=two_boundary imu_n=0 yaw=+0.0°/s
20:48:05 [INFO] [R0 T0 O0 D0 A0] f=0679 TAGS=pole_misclassified(x2) wall_edge_detected(x1) dashed_reject_center(x5) offset=+0.0514 mode=two_boundary conf=0.53
20:48:05 [INFO] f=0679 t=28.7ms offset=+0.4918 head=+16.36° drive=go      stop_sign=F lane_mode=two_boundary imu_n=0 yaw=+0.0°/s
20:48:05 [INFO] [R0 T0 O0 D0 A0] f=0680 TAGS=pole_misclassified(x4) wall_edge_detected(x1) dashed_reject_center(x4) offset=+0.1133 mode=two_boundary conf=0.46
20:48:05 [INFO] f=0680 t=37.6ms offset=+0.5530 head=+16.44° drive=go      stop_sign=F lane_mode=two_boundary imu_n=0 yaw=+0.0°/s
20:48:05 [INFO] [R0 T0 O0 D0 A0] f=0681 TAGS=pole_misclassified(x2) wall_edge_detected(x1) dashed_reject_center(x4) offset=+0.0835 mode=two_boundary conf=0.49
20:48:05 [INFO] f=0681 t=22.0ms offset=+0.5827 head=+16.81° drive=go      stop_sign=F lane_mode=two_boundary imu_n=0 yaw=+0.0°/s
20:48:05 [INFO] [R0 T0 O0 D0 A0] f=0682 TAGS=pole_misclassified(x2) wall_edge_detected(x1) dashed_reject_center(x4) offset=+0.0582 mode=two_boundary conf=0.55
20:48:05 [INFO] f=0682 t=13.1ms offset=+0.5827 head=+16.81° drive=go      stop_sign=F lane_mode=two_boundary imu_n=0 yaw=+0.0°/s
20:48:05 [INFO] [R0 T0 O0 D0 A0] f=0683 TAGS=pole_misclassified(x4) wall_edge_detected(x2) dashed_reject_center(x7) offset=+0.0012 mode=two_boundary conf=0.59
20:48:05 [INFO] f=0683 t=11.9ms offset=+0.5017 head=+16.19° drive=go      stop_sign=F lane_mode=two_boundary imu_n=0 yaw=+0.0°/s
20:48:05 [INFO] [R0 T0 O0 D0 A0] f=0684 TAGS=pole_misclassified(x3) wall_edge_detected(x1) dashed_reject_center(x9) offset=+0.0684 mode=two_boundary conf=0.56
20:48:05 [INFO] f=0684 t=19.2ms offset=+0.5013 head=+15.79° drive=go      stop_sign=F lane_mode=two_boundary imu_n=0 yaw=+0.0°/s
20:48:05 [INFO] [R0 T0 O0 D0 A0] f=0685 TAGS=pole_misclassified(x3) wall_edge_detected(x2) dashed_reject_center(x2) offset=+0.0014 mode=two_boundary conf=0.59
20:48:05 [INFO] f=0685 t=24.0ms offset=+0.3613 head=+14.06° drive=go      stop_sign=F lane_mode=two_boundary imu_n=0 yaw=+0.0°/s
20:48:05 [INFO] [R0 T0 O0 D0 A0] f=0686 TAGS=pole_misclassified(x2) wall_edge_detected(x2) dashed_reject_center(x5) offset=+0.0961 mode=two_boundary conf=0.59
20:48:05 [INFO] f=0686 t=17.6ms offset=+0.4498 head=+13.86° drive=go      stop_sign=F lane_mode=two_boundary imu_n=0 yaw=+0.0°/s
20:48:05 [INFO] [R0 T0 O0 D0 A0] f=0687 TAGS=pole_misclassified(x2) wall_edge_detected(x1) offset=+0.0864 mode=two_boundary conf=0.58
20:48:05 [INFO] f=0687 t=8.5ms offset=+0.4498 head=+13.86° drive=go      stop_sign=F lane_mode=two_boundary imu_n=0 yaw=+0.0°/s
20:48:05 [INFO] [R0 T0 O0 D0 A0] f=0688 TAGS=pole_misclassified(x2) wall_edge_detected(x1) offset=+0.1012 mode=two_boundary conf=0.52
20:48:05 [INFO] f=0688 t=27.5ms offset=+0.4498 head=+13.86° drive=go      stop_sign=F lane_mode=two_boundary imu_n=0 yaw=+0.0°/s
20:48:05 [INFO] [R0 T0 O0 D0 A0] f=0689 TAGS=pole_misclassified(x1) offset=+0.4000 mode=two_boundary conf=0.57
20:48:05 [INFO] f=0689 t=18.9ms offset=+0.4891 head=+14.14° drive=go      stop_sign=F lane_mode=two_boundary imu_n=0 yaw=+0.0°/s
20:48:05 [INFO] [R0 T0 O0 D0 A0] f=0690 TAGS=pole_misclassified(x1) wall_edge_detected(x1) anchor_wrong_half offset=+1.0000 mode=two_boundary conf=0.50
20:48:05 [INFO] f=0690 t=17.3ms offset=+0.4891 head=+14.14° drive=go      stop_sign=F lane_mode=two_boundary imu_n=0 yaw=+0.0°/s
20:48:05 [INFO] [R0 T0 O0 D0 A0] f=0691 TAGS=pole_misclassified(x3) wall_edge_detected(x1) anchor_wrong_half offset=+1.0000 mode=two_boundary conf=0.54
20:48:05 [INFO] f=0691 t=23.6ms offset=+0.4891 head=+14.14° drive=go      stop_sign=F lane_mode=two_boundary imu_n=0 yaw=+0.0°/s
20:48:05 [INFO] [R0 T0 O0 D0 A0] f=0692 [INTERSECTION] edge_ratio=0.67 > 0.25 — would trigger
20:48:05 [INFO] [R0 T0 O0 D0 A0] f=0692 TAGS=pole_misclassified(x2) wall_edge_detected(x1) offset=+0.0310 mode=two_boundary conf=0.56
20:48:05 [INFO] f=0692 t=27.8ms offset=+0.5377 head=+14.84° drive=go      stop_sign=F lane_mode=two_boundary imu_n=0 yaw=+0.0°/s
20:48:05 [INFO] [R0 T0 O0 D0 A0] f=0693 [INTERSECTION] edge_ratio=0.86 > 0.25 — would trigger
20:48:05 [INFO] [R0 T0 O0 D0 A0] f=0693 TAGS=pole_misclassified(x4) wall_edge_detected(x2) offset=+0.0221 mode=two_boundary conf=0.50
20:48:05 [INFO] f=0693 t=45.7ms offset=+0.5377 head=+14.84° drive=go      stop_sign=F lane_mode=two_boundary imu_n=0 yaw=+0.0°/s
20:48:06 [INFO] [R0 T0 O0 D0 A0] f=0694 [INTERSECTION] edge_ratio=1.00 > 0.25 — would trigger
20:48:06 [INFO] [R0 T0 O0 D0 A0] f=0694 TAGS=pole_misclassified(x4) dashed_reject_center(x1) offset=+0.0619 mode=two_boundary conf=0.46
20:48:06 [INFO] f=0694 t=43.7ms offset=+0.4720 head=+14.60° drive=go      stop_sign=F lane_mode=two_boundary imu_n=0 yaw=+0.0°/s
20:48:06 [INFO] [R0 T0 O0 D0 A0] f=0695 [INTERSECTION] edge_ratio=1.19 > 0.25 — would trigger
20:48:06 [INFO] [R0 T0 O0 D0 A0] f=0695 TAGS=pole_misclassified(x5) wall_edge_detected(x1) offset=+0.0526 mode=two_boundary conf=0.54
20:48:06 [INFO] f=0695 t=34.3ms offset=+0.4816 head=+14.55° drive=go      stop_sign=F lane_mode=two_boundary imu_n=0 yaw=+0.0°/s
20:48:06 [INFO] [R0 T0 O0 D0 A0] f=0696 [INTERSECTION] edge_ratio=1.30 > 0.25 — would trigger
20:48:06 [INFO] [R0 T0 O0 D0 A0] f=0696 TAGS=pole_misclassified(x4) wall_edge_detected(x1) offset=+0.0588 mode=two_boundary conf=0.54
20:48:06 [INFO] f=0696 t=24.3ms offset=+0.4884 head=+14.58° drive=go      stop_sign=F lane_mode=two_boundary imu_n=0 yaw=+0.0°/s
20:48:06 [INFO] [R0 T0 O0 D0 A0] f=0697 [INTERSECTION] edge_ratio=1.31 > 0.25 — would trigger
20:48:06 [INFO] [R0 T0 O0 D0 A0] f=0697 TAGS=pole_misclassified(x5) wall_edge_detected(x1) offset=+0.0826 mode=two_boundary conf=0.54
20:48:06 [INFO] f=0697 t=27.3ms offset=+0.4399 head=+14.10° drive=go      stop_sign=F lane_mode=two_boundary imu_n=0 yaw=+0.0°/s
20:48:06 [INFO] [R0 T0 O0 D0 A0] f=0698 [INTERSECTION] edge_ratio=1.20 > 0.25 — would trigger
20:48:06 [INFO] [R0 T0 O0 D0 A0] f=0698 TAGS=pole_misclassified(x6) wall_edge_detected(x2) dashed_reject_center(x1) offset=+0.0552 mode=two_boundary conf=0.54
20:48:06 [INFO] f=0698 t=30.0ms offset=+0.4558 head=+13.95° drive=go      stop_sign=F lane_mode=two_boundary imu_n=0 yaw=+0.0°/s
20:48:06 [INFO] [R0 T0 O0 D0 A0] f=0699 [INTERSECTION] edge_ratio=1.22 > 0.25 — would trigger
20:48:06 [INFO] [R0 T0 O0 D0 A0] f=0699 TAGS=pole_misclassified(x6) wall_edge_detected(x2) dashed_reject_center(x1) offset=+0.0692 mode=two_boundary conf=0.53
20:48:06 [INFO] f=0699 t=30.1ms offset=+0.4720 head=+14.02° drive=go      stop_sign=F lane_mode=two_boundary imu_n=0 yaw=+0.0°/s
20:48:06 [INFO] [R0 T0 O0 D0 A0] f=0700 [INTERSECTION] edge_ratio=0.75 > 0.25 — would trigger
20:48:06 [INFO] [R0 T0 O0 D0 A0] f=0700 TAGS=pole_misclassified(x3) wall_edge_detected(x2) offset=-1.0000 mode=two_boundary conf=0.57
20:48:06 [INFO] f=0700 t=49.6ms offset=+0.3807 head=+13.11° drive=go      stop_sign=F lane_mode=two_boundary imu_n=0 yaw=+0.0°/s
20:48:06 [INFO] [R0 T0 O0 D0 A0] f=0701 [INTERSECTION] edge_ratio=0.71 > 0.25 — would trigger
20:48:06 [INFO] [R0 T0 O0 D0 A0] f=0701 TAGS=pole_misclassified(x2) wall_edge_detected(x1) dashed_reject_center(x1) offset=+0.0123 mode=two_boundary conf=0.47
20:48:06 [INFO] f=0701 t=21.4ms offset=+0.3699 head=+12.41° drive=go      stop_sign=F lane_mode=two_boundary imu_n=0 yaw=+0.0°/s
20:48:06 [INFO] [R0 T0 O0 D0 A0] f=0702 [INTERSECTION] edge_ratio=0.72 > 0.25 — would trigger
20:48:06 [INFO] [R0 T0 O0 D0 A0] f=0702 TAGS=pole_misclassified(x4) wall_edge_detected(x1) offset=+0.0754 mode=two_boundary conf=0.51
20:48:06 [INFO] f=0702 t=9.9ms offset=+0.3630 head=+11.88° drive=go      stop_sign=F lane_mode=two_boundary imu_n=0 yaw=+0.0°/s
20:48:06 [INFO] [R0 T0 O0 D0 A0] f=0703 [INTERSECTION] edge_ratio=0.45 > 0.25 — would trigger
20:48:06 [INFO] [R0 T0 O0 D0 A0] f=0703 TAGS=pole_misclassified(x4) dashed_reject_center(x1) anchor_wrong_half offset=+1.0000 mode=two_boundary conf=0.57
20:48:06 [INFO] f=0703 t=15.4ms offset=+0.4234 head=+12.16° drive=go      stop_sign=F lane_mode=two_boundary imu_n=0 yaw=+0.0°/s
20:48:06 [INFO] [R0 T0 O0 D0 A0] f=0704 [INTERSECTION] edge_ratio=0.25 > 0.25 — would trigger
20:48:06 [INFO] [R0 T0 O0 D0 A0] f=0704 TAGS=pole_misclassified(x6) wall_edge_detected(x1) offset=+0.0458 mode=two_boundary conf=0.51
20:48:06 [INFO] f=0704 t=13.8ms offset=+0.4102 head=+12.21° drive=go      stop_sign=F lane_mode=two_boundary imu_n=0 yaw=+0.0°/s
20:48:06 [INFO] [R0 T0 O0 D0 A0] f=0705 TAGS=pole_misclassified(x3) wall_edge_detected(x1) offset=+0.3099 mode=two_boundary conf=0.51
20:48:06 [INFO] f=0705 t=21.8ms offset=+0.4390 head=+12.55° drive=go      stop_sign=F lane_mode=two_boundary imu_n=0 yaw=+0.0°/s
20:48:06 [INFO] [R0 T0 O0 D0 A0] f=0706 TAGS=pole_misclassified(x1) offset=-0.0308 mode=two_boundary conf=0.35
20:48:06 [INFO] f=0706 t=15.7ms offset=+0.4079 head=+12.44° drive=go      stop_sign=F lane_mode=two_boundary imu_n=0 yaw=+0.0°/s
20:48:06 [INFO] [R0 T0 O0 D0 A0] f=0707 TAGS=pole_misclassified(x2) wall_edge_detected(x1) offset=+0.2327 mode=two_boundary conf=0.55
20:48:06 [INFO] f=0707 t=19.1ms offset=+0.4777 head=+13.10° drive=go      stop_sign=F lane_mode=two_boundary imu_n=0 yaw=+0.0°/s
20:48:06 [INFO] [R0 T0 O0 D0 A0] f=0708 TAGS=pole_misclassified(x4) wall_edge_detected(x2) offset=+0.2311 mode=two_boundary conf=0.52
20:48:06 [INFO] f=0708 t=19.6ms offset=+0.4599 head=+13.35° drive=go      stop_sign=F lane_mode=two_boundary imu_n=0 yaw=+0.0°/s
20:48:06 [INFO] [R0 T0 O0 D0 A0] f=0709 TAGS=pole_misclassified(x1) wall_edge_detected(x1) anchor_wrong_half offset=-0.2000 mode=width_rejected conf=0.61
20:48:06 [INFO] f=0709 t=20.7ms offset=+0.4215 head=+13.10° drive=go      stop_sign=F lane_mode=width_rejected imu_n=0 yaw=+0.0°/s
20:48:06 [INFO] [R0 T0 O0 D0 A0] f=0710 TAGS=pole_misclassified(x2) wall_edge_detected(x1) anchor_wrong_half offset=+1.0000 mode=two_boundary conf=0.55
20:48:06 [INFO] f=0710 t=29.1ms offset=+0.3964 head=+12.68° drive=go      stop_sign=F lane_mode=two_boundary imu_n=0 yaw=+0.0°/s
20:48:06 [INFO] [R0 T0 O0 D0 A0] f=0711 TAGS=pole_misclassified(x1) offset=+0.5120 mode=two_boundary conf=0.55
20:48:06 [INFO] f=0711 t=12.5ms offset=+0.3889 head=+12.32° drive=go      stop_sign=F lane_mode=two_boundary imu_n=0 yaw=+0.0°/s
20:48:06 [INFO] [R0 T0 O0 D0 A0] f=0712 TAGS=pole_misclassified(x2) offset=+0.3702 mode=two_boundary conf=0.56
20:48:06 [INFO] f=0712 t=9.6ms offset=+0.4403 head=+12.63° drive=go      stop_sign=F lane_mode=two_boundary imu_n=0 yaw=+0.0°/s
20:48:06 [INFO] [R0 T0 O0 D0 A0] f=0713 TAGS=pole_misclassified(x4) offset=+0.0172 mode=two_boundary conf=0.54
20:48:06 [INFO] f=0713 t=14.7ms offset=+0.4554 head=+12.99° drive=go      stop_sign=F lane_mode=two_boundary imu_n=0 yaw=+0.0°/s
20:48:06 [INFO] [R0 T0 O0 D0 A0] f=0714 TAGS=pole_misclassified(x3) offset=+0.2874 mode=two_boundary conf=0.55
20:48:06 [INFO] f=0714 t=21.3ms offset=+0.5013 head=+13.71° drive=go      stop_sign=F lane_mode=two_boundary imu_n=0 yaw=+0.0°/s
20:48:06 [INFO] [R0 T0 O0 D0 A0] f=0715 TAGS=pole_misclassified(x4) offset=+0.0894 mode=two_boundary conf=0.55
20:48:06 [INFO] f=0715 t=13.4ms offset=+0.5363 head=+14.54° drive=go      stop_sign=F lane_mode=two_boundary imu_n=0 yaw=+0.0°/s
20:48:06 [INFO] [R0 T0 O0 D0 A0] f=0716 TAGS=pole_misclassified(x6) dashed_reject_center(x1) offset=+0.1042 mode=two_boundary conf=0.53
20:48:06 [INFO] f=0716 t=11.8ms offset=+0.4870 head=+14.57° drive=go      stop_sign=F lane_mode=two_boundary imu_n=0 yaw=+0.0°/s
20:48:06 [INFO] [R0 T0 O0 D0 A0] f=0717 TAGS=pole_misclassified(x3) offset=+0.1878 mode=two_boundary conf=0.52
20:48:06 [INFO] f=0717 t=9.4ms offset=+0.3811 head=+13.47° drive=go      stop_sign=F lane_mode=two_boundary imu_n=0 yaw=+0.0°/s
20:48:06 [INFO] [R0 T0 O0 D0 A0] f=0718 TAGS=pole_misclassified(x5) offset=+0.1009 mode=two_boundary conf=0.54
20:48:06 [INFO] f=0718 t=10.2ms offset=+0.4762 head=+13.76° drive=go      stop_sign=F lane_mode=two_boundary imu_n=0 yaw=+0.0°/s
20:48:06 [INFO] [R0 T0 O0 D0 A0] f=0719 [INTERSECTION] edge_ratio=0.27 > 0.25 — would trigger
20:48:06 [INFO] [R0 T0 O0 D0 A0] f=0719 TAGS=pole_misclassified(x6) wall_edge_detected(x2) dashed_reject_center(x1) offset=+0.3159 mode=two_boundary conf=0.53
20:48:06 [INFO] f=0719 t=24.0ms offset=+0.4950 head=+14.14° drive=go      stop_sign=F lane_mode=two_boundary imu_n=0 yaw=+0.0°/s
20:48:06 [INFO] [R0 T0 O0 D0 A0] f=0720 [INTERSECTION] edge_ratio=0.62 > 0.25 — would trigger
20:48:06 [INFO] [R0 T0 O0 D0 A0] f=0720 TAGS=pole_misclassified(x4) wall_edge_detected(x1) dashed_reject_center(x1) offset=+0.1511 mode=two_boundary conf=0.52
20:48:06 [INFO] f=0720 t=12.3ms offset=+0.4950 head=+14.14° drive=go      stop_sign=F lane_mode=two_boundary imu_n=0 yaw=+0.0°/s
20:48:06 [INFO] [R0 T0 O0 D0 A0] f=0721 [INTERSECTION] edge_ratio=0.38 > 0.25 — would trigger
20:48:06 [INFO] [R0 T0 O0 D0 A0] f=0721 TAGS=pole_misclassified(x6) wall_edge_detected(x1) dashed_reject_center(x1) offset=+0.0251 mode=two_boundary conf=0.42
20:48:06 [INFO] f=0721 t=17.8ms offset=+0.4950 head=+14.14° drive=go      stop_sign=F lane_mode=two_boundary imu_n=0 yaw=+0.0°/s
20:48:06 [INFO] [R0 T0 O0 D0 A0] f=0722 [INTERSECTION] edge_ratio=0.85 > 0.25 — would trigger
20:48:06 [INFO] [R0 T0 O0 D0 A0] f=0722 TAGS=pole_misclassified(x4) wall_edge_detected(x2) dashed_reject_center(x1) offset=-0.0273 mode=two_boundary conf=0.53
20:48:06 [INFO] f=0722 t=24.5ms offset=+0.4950 head=+14.14° drive=go      stop_sign=F lane_mode=two_boundary imu_n=0 yaw=+0.0°/s
20:48:06 [INFO] [R0 T0 O0 D0 A0] f=0723 [INTERSECTION] edge_ratio=0.69 > 0.25 — would trigger
20:48:06 [INFO] [R0 T0 O0 D0 A0] f=0723 TAGS=pole_misclassified(x3) wall_edge_detected(x2) dashed_reject_center(x1) offset=-0.0330 mode=two_boundary conf=0.51
20:48:06 [INFO] f=0723 t=20.4ms offset=+0.4950 head=+14.14° drive=go      stop_sign=F lane_mode=two_boundary imu_n=0 yaw=+0.0°/s
20:48:06 [INFO] [R0 T0 O0 D0 A0] f=0724 [INTERSECTION] edge_ratio=0.32 > 0.25 — would trigger
20:48:06 [INFO] [R0 T0 O0 D0 A0] f=0724 TAGS=pole_misclassified(x2) dashed_reject_center(x1) offset=-0.3786 mode=two_boundary conf=0.53
20:48:06 [INFO] f=0724 t=23.8ms offset=+0.4950 head=+14.14° drive=go      stop_sign=F lane_mode=two_boundary imu_n=0 yaw=+0.0°/s
20:48:06 [INFO] [R0 T0 O0 D0 A0] f=0725 TAGS=pole_misclassified(x3) dashed_reject_center(x1) offset=-0.0915 mode=two_boundary conf=0.60
20:48:06 [INFO] f=0725 t=22.2ms offset=+0.4950 head=+14.14° drive=go      stop_sign=F lane_mode=two_boundary imu_n=0 yaw=+0.0°/s
20:48:06 [INFO] [R0 T0 O0 D0 A0] f=0726 TAGS=pole_misclassified(x1) dashed_reject_center(x2) offset=-0.2146 mode=two_boundary conf=0.59
20:48:06 [INFO] f=0726 t=26.7ms offset=+0.4950 head=+14.14° drive=go      stop_sign=F lane_mode=two_boundary imu_n=0 yaw=+0.0°/s
20:48:06 [INFO] [R0 T0 O0 D0 A0] f=0727 TAGS=pole_misclassified(x2) dashed_reject_center(x1) offset=-0.0819 mode=two_boundary conf=0.52
20:48:06 [INFO] f=0727 t=23.5ms offset=+0.4428 head=+13.84° drive=go      stop_sign=F lane_mode=two_boundary imu_n=0 yaw=+0.0°/s
20:48:06 [INFO] [R0 T0 O0 D0 A0] f=0728 TAGS=pole_misclassified(x2) dashed_reject_center(x2) offset=-0.0625 mode=two_boundary conf=0.47
20:48:06 [INFO] f=0728 t=22.8ms offset=+0.3797 head=+12.98° drive=go      stop_sign=F lane_mode=two_boundary imu_n=0 yaw=+0.0°/s
20:48:06 [INFO] [R0 T0 O0 D0 A0] f=0729 TAGS=pole_misclassified(x3) dashed_reject_center(x1) offset=+0.0211 mode=two_boundary conf=0.59
20:48:06 [INFO] f=0729 t=32.3ms offset=+0.3554 head=+12.17° drive=go      stop_sign=F lane_mode=two_boundary imu_n=0 yaw=+0.0°/s
20:48:06 [INFO] [R0 T0 O0 D0 A0] f=0730 TAGS=pole_misclassified(x3) wall_edge_detected(x1) dashed_reject_center(x2) offset=+0.1629 mode=two_boundary conf=0.55
20:48:06 [INFO] f=0730 t=46.5ms offset=+0.4099 head=+12.21° drive=go      stop_sign=F lane_mode=two_boundary imu_n=0 yaw=+0.0°/s
20:48:07 [INFO] [R0 T0 O0 D0 A0] f=0731 TAGS=pole_misclassified(x2) dashed_reject_center(x1) offset=+0.1545 mode=two_boundary conf=0.54
20:48:07 [INFO] f=0731 t=19.5ms offset=+0.3767 head=+11.89° drive=go      stop_sign=F lane_mode=two_boundary imu_n=0 yaw=+0.0°/s
20:48:07 [INFO] [R0 T0 O0 D0 A0] f=0732 TAGS=pole_misclassified(x2) wall_edge_detected(x1) offset=-0.0102 mode=two_boundary conf=0.47
20:48:07 [INFO] f=0732 t=18.5ms offset=+0.3952 head=+11.88° drive=go      stop_sign=F lane_mode=two_boundary imu_n=0 yaw=+0.0°/s
20:48:07 [INFO] [R0 T0 O0 D0 A0] f=0733 TAGS=pole_misclassified(x1) wall_edge_detected(x1) dashed_reject_center(x1) offset=-0.1029 mode=two_boundary conf=0.56
20:48:07 [INFO] f=0733 t=20.8ms offset=+0.3684 head=+11.59° drive=go      stop_sign=F lane_mode=two_boundary imu_n=0 yaw=+0.0°/s
20:48:07 [INFO] [R0 T0 O0 D0 A0] f=0734 TAGS=pole_misclassified(x2) offset=-0.3538 mode=two_boundary conf=0.54
20:48:07 [INFO] f=0734 t=28.6ms offset=+0.3818 head=+11.54° drive=go      stop_sign=F lane_mode=two_boundary imu_n=0 yaw=+0.0°/s
20:48:07 [INFO] [R0 T0 O0 D0 A0] f=0735 TAGS=pole_misclassified(x2) wall_edge_detected(x1) offset=-0.3600 mode=two_boundary conf=0.55
20:48:07 [INFO] f=0735 t=34.7ms offset=+0.3881 head=+11.58° drive=go      stop_sign=F lane_mode=two_boundary imu_n=0 yaw=+0.0°/s
20:48:07 [INFO] [R0 T0 O0 D0 A0] f=0736 TAGS=pole_misclassified(x1) offset=+0.0470 mode=two_boundary conf=0.60
20:48:07 [INFO] f=0736 t=17.5ms offset=+0.4115 head=+11.85° drive=go      stop_sign=F lane_mode=two_boundary imu_n=0 yaw=+0.0°/s
20:48:07 [INFO] [R0 T0 O0 D0 A0] f=0737 TAGS=pole_misclassified(x8) wall_edge_detected(x2) offset=+0.0346 mode=two_boundary conf=0.52
20:48:07 [INFO] f=0737 t=15.6ms offset=+0.3433 head=+11.30° drive=go      stop_sign=F lane_mode=two_boundary imu_n=0 yaw=+0.0°/s
20:48:07 [INFO] [R0 T0 O0 D0 A0] f=0738 TAGS=pole_misclassified(x5) wall_edge_detected(x1) offset=-0.4648 mode=two_boundary conf=0.49
20:48:07 [INFO] f=0738 t=21.0ms offset=+0.2921 head=+10.42° drive=go      stop_sign=F lane_mode=two_boundary imu_n=0 yaw=+0.0°/s
20:48:07 [INFO] [R0 T0 O0 D0 A0] f=0739 TAGS=pole_misclassified(x2) dashed_reject_center(x1) offset=-0.0599 mode=two_boundary conf=0.48
20:48:07 [INFO] f=0739 t=19.9ms offset=+0.3565 head=+10.51° drive=go      stop_sign=F lane_mode=two_boundary imu_n=0 yaw=+0.0°/s
20:48:07 [INFO] [R0 T0 O0 D0 A0] f=0740 TAGS=pole_misclassified(x5) wall_edge_detected(x1) offset=-0.4286 mode=two_boundary conf=0.43
20:48:07 [INFO] f=0740 t=22.1ms offset=+0.3206 head=+10.20° drive=go      stop_sign=F lane_mode=two_boundary imu_n=0 yaw=+0.0°/s
20:48:07 [INFO] [R0 T0 O0 D0 A0] f=0741 TAGS=pole_misclassified(x4) wall_edge_detected(x1) dashed_reject_center(x1) offset=-0.0068 mode=two_boundary conf=0.58
20:48:07 [INFO] f=0741 t=10.6ms offset=+0.3586 head=+10.39° drive=go      stop_sign=F lane_mode=two_boundary imu_n=0 yaw=+0.0°/s
20:48:07 [INFO] [R0 T0 O0 D0 A0] f=0742 TAGS=pole_misclassified(x3) wall_edge_detected(x1) offset=+0.3375 mode=two_boundary conf=0.56
20:48:07 [INFO] f=0742 t=12.5ms offset=+0.4343 head=+11.32° drive=go      stop_sign=F lane_mode=two_boundary imu_n=0 yaw=+0.0°/s
20:48:07 [INFO] [R0 T0 O0 D0 A0] f=0743 [INTERSECTION] edge_ratio=0.27 > 0.25 — would trigger
20:48:07 [INFO] [R0 T0 O0 D0 A0] f=0743 TAGS=pole_misclassified(x6) wall_edge_detected(x1) offset=-0.0195 mode=two_boundary conf=0.52
20:48:07 [INFO] f=0743 t=15.9ms offset=+0.3658 head=+11.20° drive=go      stop_sign=F lane_mode=two_boundary imu_n=0 yaw=+0.0°/s
20:48:07 [INFO] [R0 T0 O0 D0 A0] f=0744 TAGS=pole_misclassified(x5) offset=+0.0000 mode=two_boundary conf=0.56
20:48:07 [INFO] f=0744 t=13.4ms offset=+0.4501 head=+12.00° drive=go      stop_sign=F lane_mode=two_boundary imu_n=0 yaw=+0.0°/s
20:48:07 [INFO] [R0 T0 O0 D0 A0] f=0745 TAGS=pole_misclassified(x5) wall_edge_detected(x1) offset=-0.0400 mode=two_boundary conf=0.49
20:48:07 [INFO] f=0745 t=11.9ms offset=+0.4006 head=+12.01° drive=go      stop_sign=F lane_mode=two_boundary imu_n=0 yaw=+0.0°/s
20:48:07 [INFO] [R0 T0 O0 D0 A0] f=0746 TAGS=pole_misclassified(x4) wall_edge_detected(x1) offset=-0.1791 mode=two_boundary conf=0.52
20:48:07 [INFO] f=0746 t=17.1ms offset=+0.3781 head=+11.78° drive=go      stop_sign=F lane_mode=two_boundary imu_n=0 yaw=+0.0°/s
20:48:07 [INFO] [R0 T0 O0 D0 A0] f=0747 TAGS=pole_misclassified(x5) wall_edge_detected(x1) dashed_reject_center(x2) offset=-0.0583 mode=two_boundary conf=0.57
20:48:07 [INFO] f=0747 t=15.5ms offset=+0.4436 head=+12.31° drive=go      stop_sign=F lane_mode=two_boundary imu_n=0 yaw=+0.0°/s
20:48:07 [INFO] [R0 T0 O0 D0 A0] f=0748 TAGS=pole_misclassified(x6) wall_edge_detected(x1) dashed_reject_center(x1) offset=-0.0112 mode=two_boundary conf=0.46
20:48:07 [INFO] f=0748 t=26.8ms offset=+0.4436 head=+12.31° drive=go      stop_sign=F lane_mode=two_boundary imu_n=0 yaw=+0.0°/s
20:48:07 [INFO] [R0 T0 O0 D0 A0] f=0749 TAGS=pole_misclassified(x7) wall_edge_detected(x1) dashed_reject_center(x1) offset=+0.2962 mode=two_boundary conf=0.51
20:48:07 [INFO] f=0749 t=11.4ms offset=+0.4757 head=+13.00° drive=go      stop_sign=F lane_mode=two_boundary imu_n=0 yaw=+0.0°/s
20:48:07 [INFO] [R0 T0 O0 D0 A0] f=0750 TAGS=pole_misclassified(x6) wall_edge_detected(x4) dashed_reject_center(x1) offset=-0.0132 mode=two_boundary conf=0.51
20:48:07 [INFO] f=0750 t=15.6ms offset=+0.5347 head=+14.06° drive=go      stop_sign=F lane_mode=two_boundary imu_n=0 yaw=+0.0°/s
20:48:07 [INFO] [R0 T0 O0 D0 A0] f=0751 TAGS=pole_misclassified(x7) wall_edge_detected(x4) offset=+0.1989 mode=two_boundary conf=0.50
20:48:07 [INFO] f=0751 t=18.0ms offset=+0.5503 head=+14.92° drive=go      stop_sign=F lane_mode=two_boundary imu_n=0 yaw=+0.0°/s
20:48:07 [INFO] [R0 T0 O0 D0 A0] f=0752 TAGS=pole_misclassified(x6) wall_edge_detected(x3) offset=+0.6435 mode=two_boundary conf=0.52
20:48:07 [INFO] f=0752 t=18.6ms offset=+0.5627 head=+15.61° drive=go      stop_sign=F lane_mode=two_boundary imu_n=0 yaw=+0.0°/s
20:48:07 [INFO] [R0 T0 O0 D0 A0] f=0753 TAGS=pole_misclassified(x2) wall_edge_detected(x1) dashed_reject_center(x3) offset=+0.0657 mode=two_boundary conf=0.57
20:48:07 [INFO] f=0753 t=14.9ms offset=+0.5697 head=+16.13° drive=go      stop_sign=F lane_mode=two_boundary imu_n=0 yaw=+0.0°/s
20:48:07 [INFO] [R0 T0 O0 D0 A0] f=0754 TAGS=pole_misclassified(x3) dashed_reject_center(x1) offset=+0.1190 mode=two_boundary conf=0.45
20:48:07 [INFO] f=0754 t=9.3ms offset=+0.5697 head=+16.13° drive=go      stop_sign=F lane_mode=two_boundary imu_n=0 yaw=+0.0°/s
20:48:07 [INFO] [R0 T0 O0 D0 A0] f=0755 TAGS=pole_misclassified(x4) wall_edge_detected(x1) dashed_reject_center(x4) offset=+0.1601 mode=two_boundary conf=0.55
20:48:07 [INFO] f=0755 t=10.7ms offset=+0.6014 head=+16.80° drive=go      stop_sign=F lane_mode=two_boundary imu_n=0 yaw=+0.0°/s
20:48:07 [INFO] [R0 T0 O0 D0 A0] f=0756 [INTERSECTION] edge_ratio=0.27 > 0.25 — would trigger
20:48:07 [INFO] [R0 T0 O0 D0 A0] f=0756 TAGS=pole_misclassified(x2) wall_edge_detected(x1) dashed_reject_center(x2) offset=+0.2043 mode=two_boundary conf=0.52
20:48:07 [INFO] f=0756 t=11.8ms offset=+0.6226 head=+17.45° drive=go      stop_sign=F lane_mode=two_boundary imu_n=0 yaw=+0.0°/s
20:48:07 [INFO] [R0 T0 O0 D0 A0] f=0757 TAGS=pole_misclassified(x2) dashed_reject_center(x4) offset=+0.1078 mode=two_boundary conf=0.47
20:48:07 [INFO] f=0757 t=9.1ms offset=+0.6405 head=+18.07° drive=go      stop_sign=F lane_mode=two_boundary imu_n=0 yaw=+0.0°/s
20:48:07 [INFO] [R0 T0 O0 D0 A0] f=0758 TAGS=pole_misclassified(x1) wall_edge_detected(x1) dashed_reject_center(x4) offset=+0.1372 mode=two_boundary conf=0.47
20:48:07 [INFO] f=0758 t=17.2ms offset=+0.6334 head=+18.40° drive=go      stop_sign=F lane_mode=two_boundary imu_n=0 yaw=+0.0°/s
20:48:07 [INFO] [R0 T0 O0 D0 A0] f=0759 TAGS=pole_misclassified(x3) wall_edge_detected(x1) dashed_reject_center(x4) offset=+0.0812 mode=two_boundary conf=0.59
20:48:07 [INFO] f=0759 t=15.4ms offset=+0.6108 head=+18.37° drive=go      stop_sign=F lane_mode=two_boundary imu_n=0 yaw=+0.0°/s
20:48:07 [INFO] [R0 T0 O0 D0 A0] f=0760 [INTERSECTION] edge_ratio=0.32 > 0.25 — would trigger
20:48:07 [INFO] [R0 T0 O0 D0 A0] f=0760 TAGS=pole_misclassified(x8) wall_edge_detected(x1) dashed_reject_center(x4) offset=+0.1247 mode=two_boundary conf=0.44
20:48:07 [INFO] f=0760 t=14.4ms offset=+0.5850 head=+18.09° drive=go      stop_sign=F lane_mode=two_boundary imu_n=0 yaw=+0.0°/s
20:48:07 [INFO] [R0 T0 O0 D0 A0] f=0761 [INTERSECTION] edge_ratio=0.34 > 0.25 — would trigger
20:48:07 [INFO] [R0 T0 O0 D0 A0] f=0761 TAGS=pole_misclassified(x5) wall_edge_detected(x1) dashed_reject_center(x7) offset=-0.1525 mode=two_boundary conf=0.59
20:48:07 [INFO] f=0761 t=10.2ms offset=+0.4077 head=+16.04° drive=go      stop_sign=F lane_mode=two_boundary imu_n=0 yaw=+0.0°/s
20:48:07 [INFO] [R0 T0 O0 D0 A0] f=0762 TAGS=pole_misclassified(x9) dashed_reject_center(x5) offset=-0.1139 mode=two_boundary conf=0.51
20:48:07 [INFO] f=0762 t=23.2ms offset=+0.3450 head=+14.05° drive=go      stop_sign=F lane_mode=two_boundary imu_n=0 yaw=+0.0°/s
20:48:07 [INFO] [R0 T0 O0 D0 A0] f=0763 TAGS=pole_misclassified(x9) wall_edge_detected(x2) dashed_reject_center(x8) offset=-0.0945 mode=two_boundary conf=0.56
20:48:07 [INFO] f=0763 t=23.9ms offset=+0.3887 head=+13.21° drive=go      stop_sign=F lane_mode=two_boundary imu_n=0 yaw=+0.0°/s
20:48:07 [INFO] [R0 T0 O0 D0 A0] f=0764 TAGS=pole_misclassified(x8) wall_edge_detected(x3) dashed_reject_center(x6) offset=-0.0520 mode=two_boundary conf=0.53
20:48:07 [INFO] f=0764 t=10.5ms offset=+0.4330 head=+13.13° drive=go      stop_sign=F lane_mode=two_boundary imu_n=0 yaw=+0.0°/s
20:48:07 [INFO] [R0 T0 O0 D0 A0] f=0765 [INTERSECTION] edge_ratio=0.48 > 0.25 — would trigger
20:48:07 [INFO] [R0 T0 O0 D0 A0] f=0765 TAGS=pole_misclassified(x5) dashed_reject_center(x13) offset=-0.0398 mode=two_boundary conf=0.53
20:48:07 [INFO] f=0765 t=10.7ms offset=+0.5082 head=+13.87° drive=go      stop_sign=F lane_mode=two_boundary imu_n=0 yaw=+0.0°/s
20:48:07 [INFO] [R0 T0 O0 D0 A0] f=0766 [INTERSECTION] edge_ratio=0.45 > 0.25 — would trigger
20:48:07 [INFO] [R0 T0 O0 D0 A0] f=0766 TAGS=pole_misclassified(x6) wall_edge_detected(x1) dashed_reject_center(x10) offset=+0.0282 mode=two_boundary conf=0.53
20:48:07 [INFO] f=0766 t=14.8ms offset=+0.3697 head=+12.90° drive=go      stop_sign=F lane_mode=two_boundary imu_n=0 yaw=+0.0°/s
20:48:07 [INFO] [R0 T0 O0 D0 A0] f=0767 [INTERSECTION] edge_ratio=0.32 > 0.25 — would trigger
20:48:07 [INFO] [R0 T0 O0 D0 A0] f=0767 TAGS=pole_misclassified(x6) wall_edge_detected(x3) dashed_reject_center(x10) offset=+0.1029 mode=two_boundary conf=0.47
20:48:07 [INFO] f=0767 t=20.2ms offset=+0.4586 head=+13.20° drive=go      stop_sign=F lane_mode=two_boundary imu_n=0 yaw=+0.0°/s
20:48:07 [INFO] [R0 T0 O0 D0 A0] f=0768 [INTERSECTION] edge_ratio=0.35 > 0.25 — would trigger
20:48:07 [INFO] [R0 T0 O0 D0 A0] f=0768 TAGS=pole_misclassified(x4) dashed_reject_center(x8) anchor_wrong_half offset=+1.0000 mode=two_boundary conf=0.56
20:48:07 [INFO] f=0768 t=11.0ms offset=+0.4739 head=+13.56° drive=go      stop_sign=F lane_mode=two_boundary imu_n=0 yaw=+0.0°/s
20:48:07 [INFO] [R0 T0 O0 D0 A0] f=0769 [INTERSECTION] edge_ratio=0.29 > 0.25 — would trigger
20:48:07 [INFO] [R0 T0 O0 D0 A0] f=0769 TAGS=pole_misclassified(x4) wall_edge_detected(x1) dashed_reject_center(x9) offset=+0.4173 mode=two_boundary conf=0.57
20:48:07 [INFO] f=0769 t=21.6ms offset=+0.4739 head=+13.56° drive=go      stop_sign=F lane_mode=two_boundary imu_n=0 yaw=+0.0°/s
20:48:07 [INFO] [R0 T0 O0 D0 A0] f=0770 TAGS=pole_misclassified(x2) wall_edge_detected(x2) dashed_reject_center(x9) offset=+0.0595 mode=two_boundary conf=0.57
20:48:07 [INFO] f=0770 t=9.3ms offset=+0.4739 head=+13.56° drive=go      stop_sign=F lane_mode=two_boundary imu_n=0 yaw=+0.0°/s
20:48:07 [INFO] [R0 T0 O0 D0 A0] f=0771 TAGS=pole_misclassified(x7) wall_edge_detected(x3) dashed_reject_center(x9) offset=-0.1505 mode=two_boundary conf=0.44
20:48:07 [INFO] f=0771 t=21.1ms offset=+0.4742 head=+13.79° drive=go      stop_sign=F lane_mode=two_boundary imu_n=0 yaw=+0.0°/s
20:48:07 [INFO] [R0 T0 O0 D0 A0] f=0772 TAGS=pole_misclassified(x10) wall_edge_detected(x3) dashed_reject_center(x7) offset=-0.1365 mode=two_boundary conf=0.55
20:48:07 [INFO] f=0772 t=22.4ms offset=+0.4440 head=+13.63° drive=go      stop_sign=F lane_mode=two_boundary imu_n=0 yaw=+0.0°/s
20:48:07 [INFO] [R0 T0 O0 D0 A0] f=0773 TAGS=pole_misclassified(x3) dashed_reject_center(x6) offset=+0.3262 mode=two_boundary conf=0.56
20:48:07 [INFO] f=0773 t=21.0ms offset=+0.4856 head=+13.96° drive=go      stop_sign=F lane_mode=two_boundary imu_n=0 yaw=+0.0°/s
20:48:07 [INFO] [R0 T0 O0 D0 A0] f=0774 TAGS=pole_misclassified(x6) wall_edge_detected(x2) dashed_reject_center(x9) offset=+0.0023 mode=two_boundary conf=0.48
20:48:07 [INFO] f=0774 t=14.8ms offset=+0.4591 head=+13.89° drive=go      stop_sign=F lane_mode=two_boundary imu_n=0 yaw=+0.0°/s
20:48:07 [INFO] [R0 T0 O0 D0 A0] f=0775 TAGS=pole_misclassified(x9) wall_edge_detected(x5) dashed_reject_center(x5) offset=-0.2363 mode=two_boundary conf=0.51
20:48:07 [INFO] f=0775 t=20.2ms offset=+0.4798 head=+14.07° drive=go      stop_sign=F lane_mode=two_boundary imu_n=0 yaw=+0.0°/s
20:48:07 [INFO] [R0 T0 O0 D0 A0] f=0776 TAGS=pole_misclassified(x6) wall_edge_detected(x5) dashed_reject_center(x5) offset=-0.0434 mode=two_boundary conf=0.53
20:48:07 [INFO] f=0776 t=19.5ms offset=+0.4798 head=+14.07° drive=go      stop_sign=F lane_mode=two_boundary imu_n=0 yaw=+0.0°/s
20:48:07 [INFO] [R0 T0 O0 D0 A0] f=0777 TAGS=pole_misclassified(x7) wall_edge_detected(x3) dashed_reject_center(x5) offset=+0.0249 mode=two_boundary conf=0.53
20:48:07 [INFO] f=0777 t=19.6ms offset=+0.4854 head=+14.24° drive=go      stop_sign=F lane_mode=two_boundary imu_n=0 yaw=+0.0°/s
20:48:07 [INFO] [R0 T0 O0 D0 A0] f=0778 TAGS=pole_misclassified(x5) wall_edge_detected(x1) dashed_reject_center(x4) offset=-0.0383 mode=two_boundary conf=0.39
20:48:07 [INFO] f=0778 t=16.7ms offset=+0.4854 head=+14.24° drive=go      stop_sign=F lane_mode=two_boundary imu_n=0 yaw=+0.0°/s
20:48:08 [INFO] [R0 T0 O0 D0 A0] f=0779 TAGS=pole_misclassified(x1) dashed_reject_center(x3) offset=-0.1719 mode=width_rejected conf=0.57
20:48:08 [INFO] f=0779 t=20.7ms offset=+0.4947 head=+14.45° drive=go      stop_sign=F lane_mode=width_rejected imu_n=0 yaw=+0.0°/s
20:48:08 [INFO] [R0 T0 O0 D0 A0] f=0780 TAGS=pole_misclassified(x3) wall_edge_detected(x2) dashed_reject_center(x3) offset=-0.2006 mode=two_boundary conf=0.48
20:48:08 [INFO] f=0780 t=25.5ms offset=+0.4947 head=+14.45° drive=go      stop_sign=F lane_mode=two_boundary imu_n=0 yaw=+0.0°/s
20:48:08 [INFO] [R0 T0 O0 D0 A0] f=0781 TAGS=wall_edge_detected(x1) dashed_reject_center(x2) anchor_wrong_half offset=-0.6521 mode=width_rejected conf=0.53
20:48:08 [INFO] f=0781 t=9.4ms offset=+0.4947 head=+14.45° drive=go      stop_sign=F lane_mode=width_rejected imu_n=0 yaw=+0.0°/s
20:48:08 [INFO] [R0 T0 O0 D0 A0] f=0782 TAGS=pole_misclassified(x2) wall_edge_detected(x2) dashed_reject_center(x1) offset=+0.1086 mode=two_boundary conf=0.55
20:48:08 [INFO] f=0782 t=12.0ms offset=+0.4947 head=+14.45° drive=go      stop_sign=F lane_mode=two_boundary imu_n=0 yaw=+0.0°/s
20:48:08 [INFO] [R0 T0 O0 D0 A0] f=0783 TAGS=pole_misclassified(x1) wall_edge_detected(x2) dashed_reject_center(x2) offset=-0.4333 mode=right_only conf=0.65
20:48:08 [INFO] f=0783 t=12.6ms offset=+0.4947 head=+14.45° drive=go      stop_sign=F lane_mode=right_only imu_n=0 yaw=+0.0°/s
20:48:08 [INFO] [R0 T0 O0 D0 A0] f=0784 TAGS=pole_misclassified(x2) wall_edge_detected(x1) dashed_reject_center(x1) offset=-0.4099 mode=two_boundary conf=0.57
20:48:08 [INFO] f=0784 t=9.8ms offset=+0.4947 head=+14.45° drive=go      stop_sign=F lane_mode=two_boundary imu_n=0 yaw=+0.0°/s
20:48:08 [INFO] [R0 T0 O0 D0 A0] f=0785 TAGS=pole_misclassified(x2) dashed_reject_center(x3) dashed_line_dropped(raj=3) offset=+0.0000 mode=none conf=0.00
20:48:08 [INFO] f=0785 t=23.0ms offset=+0.4947 head=+14.45° drive=go      stop_sign=F lane_mode=none imu_n=0 yaw=+0.0°/s
20:48:08 [INFO] [R0 T0 O0 D0 A0] f=0786 [INTERSECTION] edge_ratio=0.27 > 0.25 — would trigger
20:48:08 [INFO] [R0 T0 O0 D0 A0] f=0786 TAGS=pole_misclassified(x4) wall_edge_detected(x1) dashed_reject_center(x2) offset=-0.4160 mode=two_boundary conf=0.47
20:48:08 [INFO] f=0786 t=8.4ms offset=+0.4947 head=+14.45° drive=go      stop_sign=F lane_mode=two_boundary imu_n=0 yaw=+0.0°/s
20:48:08 [INFO] [R0 T0 O0 D0 A0] f=0787 TAGS=pole_misclassified(x2) wall_edge_detected(x1) dashed_reject_center(x3) offset=-0.0122 mode=two_boundary conf=0.54
20:48:08 [INFO] f=0787 t=13.3ms offset=+0.5581 head=+15.25° drive=go      stop_sign=F lane_mode=two_boundary imu_n=0 yaw=+0.0°/s
20:48:08 [INFO] [R0 T0 O0 D0 A0] f=0788 TAGS=pole_misclassified(x2) wall_edge_detected(x2) dashed_reject_center(x3) offset=+0.4634 mode=two_boundary conf=0.54
20:48:08 [INFO] f=0788 t=17.3ms offset=+0.5581 head=+15.25° drive=go      stop_sign=F lane_mode=two_boundary imu_n=0 yaw=+0.0°/s
20:48:08 [INFO] [R0 T0 O0 D0 A0] f=0789 TAGS=pole_misclassified(x3) wall_edge_detected(x1) dashed_reject_center(x2) offset=-0.0047 mode=two_boundary conf=0.52
20:48:08 [INFO] f=0789 t=12.6ms offset=+0.5581 head=+15.25° drive=go      stop_sign=F lane_mode=two_boundary imu_n=0 yaw=+0.0°/s
20:48:08 [INFO] [R0 T0 O0 D0 A0] f=0790 TAGS=pole_misclassified(x2) wall_edge_detected(x1) dashed_reject_center(x2) offset=+0.2729 mode=left_only conf=0.50
20:48:08 [INFO] f=0790 t=12.0ms offset=+0.4518 head=+14.66° drive=go      stop_sign=F lane_mode=left_only imu_n=0 yaw=+0.0°/s
20:48:08 [INFO] [R0 T0 O0 D0 A0] f=0791 TAGS=dashed_reject_center(x2) offset=+0.0000 mode=none conf=0.00
20:48:08 [INFO] f=0791 t=16.6ms offset=+0.4518 head=+14.66° drive=go      stop_sign=F lane_mode=none imu_n=0 yaw=+0.0°/s
20:48:08 [INFO] [R0 T0 O0 D0 A0] f=0792 TAGS=pole_misclassified(x1) dashed_reject_center(x1) anchor_wrong_half offset=-0.5563 mode=width_rejected conf=0.62
20:48:08 [INFO] f=0792 t=17.1ms offset=+0.4518 head=+14.66° drive=go      stop_sign=F lane_mode=width_rejected imu_n=0 yaw=+0.0°/s
20:48:08 [WARNING] Frame 793: budget exceeded 279.4 ms (budget 66.7 ms)
20:48:08 [INFO] [R0 T0 O0 D0 A0] f=0793 TAGS=pole_misclassified(x3) wall_edge_detected(x2) dashed_reject_center(x2) offset=+0.0242 mode=two_boundary conf=0.59
20:48:08 [INFO] f=0793 t=279.4ms offset=+0.4518 head=+14.66° drive=go      stop_sign=F lane_mode=two_boundary imu_n=0 yaw=+0.0°/s
20:48:08 [INFO] [R0 T0 O0 D0 A0] f=0794 [INTERSECTION] edge_ratio=0.32 > 0.25 — would trigger
20:48:08 [INFO] [R0 T0 O0 D0 A0] f=0794 TAGS=wall_edge_detected(x1) dashed_reject_center(x3) dashed_line_dropped(raj=3) offset=-0.5854 mode=right_only conf=0.67
20:48:08 [INFO] f=0794 t=19.1ms offset=+0.4518 head=+14.66° drive=go      stop_sign=F lane_mode=right_only imu_n=0 yaw=+0.0°/s
20:48:08 [INFO] [R0 T0 O0 D0 A0] f=0795 TAGS=pole_misclassified(x1) wall_edge_detected(x1) dashed_reject_center(x3) anchor_wrong_half offset=-0.5510 mode=width_rejected conf=0.57
20:48:08 [INFO] f=0795 t=15.8ms offset=+0.5048 head=+14.83° drive=go      stop_sign=F lane_mode=width_rejected imu_n=0 yaw=+0.0°/s
20:48:08 [INFO] [R0 T0 O0 D0 A0] f=0796 [INTERSECTION] edge_ratio=0.31 > 0.25 — would trigger
20:48:08 [INFO] [R0 T0 O0 D0 A0] f=0796 TAGS=pole_misclassified(x2) wall_edge_detected(x1) dashed_reject_center(x3) dashed_line_dropped(raj=3) offset=-0.7625 mode=right_only conf=0.52
20:48:08 [INFO] f=0796 t=27.0ms offset=+0.5048 head=+14.83° drive=go      stop_sign=F lane_mode=right_only imu_n=0 yaw=+0.0°/s
20:48:08 [INFO] [R0 T0 O0 D0 A0] f=0797 TAGS=pole_misclassified(x1) wall_edge_detected(x1) dashed_reject_center(x4) dashed_line_dropped(raj=4) offset=-0.7854 mode=right_only conf=0.66
20:48:08 [INFO] f=0797 t=20.7ms offset=+0.5048 head=+14.83° drive=go      stop_sign=F lane_mode=right_only imu_n=0 yaw=+0.0°/s
20:48:08 [INFO] [R0 T0 O0 D0 A0] f=0798 [INTERSECTION] edge_ratio=0.29 > 0.25 — would trigger
20:48:08 [INFO] [R0 T0 O0 D0 A0] f=0798 TAGS=pole_misclassified(x1) dashed_reject_center(x2) offset=-0.9563 mode=right_only conf=0.51
20:48:08 [INFO] f=0798 t=30.3ms offset=+0.5677 head=+15.60° drive=go      stop_sign=F lane_mode=right_only imu_n=0 yaw=+0.0°/s
20:48:08 [INFO] [R0 T0 O0 D0 A0] f=0799 TAGS=pole_misclassified(x2) wall_edge_detected(x1) dashed_reject_center(x4) anchor_wrong_half offset=-0.8583 mode=width_rejected conf=0.58
20:48:08 [INFO] f=0799 t=18.2ms offset=+0.5677 head=+15.60° drive=go      stop_sign=F lane_mode=width_rejected imu_n=0 yaw=+0.0°/s
20:48:08 [INFO] [R0 T0 O0 D0 A0] f=0800 TAGS=pole_misclassified(x2) dashed_reject_center(x3) anchor_wrong_half offset=+1.0000 mode=two_boundary conf=0.52
20:48:08 [INFO] f=0800 t=28.3ms offset=+0.5677 head=+15.60° drive=go      stop_sign=F lane_mode=two_boundary imu_n=0 yaw=+0.0°/s
20:48:08 [INFO] [R0 T0 O0 D0 A0] f=0801 TAGS=pole_misclassified(x2) dashed_reject_center(x2) offset=+0.0000 mode=none conf=0.00
20:48:08 [INFO] f=0801 t=24.3ms offset=+0.5677 head=+15.60° drive=go      stop_sign=F lane_mode=none imu_n=0 yaw=+0.0°/s
20:48:08 [INFO] [R0 T0 O0 D0 A0] f=0802 TAGS=pole_misclassified(x2) dashed_reject_center(x3) dashed_line_dropped(raj=3) offset=-0.1958 mode=right_only conf=0.54
20:48:08 [INFO] f=0802 t=10.7ms offset=+0.5155 head=+15.55° drive=go      stop_sign=F lane_mode=right_only imu_n=0 yaw=+0.0°/s
20:48:08 [INFO] [R0 T0 O0 D0 A0] f=0803 TAGS=dashed_reject_center(x4) dashed_line_dropped(raj=4) offset=+0.0000 mode=none conf=0.00
20:48:08 [INFO] f=0803 t=17.1ms offset=+0.5155 head=+15.55° drive=go      stop_sign=F lane_mode=none imu_n=0 yaw=+0.0°/s
20:48:08 [INFO] [R0 T0 O0 D0 A0] f=0804 TAGS=pole_misclassified(x3) dashed_reject_center(x3) anchor_wrong_half offset=-0.9469 mode=width_rejected conf=0.52
20:48:08 [INFO] f=0804 t=16.5ms offset=+0.5736 head=+16.13° drive=go      stop_sign=F lane_mode=width_rejected imu_n=0 yaw=+0.0°/s
20:48:08 [INFO] [R0 T0 O0 D0 A0] f=0805 TAGS=dashed_reject_center(x3) dashed_line_dropped(raj=3) offset=-0.5563 mode=right_only conf=0.58
20:48:08 [INFO] f=0805 t=15.7ms offset=+0.5736 head=+16.13° drive=go      stop_sign=F lane_mode=right_only imu_n=0 yaw=+0.0°/s
20:48:08 [INFO] [R0 T0 O0 D0 A0] f=0806 [INTERSECTION] edge_ratio=0.27 > 0.25 — would trigger
20:48:08 [INFO] [R0 T0 O0 D0 A0] f=0806 TAGS=pole_misclassified(x1) dashed_reject_center(x2) offset=-0.6813 mode=right_only conf=0.51
20:48:08 [INFO] f=0806 t=14.2ms offset=+0.5788 head=+16.56° drive=go      stop_sign=F lane_mode=right_only imu_n=0 yaw=+0.0°/s
20:48:08 [INFO] [R0 T0 O0 D0 A0] f=0807 TAGS=pole_misclassified(x4) wall_edge_detected(x3) dashed_reject_center(x2) anchor_wrong_half offset=-0.6896 mode=width_rejected conf=0.54
20:48:08 [INFO] f=0807 t=13.3ms offset=+0.5827 head=+16.88° drive=go      stop_sign=F lane_mode=width_rejected imu_n=0 yaw=+0.0°/s
20:48:08 [INFO] [R0 T0 O0 D0 A0] f=0808 TAGS=pole_misclassified(x2) dashed_reject_center(x3) anchor_wrong_half offset=-0.7656 mode=width_rejected conf=0.54
20:48:08 [INFO] f=0808 t=19.1ms offset=+0.5722 head=+16.98° drive=go      stop_sign=F lane_mode=width_rejected imu_n=0 yaw=+0.0°/s
20:48:08 [INFO] [R0 T0 O0 D0 A0] f=0809 TAGS=pole_misclassified(x2) wall_edge_detected(x2) dashed_reject_center(x6) dashed_line_dropped(raj=6) offset=-0.6937 mode=right_only conf=0.51
20:48:08 [INFO] f=0809 t=10.5ms offset=+0.5722 head=+16.98° drive=go      stop_sign=F lane_mode=right_only imu_n=0 yaw=+0.0°/s
20:48:08 [INFO] [R0 T0 O0 D0 A0] f=0810 TAGS=pole_misclassified(x5) wall_edge_detected(x2) dashed_reject_center(x3) offset=+0.1075 mode=two_boundary conf=0.50
20:48:08 [INFO] f=0810 t=23.4ms offset=+0.5794 head=+17.12° drive=go      stop_sign=F lane_mode=two_boundary imu_n=0 yaw=+0.0°/s
20:48:08 [INFO] [R0 T0 O0 D0 A0] f=0811 TAGS=dashed_reject_center(x4) dashed_line_dropped(raj=4) offset=-0.7146 mode=right_only conf=0.66
20:48:08 [INFO] f=0811 t=14.0ms offset=+0.5794 head=+17.12° drive=go      stop_sign=F lane_mode=right_only imu_n=0 yaw=+0.0°/s
20:48:08 [INFO] [R0 T0 O0 D0 A0] f=0812 [INTERSECTION] edge_ratio=0.30 > 0.25 — would trigger
20:48:08 [INFO] [R0 T0 O0 D0 A0] f=0812 TAGS=pole_misclassified(x2) wall_edge_detected(x1) dashed_reject_center(x2) anchor_wrong_half offset=-0.5042 mode=width_rejected conf=0.50
20:48:08 [INFO] f=0812 t=14.3ms offset=+0.5951 head=+17.38° drive=go      stop_sign=F lane_mode=width_rejected imu_n=0 yaw=+0.0°/s
20:48:08 [INFO] [R0 T0 O0 D0 A0] f=0813 [INTERSECTION] edge_ratio=0.27 > 0.25 — would trigger
20:48:08 [INFO] [R0 T0 O0 D0 A0] f=0813 TAGS=pole_misclassified(x2) wall_edge_detected(x1) dashed_reject_center(x2) anchor_wrong_half offset=-0.7521 mode=width_rejected conf=0.47
20:48:08 [INFO] f=0813 t=18.4ms offset=+0.5951 head=+17.38° drive=go      stop_sign=F lane_mode=width_rejected imu_n=0 yaw=+0.0°/s
20:48:08 [INFO] [R0 T0 O0 D0 A0] f=0814 TAGS=pole_misclassified(x2) dashed_reject_center(x4) dashed_line_dropped(raj=4) offset=-0.6813 mode=right_only conf=0.63
20:48:08 [INFO] f=0814 t=9.7ms offset=+0.5951 head=+17.38° drive=go      stop_sign=F lane_mode=right_only imu_n=0 yaw=+0.0°/s
20:48:09 [INFO] [R0 T0 O0 D0 A0] f=0815 TAGS=pole_misclassified(x2) wall_edge_detected(x1) dashed_reject_center(x2) offset=-0.2271 mode=right_only conf=0.54
20:48:09 [INFO] f=0815 t=16.0ms offset=+0.5951 head=+17.38° drive=go      stop_sign=F lane_mode=right_only imu_n=0 yaw=+0.0°/s
20:48:09 [INFO] [R0 T0 O0 D0 A0] f=0816 TAGS=pole_misclassified(x1) offset=+0.0000 mode=none conf=0.00
20:48:09 [INFO] f=0816 t=12.7ms offset=+0.5951 head=+17.38° drive=go      stop_sign=F lane_mode=none imu_n=0 yaw=+0.0°/s
20:48:09 [INFO] f=0817 t=13.8ms offset=+0.5951 head=+17.38° drive=go      stop_sign=F lane_mode=right_only imu_n=0 yaw=+0.0°/s
20:48:09 [INFO] f=0818 t=10.4ms offset=+0.6030 head=+17.63° drive=go      stop_sign=F lane_mode=right_only imu_n=0 yaw=+0.0°/s
20:48:09 [INFO] f=0819 t=16.7ms offset=+0.6030 head=+17.63° drive=go      stop_sign=F lane_mode=none imu_n=0 yaw=+0.0°/s
20:48:09 [INFO] f=0820 t=29.2ms offset=+0.6231 head=+18.00° drive=go      stop_sign=F lane_mode=right_only imu_n=0 yaw=+0.0°/s
20:48:09 [INFO] [R0 T0 O0 D0 A0] f=0821 TAGS=pole_misclassified(x1) offset=-0.8917 mode=right_only conf=0.56
20:48:09 [INFO] f=0821 t=23.4ms offset=+0.6368 head=+18.39° drive=go      stop_sign=F lane_mode=right_only imu_n=0 yaw=+0.0°/s
20:48:09 [INFO] f=0822 t=31.9ms offset=+0.6368 head=+18.39° drive=go      stop_sign=F lane_mode=none imu_n=0 yaw=+0.0°/s
20:48:09 [INFO] f=0823 t=13.2ms offset=+0.6368 head=+18.39° drive=go      stop_sign=F lane_mode=none imu_n=0 yaw=+0.0°/s
20:48:09 [INFO] f=0824 t=18.4ms offset=+0.6368 head=+18.39° drive=go      stop_sign=F lane_mode=none imu_n=0 yaw=+0.0°/s
20:48:09 [INFO] [R0 T0 O0 D0 A0] f=0825 TAGS=dashed_reject_center(x1) offset=+0.0000 mode=none conf=0.00
20:48:09 [INFO] f=0825 t=18.4ms offset=+0.6368 head=+18.39° drive=go      stop_sign=F lane_mode=none imu_n=0 yaw=+0.0°/s
20:48:09 [INFO] [R0 T0 O0 D0 A0] f=0826 TAGS=dashed_reject_center(x1) offset=+0.0000 mode=none conf=0.00
20:48:09 [INFO] f=0826 t=21.6ms offset=+0.6368 head=+18.39° drive=go      stop_sign=F lane_mode=none imu_n=0 yaw=+0.0°/s
20:48:09 [INFO] [R0 T0 O0 D0 A0] f=0827 TAGS=dashed_reject_center(x2) offset=+0.0000 mode=none conf=0.00
20:48:09 [INFO] f=0827 t=12.2ms offset=+0.6368 head=+18.39° drive=go      stop_sign=F lane_mode=none imu_n=0 yaw=+0.0°/s
20:48:09 [INFO] [R0 T0 O0 D0 A0] f=0828 TAGS=pole_misclassified(x1) wall_edge_detected(x1) offset=+0.0000 mode=none conf=0.00
20:48:09 [INFO] f=0828 t=31.8ms offset=+0.6368 head=+18.39° drive=go      stop_sign=F lane_mode=none imu_n=0 yaw=+0.0°/s
20:48:09 [INFO] [R0 T0 O0 D0 A0] f=0829 TAGS=pole_misclassified(x1) wall_edge_detected(x1) dashed_reject_center(x1) offset=-0.3688 mode=right_only conf=0.50
20:48:09 [INFO] f=0829 t=18.0ms offset=+0.6368 head=+18.39° drive=go      stop_sign=F lane_mode=right_only imu_n=0 yaw=+0.0°/s
20:48:09 [INFO] [R0 T0 O0 D0 A0] f=0830 TAGS=pole_misclassified(x1) wall_edge_detected(x1) offset=+0.0000 mode=none conf=0.00
20:48:09 [INFO] f=0830 t=36.7ms offset=+0.6368 head=+18.39° drive=go      stop_sign=F lane_mode=none imu_n=0 yaw=+0.0°/s
20:48:09 [INFO] [R0 T0 O0 D0 A0] f=0831 TAGS=dashed_reject_center(x1) offset=+0.0000 mode=none conf=0.00
20:48:09 [INFO] f=0831 t=16.7ms offset=+0.6368 head=+18.39° drive=go      stop_sign=F lane_mode=none imu_n=0 yaw=+0.0°/s
20:48:09 [INFO] [R0 T0 O0 D0 A0] f=0832 TAGS=dashed_reject_center(x1) offset=+0.0000 mode=none conf=0.00
20:48:09 [INFO] f=0832 t=29.0ms offset=+0.6368 head=+18.39° drive=go      stop_sign=F lane_mode=none imu_n=0 yaw=+0.0°/s
20:48:09 [INFO] [R0 T0 O0 D0 A0] f=0833 TAGS=pole_misclassified(x1) offset=-0.2000 mode=right_only conf=0.55
20:48:09 [INFO] f=0833 t=13.7ms offset=+0.5609 head=+17.84° drive=go      stop_sign=F lane_mode=right_only imu_n=0 yaw=+0.0°/s
20:48:09 [INFO] [R0 T0 O0 D0 A0] f=0834 TAGS=dashed_reject_center(x1) offset=+0.0000 mode=none conf=0.00
20:48:09 [INFO] f=0834 t=13.2ms offset=+0.5609 head=+17.84° drive=go      stop_sign=F lane_mode=none imu_n=0 yaw=+0.0°/s
20:48:09 [INFO] f=0835 t=13.5ms offset=+0.5609 head=+17.84° drive=go      stop_sign=F lane_mode=none imu_n=0 yaw=+0.0°/s
20:48:09 [INFO] f=0836 t=24.4ms offset=+0.5609 head=+17.84° drive=go      stop_sign=F lane_mode=none imu_n=0 yaw=+0.0°/s
20:48:09 [INFO] f=0837 t=21.3ms offset=+0.5609 head=+17.84° drive=go      stop_sign=F lane_mode=none imu_n=0 yaw=+0.0°/s
20:48:09 [INFO] f=0838 t=12.9ms offset=+0.5609 head=+17.84° drive=go      stop_sign=F lane_mode=none imu_n=0 yaw=+0.0°/s
20:48:09 [INFO] f=0839 t=10.8ms offset=+0.5609 head=+17.84° drive=go      stop_sign=F lane_mode=none imu_n=0 yaw=+0.0°/s
20:48:09 [INFO] [R0 T0 O0 D0 A0] f=0840 TAGS=pole_misclassified(x1) wall_edge_detected(x1) dashed_reject_center(x2) offset=-0.2896 mode=right_only conf=0.51
20:48:09 [INFO] f=0840 t=20.4ms offset=+0.5226 head=+17.08° drive=go      stop_sign=F lane_mode=right_only imu_n=0 yaw=+0.0°/s
20:48:09 [INFO] [R0 T0 O0 D0 A0] f=0841 TAGS=pole_misclassified(x2) dashed_reject_center(x2) anchor_wrong_half offset=-0.2167 mode=width_rejected conf=0.42
20:48:09 [INFO] f=0841 t=13.1ms offset=+0.4887 head=+16.23° drive=go      stop_sign=F lane_mode=width_rejected imu_n=0 yaw=+0.0°/s
20:48:09 [INFO] [R0 T0 O0 D0 A0] f=0842 TAGS=dashed_reject_center(x2) offset=+0.0000 mode=none conf=0.00
20:48:09 [INFO] f=0842 t=11.5ms offset=+0.4887 head=+16.23° drive=go      stop_sign=F lane_mode=none imu_n=0 yaw=+0.0°/s
20:48:09 [INFO] [R0 T0 O0 D0 A0] f=0843 TAGS=pole_misclassified(x1) dashed_reject_center(x4) dashed_line_dropped(raj=4) offset=-0.1354 mode=right_only conf=0.54
20:48:09 [INFO] f=0843 t=17.7ms offset=+0.4567 head=+15.35° drive=go      stop_sign=F lane_mode=right_only imu_n=0 yaw=+0.0°/s
20:48:09 [INFO] [R0 T0 O0 D0 A0] f=0844 TAGS=dashed_reject_center(x3) dashed_line_dropped(raj=3) offset=+0.0000 mode=none conf=0.00
20:48:09 [INFO] f=0844 t=18.9ms offset=+0.4567 head=+15.35° drive=go      stop_sign=F lane_mode=none imu_n=0 yaw=+0.0°/s
20:48:09 [INFO] [R0 T0 O0 D0 A0] f=0845 [INTERSECTION] edge_ratio=0.56 > 0.25 — would trigger
20:48:09 [INFO] [R0 T0 O0 D0 A0] f=0845 TAGS=pole_misclassified(x1) dashed_reject_center(x4) dashed_line_dropped(raj=4) offset=+0.7812 mode=left_only conf=0.51
20:48:09 [INFO] f=0845 t=24.9ms offset=+0.4567 head=+15.35° drive=go      stop_sign=F lane_mode=left_only imu_n=0 yaw=+0.0°/s
20:48:09 [INFO] [R0 T0 O0 D0 A0] f=0846 [INTERSECTION] edge_ratio=0.82 > 0.25 — would trigger
20:48:09 [INFO] [R0 T0 O0 D0 A0] f=0846 TAGS=pole_misclassified(x2) wall_edge_detected(x1) dashed_reject_center(x5) anchor_wrong_half offset=+0.5417 mode=width_rejected conf=0.52
20:48:09 [INFO] f=0846 t=43.3ms offset=+0.3252 head=+13.39° drive=go      stop_sign=F lane_mode=width_rejected imu_n=0 yaw=+0.0°/s
20:48:09 [INFO] [R0 T0 O0 D0 A0] f=0847 TAGS=pole_misclassified(x1) dashed_reject_center(x3) dashed_line_dropped(raj=3) offset=+0.0000 mode=none conf=0.00
20:48:09 [INFO] f=0847 t=18.3ms offset=+0.3252 head=+13.39° drive=go      stop_sign=F lane_mode=none imu_n=0 yaw=+0.0°/s
20:48:09 [INFO] [R0 T0 O0 D0 A0] f=0848 TAGS=pole_misclassified(x4) wall_edge_detected(x3) dashed_reject_center(x4) dashed_line_dropped(raj=4) offset=+0.0000 mode=none conf=0.00
20:48:09 [INFO] f=0848 t=20.8ms offset=+0.3252 head=+13.39° drive=go      stop_sign=F lane_mode=none imu_n=0 yaw=+0.0°/s
20:48:09 [INFO] [R0 T0 O0 D0 A0] f=0849 TAGS=pole_misclassified(x1) dashed_reject_center(x6) dashed_line_dropped(raj=6) offset=+0.9167 mode=left_only conf=0.51
20:48:09 [INFO] f=0849 t=17.9ms offset=+0.2216 head=+11.03° drive=go      stop_sign=F lane_mode=left_only imu_n=0 yaw=+0.0°/s
20:48:09 [INFO] [R0 T0 O0 D0 A0] f=0850 TAGS=dashed_reject_center(x4) dashed_line_dropped(raj=4) offset=+0.0000 mode=none conf=0.00
20:48:09 [INFO] f=0850 t=15.2ms offset=+0.2216 head=+11.03° drive=go      stop_sign=F lane_mode=none imu_n=0 yaw=+0.0°/s
20:48:09 [INFO] [R0 T0 O0 D0 A0] f=0851 TAGS=dashed_reject_center(x5) dashed_line_dropped(raj=5) offset=+0.0000 mode=none conf=0.00
20:48:09 [INFO] f=0851 t=19.3ms offset=+0.2216 head=+11.03° drive=go      stop_sign=F lane_mode=none imu_n=0 yaw=+0.0°/s
20:48:09 [INFO] [R0 T0 O0 D0 A0] f=0852 [INTERSECTION] edge_ratio=0.57 > 0.25 — would trigger
20:48:09 [INFO] [R0 T0 O0 D0 A0] f=0852 TAGS=pole_misclassified(x1) dashed_reject_center(x2) offset=-0.8917 mode=right_only conf=0.56
20:48:09 [INFO] f=0852 t=19.8ms offset=+0.2216 head=+11.03° drive=go      stop_sign=F lane_mode=right_only imu_n=0 yaw=+0.0°/s
20:48:10 [INFO] [R0 T0 O0 D0 A0] f=0853 [INTERSECTION] edge_ratio=0.33 > 0.25 — would trigger
20:48:10 [INFO] [R0 T0 O0 D0 A0] f=0853 TAGS=pole_misclassified(x2) anchor_wrong_half offset=-0.8500 mode=width_rejected conf=0.46
20:48:10 [INFO] f=0853 t=20.3ms offset=+0.3707 head=+11.06° drive=go      stop_sign=F lane_mode=width_rejected imu_n=0 yaw=+0.0°/s
20:48:10 [INFO] [R0 T0 O0 D0 A0] f=0854 TAGS=pole_misclassified(x1) wall_edge_detected(x1) dashed_reject_center(x2) offset=-0.8458 mode=right_only conf=0.35
20:48:10 [INFO] f=0854 t=14.7ms offset=+0.3707 head=+11.06° drive=go      stop_sign=F lane_mode=right_only imu_n=0 yaw=+0.0°/s
20:48:10 [INFO] [R0 T0 O0 D0 A0] f=0855 TAGS=pole_misclassified(x3) wall_edge_detected(x3) dashed_reject_center(x1) offset=-0.0263 mode=two_boundary conf=0.46
20:48:10 [INFO] f=0855 t=27.2ms offset=+0.3707 head=+11.06° drive=go      stop_sign=F lane_mode=two_boundary imu_n=0 yaw=+0.0°/s
20:48:10 [INFO] [R0 T0 O0 D0 A0] f=0856 [INTERSECTION] edge_ratio=1.00 > 0.25 — would trigger
20:48:10 [INFO] [R0 T0 O0 D0 A0] f=0856 TAGS=pole_misclassified(x5) wall_edge_detected(x1) dashed_reject_center(x1) offset=+0.0668 mode=two_boundary conf=0.50
20:48:10 [INFO] f=0856 t=31.0ms offset=+0.3707 head=+11.06° drive=go      stop_sign=F lane_mode=two_boundary imu_n=0 yaw=+0.0°/s
20:48:10 [INFO] [R0 T0 O0 D0 A0] f=0857 [INTERSECTION] edge_ratio=0.31 > 0.25 — would trigger
20:48:10 [INFO] [R0 T0 O0 D0 A0] f=0857 TAGS=pole_misclassified(x3) wall_edge_detected(x1) dashed_reject_center(x2) offset=-0.8200 mode=two_boundary conf=0.46
20:48:10 [INFO] f=0857 t=16.0ms offset=+0.2538 head=+9.86° drive=go      stop_sign=F lane_mode=two_boundary imu_n=0 yaw=+0.0°/s
20:48:10 [INFO] [R0 T0 O0 D0 A0] f=0858 TAGS=pole_misclassified(x4) wall_edge_detected(x1) dashed_reject_center(x3) offset=-0.6029 mode=two_boundary conf=0.55
20:48:10 [INFO] f=0858 t=23.7ms offset=+0.2784 head=+9.33° drive=go      stop_sign=F lane_mode=two_boundary imu_n=0 yaw=+0.0°/s
20:48:10 [INFO] [R0 T0 O0 D0 A0] f=0859 TAGS=pole_misclassified(x4) dashed_reject_center(x5) offset=+0.1367 mode=two_boundary conf=0.52
20:48:10 [INFO] f=0859 t=37.9ms offset=+0.3153 head=+9.38° drive=go      stop_sign=F lane_mode=two_boundary imu_n=0 yaw=+0.0°/s
20:48:10 [INFO] [R0 T0 O0 D0 A0] f=0860 TAGS=pole_misclassified(x1) dashed_reject_center(x1) offset=+0.1583 mode=two_boundary conf=0.55
20:48:10 [INFO] f=0860 t=33.6ms offset=+0.3153 head=+9.38° drive=go      stop_sign=F lane_mode=two_boundary imu_n=0 yaw=+0.0°/s
20:48:10 [INFO] [R0 T0 O0 D0 A0] f=0861 TAGS=dashed_reject_center(x2) offset=+0.6729 mode=left_only conf=0.34
20:48:10 [INFO] f=0861 t=30.2ms offset=+0.3153 head=+9.38° drive=go      stop_sign=F lane_mode=left_only imu_n=0 yaw=+0.0°/s
20:48:10 [INFO] [R0 T0 O0 D0 A0] f=0862 TAGS=pole_misclassified(x2) wall_edge_detected(x1) dashed_reject_center(x2) offset=+0.1062 mode=two_boundary conf=0.55
20:48:10 [INFO] f=0862 t=30.0ms offset=+0.2759 head=+8.99° drive=go      stop_sign=F lane_mode=two_boundary imu_n=0 yaw=+0.0°/s
20:48:10 [INFO] [R0 T0 O0 D0 A0] f=0863 TAGS=pole_misclassified(x1) wall_edge_detected(x1) dashed_reject_center(x2) offset=-0.5188 mode=right_only conf=0.55
20:48:10 [INFO] f=0863 t=56.2ms offset=+0.3654 head=+9.68° drive=go      stop_sign=F lane_mode=right_only imu_n=0 yaw=+0.0°/s
20:48:10 [INFO] [R0 T0 O0 D0 A0] f=0864 [INTERSECTION] edge_ratio=0.48 > 0.25 — would trigger
20:48:10 [INFO] [R0 T0 O0 D0 A0] f=0864 TAGS=pole_misclassified(x2) wall_edge_detected(x2) dashed_reject_center(x1) offset=+0.0389 mode=two_boundary conf=0.41
20:48:10 [INFO] f=0864 t=20.8ms offset=+0.3654 head=+9.68° drive=go      stop_sign=F lane_mode=two_boundary imu_n=0 yaw=+0.0°/s
20:48:10 [INFO] [R0 T0 O0 D0 A0] f=0865 [INTERSECTION] edge_ratio=0.44 > 0.25 — would trigger
20:48:10 [INFO] [R0 T0 O0 D0 A0] f=0865 TAGS=pole_misclassified(x2) wall_edge_detected(x1) dashed_reject_center(x2) offset=-0.2929 mode=two_boundary conf=0.55
20:48:10 [INFO] f=0865 t=27.4ms offset=+0.4225 head=+10.73° drive=go      stop_sign=F lane_mode=two_boundary imu_n=0 yaw=+0.0°/s
20:48:10 [INFO] [R0 T0 O0 D0 A0] f=0866 [INTERSECTION] edge_ratio=0.25 > 0.25 — would trigger
20:48:10 [INFO] [R0 T0 O0 D0 A0] f=0866 TAGS=pole_misclassified(x2) wall_edge_detected(x1) dashed_reject_center(x2) offset=-0.2980 mode=two_boundary conf=0.49
20:48:10 [INFO] f=0866 t=27.9ms offset=+0.2815 head=+9.93° drive=go      stop_sign=F lane_mode=two_boundary imu_n=0 yaw=+0.0°/s
20:48:10 [INFO] [R0 T0 O0 D0 A0] f=0867 [INTERSECTION] edge_ratio=0.42 > 0.25 — would trigger
20:48:10 [INFO] [R0 T0 O0 D0 A0] f=0867 TAGS=pole_misclassified(x1) dashed_reject_center(x3) dashed_line_dropped(raj=3) offset=+0.9479 mode=left_only conf=0.52
20:48:10 [INFO] f=0867 t=16.5ms offset=+0.2815 head=+9.93° drive=go      stop_sign=F lane_mode=left_only imu_n=0 yaw=+0.0°/s
20:48:10 [INFO] [R0 T0 O0 D0 A0] f=0868 [INTERSECTION] edge_ratio=0.31 > 0.25 — would trigger
20:48:10 [INFO] [R0 T0 O0 D0 A0] f=0868 TAGS=pole_misclassified(x2) dashed_reject_center(x1) offset=+0.2013 mode=two_boundary conf=0.54
20:48:10 [INFO] f=0868 t=22.5ms offset=+0.3209 head=+9.82° drive=go      stop_sign=F lane_mode=two_boundary imu_n=0 yaw=+0.0°/s
20:48:10 [INFO] [R0 T0 O0 D0 A0] f=0869 [INTERSECTION] edge_ratio=0.67 > 0.25 — would trigger
20:48:10 [INFO] [R0 T0 O0 D0 A0] f=0869 TAGS=pole_misclassified(x4) wall_edge_detected(x1) dashed_reject_center(x4) anchor_wrong_half offset=-0.4969 mode=width_rejected conf=0.50
20:48:10 [INFO] f=0869 t=32.6ms offset=+0.3920 head=+10.50° drive=go      stop_sign=F lane_mode=width_rejected imu_n=0 yaw=+0.0°/s
20:48:10 [INFO] [R0 T0 O0 D0 A0] f=0870 TAGS=pole_misclassified(x1) dashed_reject_center(x3) offset=+0.1214 mode=two_boundary conf=0.64
20:48:10 [INFO] f=0870 t=20.5ms offset=+0.4299 head=+11.34° drive=go      stop_sign=F lane_mode=two_boundary imu_n=0 yaw=+0.0°/s
20:48:10 [INFO] [R0 T0 O0 D0 A0] f=0871 TAGS=pole_misclassified(x1) wall_edge_detected(x2) anchor_wrong_half offset=-0.6906 mode=width_rejected conf=0.57
20:48:10 [INFO] f=0871 t=25.9ms offset=+0.4700 head=+12.31° drive=go      stop_sign=F lane_mode=width_rejected imu_n=0 yaw=+0.0°/s
20:48:10 [INFO] [R0 T0 O0 D0 A0] f=0872 TAGS=pole_misclassified(x2) anchor_wrong_half offset=-0.6031 mode=width_rejected conf=0.52
20:48:10 [INFO] f=0872 t=14.3ms offset=+0.4798 head=+13.04° drive=go      stop_sign=F lane_mode=width_rejected imu_n=0 yaw=+0.0°/s
20:48:10 [INFO] [R0 T0 O0 D0 A0] f=0873 TAGS=pole_misclassified(x1) anchor_wrong_half offset=-0.5740 mode=width_rejected conf=0.51
20:48:10 [INFO] f=0873 t=15.0ms offset=+0.5209 head=+13.94° drive=go      stop_sign=F lane_mode=width_rejected imu_n=0 yaw=+0.0°/s
20:48:10 [INFO] [R0 T0 O0 D0 A0] f=0874 [INTERSECTION] edge_ratio=0.37 > 0.25 — would trigger
20:48:10 [INFO] [R0 T0 O0 D0 A0] f=0874 TAGS=anchor_wrong_half offset=-0.7115 mode=width_rejected conf=0.64
20:48:10 [INFO] f=0874 t=15.5ms offset=+0.5514 head=+14.85° drive=go      stop_sign=F lane_mode=width_rejected imu_n=0 yaw=+0.0°/s
20:48:10 [INFO] [R0 T0 O0 D0 A0] f=0875 [INTERSECTION] edge_ratio=0.26 > 0.25 — would trigger
20:48:10 [INFO] [R0 T0 O0 D0 A0] f=0875 TAGS=pole_misclassified(x1) anchor_wrong_half offset=-0.7469 mode=width_rejected conf=0.56
20:48:10 [INFO] f=0875 t=25.7ms offset=+0.5728 head=+15.67° drive=go      stop_sign=F lane_mode=width_rejected imu_n=0 yaw=+0.0°/s
20:48:10 [INFO] [R0 T0 O0 D0 A0] f=0876 TAGS=pole_misclassified(x6) wall_edge_detected(x3) offset=-0.0232 mode=two_boundary conf=0.51
20:48:10 [INFO] f=0876 t=19.5ms offset=+0.5728 head=+15.67° drive=go      stop_sign=F lane_mode=two_boundary imu_n=0 yaw=+0.0°/s
20:48:10 [INFO] [R0 T0 O0 D0 A0] f=0877 TAGS=pole_misclassified(x3) wall_edge_detected(x1) dashed_reject_center(x1) offset=+0.0275 mode=two_boundary conf=0.60
20:48:10 [INFO] f=0877 t=14.4ms offset=+0.5728 head=+15.67° drive=go      stop_sign=F lane_mode=two_boundary imu_n=0 yaw=+0.0°/s
20:48:10 [INFO] [R0 T0 O0 D0 A0] f=0878 TAGS=pole_misclassified(x6) wall_edge_detected(x2) offset=+0.2157 mode=two_boundary conf=0.62
20:48:10 [INFO] f=0878 t=32.4ms offset=+0.4678 head=+15.10° drive=go      stop_sign=F lane_mode=two_boundary imu_n=0 yaw=+0.0°/s
20:48:10 [INFO] [R0 T0 O0 D0 A0] f=0879 [INTERSECTION] edge_ratio=0.33 > 0.25 — would trigger
20:48:10 [INFO] [R0 T0 O0 D0 A0] f=0879 TAGS=pole_misclassified(x3) anchor_wrong_half offset=+1.0000 mode=two_boundary conf=0.61
20:48:10 [INFO] f=0879 t=21.0ms offset=+0.4719 head=+14.77° drive=go      stop_sign=F lane_mode=two_boundary imu_n=0 yaw=+0.0°/s
20:48:10 [INFO] [R0 T0 O0 D0 A0] f=0880 TAGS=pole_misclassified(x4) offset=+0.6356 mode=two_boundary conf=0.53
20:48:10 [INFO] f=0880 t=32.4ms offset=+0.5282 head=+15.14° drive=go      stop_sign=F lane_mode=two_boundary imu_n=0 yaw=+0.0°/s
20:48:10 [INFO] [R0 T0 O0 D0 A0] f=0881 TAGS=pole_misclassified(x3) wall_edge_detected(x1) offset=-0.5370 mode=two_boundary conf=0.54
20:48:10 [INFO] f=0881 t=48.1ms offset=+0.4962 head=+15.05° drive=go      stop_sign=F lane_mode=two_boundary imu_n=0 yaw=+0.0°/s
20:48:10 [INFO] [R0 T0 O0 D0 A0] f=0882 TAGS=pole_misclassified(x2) offset=-0.6481 mode=two_boundary conf=0.49
20:48:10 [INFO] f=0882 t=46.3ms offset=+0.3789 head=+13.76° drive=go      stop_sign=F lane_mode=two_boundary imu_n=0 yaw=+0.0°/s
20:48:11 [INFO] [R0 T0 O0 D0 A0] f=0883 TAGS=pole_misclassified(x1) dashed_reject_center(x1) offset=-0.1607 mode=two_boundary conf=0.55
20:48:11 [INFO] f=0883 t=18.9ms offset=+0.3851 head=+12.99° drive=go      stop_sign=F lane_mode=two_boundary imu_n=0 yaw=+0.0°/s
20:48:11 [INFO] [R0 T0 O0 D0 A0] f=0884 TAGS=pole_misclassified(x2) wall_edge_detected(x1) dashed_reject_center(x1) offset=+0.2913 mode=two_boundary conf=0.60
20:48:11 [INFO] f=0884 t=25.5ms offset=+0.3851 head=+12.99° drive=go      stop_sign=F lane_mode=two_boundary imu_n=0 yaw=+0.0°/s
20:48:11 [INFO] [R0 T0 O0 D0 A0] f=0885 TAGS=pole_misclassified(x2) wall_edge_detected(x1) dashed_reject_center(x1) offset=+0.1006 mode=two_boundary conf=0.55
20:48:11 [INFO] f=0885 t=20.0ms offset=+0.3851 head=+12.99° drive=go      stop_sign=F lane_mode=two_boundary imu_n=0 yaw=+0.0°/s
20:48:11 [INFO] [R0 T0 O0 D0 A0] f=0886 TAGS=pole_misclassified(x2) dashed_reject_center(x2) anchor_wrong_half offset=+0.4208 mode=width_rejected conf=0.53
20:48:11 [INFO] f=0886 t=29.3ms offset=+0.3175 head=+11.78° drive=go      stop_sign=F lane_mode=width_rejected imu_n=0 yaw=+0.0°/s
20:48:11 [INFO] [R0 T0 O0 D0 A0] f=0887 TAGS=pole_misclassified(x3) wall_edge_detected(x2) dashed_reject_center(x1) offset=+0.1533 mode=two_boundary conf=0.51
20:48:11 [INFO] f=0887 t=22.7ms offset=+0.3158 head=+10.97° drive=go      stop_sign=F lane_mode=two_boundary imu_n=0 yaw=+0.0°/s
20:48:11 [INFO] [R0 T0 O0 D0 A0] f=0888 TAGS=pole_misclassified(x3) wall_edge_detected(x1) offset=+0.2322 mode=two_boundary conf=0.57
20:48:11 [INFO] f=0888 t=33.2ms offset=+0.4023 head=+11.36° drive=go      stop_sign=F lane_mode=two_boundary imu_n=0 yaw=+0.0°/s
20:48:11 [INFO] [R0 T0 O0 D0 A0] f=0889 TAGS=pole_misclassified(x3) wall_edge_detected(x2) dashed_reject_center(x1) offset=+0.1022 mode=two_boundary conf=0.57
20:48:11 [INFO] f=0889 t=21.8ms offset=+0.3609 head=+11.17° drive=go      stop_sign=F lane_mode=two_boundary imu_n=0 yaw=+0.0°/s
20:48:11 [INFO] [R0 T0 O0 D0 A0] f=0890 [INTERSECTION] edge_ratio=0.92 > 0.25 — would trigger
20:48:11 [INFO] [R0 T0 O0 D0 A0] f=0890 TAGS=pole_misclassified(x1) dashed_reject_center(x2) offset=+0.0688 mode=left_only conf=0.54
20:48:11 [INFO] f=0890 t=20.5ms offset=+0.3609 head=+11.17° drive=go      stop_sign=F lane_mode=left_only imu_n=0 yaw=+0.0°/s
20:48:11 [INFO] [R0 T0 O0 D0 A0] f=0891 [INTERSECTION] edge_ratio=0.94 > 0.25 — would trigger
20:48:11 [INFO] [R0 T0 O0 D0 A0] f=0891 TAGS=pole_misclassified(x2) dashed_reject_center(x1) offset=+0.2531 mode=width_rejected conf=0.55
20:48:11 [INFO] f=0891 t=29.9ms offset=+0.3425 head=+10.86° drive=go      stop_sign=F lane_mode=width_rejected imu_n=0 yaw=+0.0°/s
20:48:11 [INFO] [R0 T0 O0 D0 A0] f=0892 [INTERSECTION] edge_ratio=0.58 > 0.25 — would trigger
20:48:11 [INFO] [R0 T0 O0 D0 A0] f=0892 TAGS=pole_misclassified(x1) dashed_reject_center(x2) offset=+0.2458 mode=width_rejected conf=0.55
20:48:11 [INFO] f=0892 t=22.0ms offset=+0.3425 head=+10.86° drive=go      stop_sign=F lane_mode=width_rejected imu_n=0 yaw=+0.0°/s
20:48:11 [INFO] [R0 T0 O0 D0 A0] f=0893 [INTERSECTION] edge_ratio=0.44 > 0.25 — would trigger
20:48:11 [INFO] [R0 T0 O0 D0 A0] f=0893 TAGS=pole_misclassified(x4) wall_edge_detected(x1) offset=+0.1374 mode=two_boundary conf=0.54
20:48:11 [INFO] f=0893 t=23.1ms offset=+0.3425 head=+10.86° drive=go      stop_sign=F lane_mode=two_boundary imu_n=0 yaw=+0.0°/s
20:48:11 [INFO] [R0 T0 O0 D0 A0] f=0894 TAGS=pole_misclassified(x3) wall_edge_detected(x1) offset=+0.1193 mode=two_boundary conf=0.55
20:48:11 [INFO] f=0894 t=22.6ms offset=+0.4130 head=+11.39° drive=go      stop_sign=F lane_mode=two_boundary imu_n=0 yaw=+0.0°/s
20:48:11 [INFO] [R0 T0 O0 D0 A0] f=0895 TAGS=pole_misclassified(x2) offset=+0.0857 mode=two_boundary conf=0.52
20:48:11 [INFO] f=0895 t=8.5ms offset=+0.3527 head=+11.11° drive=go      stop_sign=F lane_mode=two_boundary imu_n=0 yaw=+0.0°/s
20:48:11 [INFO] [R0 T0 O0 D0 A0] f=0896 TAGS=pole_misclassified(x2) offset=+0.7475 mode=two_boundary conf=0.57
20:48:11 [INFO] f=0896 t=16.4ms offset=+0.3927 head=+11.35° drive=go      stop_sign=F lane_mode=two_boundary imu_n=0 yaw=+0.0°/s
20:48:11 [INFO] [R0 T0 O0 D0 A0] f=0897 TAGS=pole_misclassified(x4) wall_edge_detected(x2) offset=+0.0891 mode=two_boundary conf=0.54
20:48:11 [INFO] f=0897 t=12.1ms offset=+0.4643 head=+12.25° drive=go      stop_sign=F lane_mode=two_boundary imu_n=0 yaw=+0.0°/s
20:48:11 [INFO] [R0 T0 O0 D0 A0] f=0898 TAGS=pole_misclassified(x3) wall_edge_detected(x1) offset=+0.6525 mode=two_boundary conf=0.51
20:48:11 [INFO] f=0898 t=23.4ms offset=+0.4128 head=+12.30° drive=go      stop_sign=F lane_mode=two_boundary imu_n=0 yaw=+0.0°/s
20:48:11 [INFO] [R0 T0 O0 D0 A0] f=0899 TAGS=pole_misclassified(x2) wall_edge_detected(x1) offset=+0.0917 mode=width_rejected conf=0.56
20:48:11 [INFO] f=0899 t=22.4ms offset=+0.3908 head=+12.10° drive=go      stop_sign=F lane_mode=width_rejected imu_n=0 yaw=+0.0°/s
20:48:11 [INFO] [R0 T0 O0 D0 A0] f=0900 TAGS=pole_misclassified(x2) wall_edge_detected(x1) dashed_reject_center(x1) offset=+0.0617 mode=two_boundary conf=0.57
20:48:11 [INFO] f=0900 t=20.8ms offset=+0.3765 head=+11.82° drive=go      stop_sign=F lane_mode=two_boundary imu_n=0 yaw=+0.0°/s
20:48:11 [INFO] [R0 T0 O0 D0 A0] f=0901 TAGS=pole_misclassified(x4) wall_edge_detected(x2) offset=+0.7253 mode=two_boundary conf=0.51
20:48:11 [INFO] f=0901 t=18.3ms offset=+0.4145 head=+12.03° drive=go      stop_sign=F lane_mode=two_boundary imu_n=0 yaw=+0.0°/s
20:48:11 [INFO] [R0 T0 O0 D0 A0] f=0902 TAGS=pole_misclassified(x3) wall_edge_detected(x1) offset=+0.7628 mode=two_boundary conf=0.54
20:48:11 [INFO] f=0902 t=12.1ms offset=+0.4403 head=+12.44° drive=go      stop_sign=F lane_mode=two_boundary imu_n=0 yaw=+0.0°/s
20:48:11 [INFO] [R0 T0 O0 D0 A0] f=0903 [INTERSECTION] edge_ratio=0.57 > 0.25 — would trigger
20:48:11 [INFO] [R0 T0 O0 D0 A0] f=0903 TAGS=pole_misclassified(x4) wall_edge_detected(x1) offset=+0.1005 mode=two_boundary conf=0.53
20:48:11 [INFO] f=0903 t=19.8ms offset=+0.4156 head=+12.45° drive=go      stop_sign=F lane_mode=two_boundary imu_n=0 yaw=+0.0°/s
20:48:11 [INFO] [R0 T0 O0 D0 A0] f=0904 [INTERSECTION] edge_ratio=0.56 > 0.25 — would trigger
20:48:11 [INFO] [R0 T0 O0 D0 A0] f=0904 TAGS=pole_misclassified(x5) offset=+0.0871 mode=two_boundary conf=0.53
20:48:11 [INFO] f=0904 t=22.9ms offset=+0.4675 head=+13.00° drive=go      stop_sign=F lane_mode=two_boundary imu_n=0 yaw=+0.0°/s
20:48:11 [INFO] [R0 T0 O0 D0 A0] f=0905 [INTERSECTION] edge_ratio=0.75 > 0.25 — would trigger
20:48:11 [INFO] [R0 T0 O0 D0 A0] f=0905 TAGS=pole_misclassified(x5) wall_edge_detected(x1) offset=+0.0786 mode=two_boundary conf=0.53
20:48:11 [INFO] f=0905 t=15.3ms offset=+0.4945 head=+13.64° drive=go      stop_sign=F lane_mode=two_boundary imu_n=0 yaw=+0.0°/s
20:48:11 [INFO] [R0 T0 O0 D0 A0] f=0906 [INTERSECTION] edge_ratio=0.77 > 0.25 — would trigger
20:48:11 [INFO] [R0 T0 O0 D0 A0] f=0906 TAGS=pole_misclassified(x3) wall_edge_detected(x1) offset=+0.0680 mode=two_boundary conf=0.54
20:48:11 [INFO] f=0906 t=11.2ms offset=+0.4839 head=+13.95° drive=go      stop_sign=F lane_mode=two_boundary imu_n=0 yaw=+0.0°/s
20:48:11 [INFO] [R0 T0 O0 D0 A0] f=0907 [INTERSECTION] edge_ratio=0.99 > 0.25 — would trigger
20:48:11 [INFO] [R0 T0 O0 D0 A0] f=0907 TAGS=pole_misclassified(x5) wall_edge_detected(x3) offset=+0.0610 mode=two_boundary conf=0.54
20:48:11 [INFO] f=0907 t=15.6ms offset=+0.4787 head=+14.09° drive=go      stop_sign=F lane_mode=two_boundary imu_n=0 yaw=+0.0°/s
20:48:11 [INFO] [R0 T0 O0 D0 A0] f=0908 [INTERSECTION] edge_ratio=1.01 > 0.25 — would trigger
20:48:11 [INFO] [R0 T0 O0 D0 A0] f=0908 TAGS=pole_misclassified(x2) offset=+0.0524 mode=two_boundary conf=0.45
20:48:11 [INFO] f=0908 t=10.8ms offset=+0.4337 head=+13.71° drive=go      stop_sign=F lane_mode=two_boundary imu_n=0 yaw=+0.0°/s
20:48:11 [INFO] [R0 T0 O0 D0 A0] f=0909 [INTERSECTION] edge_ratio=1.07 > 0.25 — would trigger
20:48:11 [INFO] [R0 T0 O0 D0 A0] f=0909 TAGS=pole_misclassified(x4) wall_edge_detected(x1) offset=+0.0401 mode=two_boundary conf=0.55
20:48:11 [INFO] f=0909 t=13.2ms offset=+0.4480 head=+13.62° drive=go      stop_sign=F lane_mode=two_boundary imu_n=0 yaw=+0.0°/s
20:48:11 [INFO] [R0 T0 O0 D0 A0] f=0910 [INTERSECTION] edge_ratio=1.07 > 0.25 — would trigger
20:48:11 [INFO] [R0 T0 O0 D0 A0] f=0910 TAGS=pole_misclassified(x4) wall_edge_detected(x1) offset=+0.0338 mode=two_boundary conf=0.55
20:48:11 [INFO] f=0910 t=24.8ms offset=+0.4137 head=+13.20° drive=go      stop_sign=F lane_mode=two_boundary imu_n=0 yaw=+0.0°/s
20:48:11 [INFO] [R0 T0 O0 D0 A0] f=0911 [INTERSECTION] edge_ratio=1.01 > 0.25 — would trigger
20:48:11 [INFO] [R0 T0 O0 D0 A0] f=0911 TAGS=pole_misclassified(x4) wall_edge_detected(x1) offset=+0.0201 mode=two_boundary conf=0.54
20:48:11 [INFO] f=0911 t=18.4ms offset=+0.4548 head=+13.35° drive=go      stop_sign=F lane_mode=two_boundary imu_n=0 yaw=+0.0°/s
20:48:11 [INFO] [R0 T0 O0 D0 A0] f=0912 [INTERSECTION] edge_ratio=0.97 > 0.25 — would trigger
20:48:11 [INFO] [R0 T0 O0 D0 A0] f=0912 TAGS=pole_misclassified(x2) wall_edge_detected(x1) offset=-0.0326 mode=two_boundary conf=0.54
20:48:11 [INFO] f=0912 t=25.0ms offset=+0.3635 head=+12.50° drive=go      stop_sign=F lane_mode=two_boundary imu_n=0 yaw=+0.0°/s
20:48:11 [INFO] [R0 T0 O0 D0 A0] f=0913 [INTERSECTION] edge_ratio=0.95 > 0.25 — would trigger
20:48:11 [INFO] [R0 T0 O0 D0 A0] f=0913 TAGS=pole_misclassified(x4) wall_edge_detected(x1) dashed_reject_center(x2) offset=+0.0100 mode=two_boundary conf=0.54
20:48:11 [INFO] f=0913 t=27.4ms offset=+0.4178 head=+12.51° drive=go      stop_sign=F lane_mode=two_boundary imu_n=0 yaw=+0.0°/s
20:48:11 [INFO] [R0 T0 O0 D0 A0] f=0914 [INTERSECTION] edge_ratio=0.99 > 0.25 — would trigger
20:48:11 [INFO] [R0 T0 O0 D0 A0] f=0914 TAGS=pole_misclassified(x4) wall_edge_detected(x1) dashed_reject_center(x1) offset=-0.0139 mode=two_boundary conf=0.48
20:48:11 [INFO] f=0914 t=41.7ms offset=+0.4583 head=+12.94° drive=go      stop_sign=F lane_mode=two_boundary imu_n=0 yaw=+0.0°/s
20:48:11 [INFO] [R0 T0 O0 D0 A0] f=0915 [INTERSECTION] edge_ratio=0.87 > 0.25 — would trigger
20:48:11 [INFO] [R0 T0 O0 D0 A0] f=0915 TAGS=pole_misclassified(x2) wall_edge_detected(x1) dashed_reject_center(x2) offset=-0.0951 mode=two_boundary conf=0.56
20:48:11 [INFO] f=0915 t=33.6ms offset=+0.4583 head=+12.94° drive=go      stop_sign=F lane_mode=two_boundary imu_n=0 yaw=+0.0°/s
20:48:11 [INFO] [R0 T0 O0 D0 A0] f=0916 [INTERSECTION] edge_ratio=0.56 > 0.25 — would trigger
20:48:11 [INFO] [R0 T0 O0 D0 A0] f=0916 TAGS=pole_misclassified(x3) wall_edge_detected(x2) dashed_reject_center(x1) offset=-0.1370 mode=two_boundary conf=0.56
20:48:11 [INFO] f=0916 t=39.6ms offset=+0.3081 head=+11.65° drive=go      stop_sign=F lane_mode=two_boundary imu_n=0 yaw=+0.0°/s
20:48:12 [INFO] [R0 T0 O0 D0 A0] f=0917 [INTERSECTION] edge_ratio=0.53 > 0.25 — would trigger
20:48:12 [INFO] [R0 T0 O0 D0 A0] f=0917 TAGS=pole_misclassified(x2) dashed_reject_center(x3) offset=-0.0591 mode=two_boundary conf=0.57
20:48:12 [INFO] f=0917 t=46.1ms offset=+0.3141 head=+10.87° drive=go      stop_sign=F lane_mode=two_boundary imu_n=0 yaw=+0.0°/s
20:48:12 [INFO] [R0 T0 O0 D0 A0] f=0918 [INTERSECTION] edge_ratio=0.55 > 0.25 — would trigger
20:48:12 [INFO] [R0 T0 O0 D0 A0] f=0918 TAGS=pole_misclassified(x3) dashed_reject_center(x3) offset=-0.0271 mode=two_boundary conf=0.47
20:48:12 [INFO] f=0918 t=23.9ms offset=+0.3508 head=+10.75° drive=go      stop_sign=F lane_mode=two_boundary imu_n=0 yaw=+0.0°/s
20:48:12 [INFO] [R0 T0 O0 D0 A0] f=0919 [INTERSECTION] edge_ratio=0.34 > 0.25 — would trigger
20:48:12 [INFO] [R0 T0 O0 D0 A0] f=0919 TAGS=pole_misclassified(x3) wall_edge_detected(x1) dashed_reject_center(x1) offset=-0.1330 mode=two_boundary conf=0.36
20:48:12 [INFO] f=0919 t=49.4ms offset=+0.3508 head=+10.75° drive=go      stop_sign=F lane_mode=two_boundary imu_n=0 yaw=+0.0°/s
20:48:12 [INFO] [R0 T0 O0 D0 A0] f=0920 TAGS=pole_misclassified(x4) wall_edge_detected(x2) dashed_reject_center(x1) offset=-0.0102 mode=two_boundary conf=0.54
20:48:12 [INFO] f=0920 t=38.9ms offset=+0.3724 head=+10.90° drive=go      stop_sign=F lane_mode=two_boundary imu_n=0 yaw=+0.0°/s
20:48:12 [INFO] [R0 T0 O0 D0 A0] f=0921 TAGS=pole_misclassified(x1) dashed_reject_center(x1) offset=+0.0051 mode=two_boundary conf=0.50
20:48:12 [INFO] f=0921 t=14.7ms offset=+0.4564 head=+11.88° drive=go      stop_sign=F lane_mode=two_boundary imu_n=0 yaw=+0.0°/s
20:48:12 [INFO] [R0 T0 O0 D0 A0] f=0922 [INTERSECTION] edge_ratio=0.29 > 0.25 — would trigger
20:48:12 [INFO] [R0 T0 O0 D0 A0] f=0922 TAGS=pole_misclassified(x3) wall_edge_detected(x1) dashed_reject_center(x1) offset=+0.0524 mode=two_boundary conf=0.47
20:48:12 [INFO] f=0922 t=22.7ms offset=+0.4564 head=+11.88° drive=go      stop_sign=F lane_mode=two_boundary imu_n=0 yaw=+0.0°/s
20:48:12 [INFO] [R0 T0 O0 D0 A0] f=0923 [INTERSECTION] edge_ratio=1.47 > 0.25 — would trigger
20:48:12 [INFO] [R0 T0 O0 D0 A0] f=0923 TAGS=pole_misclassified(x2) anchor_wrong_half offset=+1.0000 mode=two_boundary conf=0.55
20:48:12 [INFO] f=0923 t=30.4ms offset=+0.4564 head=+11.88° drive=go      stop_sign=F lane_mode=two_boundary imu_n=0 yaw=+0.0°/s
20:48:12 [INFO] [R0 T0 O0 D0 A0] f=0924 [INTERSECTION] edge_ratio=1.23 > 0.25 — would trigger
20:48:12 [INFO] [R0 T0 O0 D0 A0] f=0924 TAGS=pole_misclassified(x1) anchor_wrong_half offset=+1.0000 mode=two_boundary conf=0.62
20:48:12 [INFO] f=0924 t=10.7ms offset=+0.5215 head=+13.20° drive=go      stop_sign=F lane_mode=two_boundary imu_n=0 yaw=+0.0°/s
20:48:12 [INFO] [R0 T0 O0 D0 A0] f=0925 [INTERSECTION] edge_ratio=0.26 > 0.25 — would trigger
20:48:12 [INFO] [R0 T0 O0 D0 A0] f=0925 TAGS=pole_misclassified(x4) wall_edge_detected(x1) dashed_reject_center(x3) offset=+0.0413 mode=two_boundary conf=0.57
20:48:12 [INFO] f=0925 t=24.5ms offset=+0.4326 head=+13.12° drive=go      stop_sign=F lane_mode=two_boundary imu_n=0 yaw=+0.0°/s
20:48:12 [INFO] [R0 T0 O0 D0 A0] f=0926 TAGS=pole_misclassified(x5) wall_edge_detected(x2) dashed_reject_center(x2) offset=+0.0639 mode=two_boundary conf=0.57
20:48:12 [INFO] f=0926 t=15.8ms offset=+0.4932 head=+13.71° drive=go      stop_sign=F lane_mode=two_boundary imu_n=0 yaw=+0.0°/s
20:48:12 [INFO] [R0 T0 O0 D0 A0] f=0927 TAGS=pole_misclassified(x5) wall_edge_detected(x3) dashed_reject_center(x1) offset=-0.0289 mode=two_boundary conf=0.59
20:48:12 [INFO] f=0927 t=10.3ms offset=+0.4096 head=+13.21° drive=go      stop_sign=F lane_mode=two_boundary imu_n=0 yaw=+0.0°/s
20:48:12 [INFO] [R0 T0 O0 D0 A0] f=0928 TAGS=pole_misclassified(x4) wall_edge_detected(x2) dashed_reject_center(x1) offset=-0.0309 mode=two_boundary conf=0.60
20:48:12 [INFO] f=0928 t=18.0ms offset=+0.4163 head=+12.96° drive=go      stop_sign=F lane_mode=two_boundary imu_n=0 yaw=+0.0°/s
20:48:12 [INFO] [R0 T0 O0 D0 A0] f=0929 TAGS=pole_misclassified(x4) wall_edge_detected(x2) dashed_reject_center(x3) offset=-0.1369 mode=two_boundary conf=0.62
20:48:12 [INFO] f=0929 t=11.5ms offset=+0.3797 head=+12.41° drive=go      stop_sign=F lane_mode=two_boundary imu_n=0 yaw=+0.0°/s
20:48:12 [INFO] [R0 T0 O0 D0 A0] f=0930 TAGS=pole_misclassified(x4) wall_edge_detected(x2) dashed_reject_center(x3) offset=-0.0173 mode=two_boundary conf=0.57
20:48:12 [INFO] f=0930 t=18.0ms offset=+0.3222 head=+11.45° drive=go      stop_sign=F lane_mode=two_boundary imu_n=0 yaw=+0.0°/s
20:48:12 [INFO] [R0 T0 O0 D0 A0] f=0931 TAGS=pole_misclassified(x3) wall_edge_detected(x2) dashed_reject_center(x3) offset=-0.1686 mode=two_boundary conf=0.63
20:48:12 [INFO] f=0931 t=13.4ms offset=+0.2161 head=+9.71° drive=go      stop_sign=F lane_mode=two_boundary imu_n=0 yaw=+0.0°/s
20:48:12 [INFO] [R0 T0 O0 D0 A0] f=0932 TAGS=pole_misclassified(x2) dashed_reject_center(x6) offset=-0.0749 mode=two_boundary conf=0.62
20:48:12 [INFO] f=0932 t=31.9ms offset=+0.2805 head=+9.26° drive=go      stop_sign=F lane_mode=two_boundary imu_n=0 yaw=+0.0°/s
20:48:12 [INFO] [R0 T0 O0 D0 A0] f=0933 TAGS=pole_misclassified(x5) wall_edge_detected(x1) dashed_reject_center(x5) offset=-0.0256 mode=two_boundary conf=0.60
20:48:12 [INFO] f=0933 t=22.9ms offset=+0.2969 head=+9.13° drive=go      stop_sign=F lane_mode=two_boundary imu_n=0 yaw=+0.0°/s
20:48:12 [INFO] [R0 T0 O0 D0 A0] f=0934 [INTERSECTION] edge_ratio=0.26 > 0.25 — would trigger
20:48:12 [INFO] [R0 T0 O0 D0 A0] f=0934 TAGS=pole_misclassified(x3) wall_edge_detected(x2) dashed_reject_center(x6) offset=-0.0691 mode=two_boundary conf=0.59
20:48:12 [INFO] f=0934 t=20.2ms offset=+0.3071 head=+9.16° drive=go      stop_sign=F lane_mode=two_boundary imu_n=0 yaw=+0.0°/s
20:48:12 [INFO] [R0 T0 O0 D0 A0] f=0935 [INTERSECTION] edge_ratio=0.27 > 0.25 — would trigger
20:48:12 [INFO] [R0 T0 O0 D0 A0] f=0935 TAGS=pole_misclassified(x2) wall_edge_detected(x1) dashed_reject_center(x5) offset=-0.0702 mode=two_boundary conf=0.58
20:48:12 [INFO] f=0935 t=29.9ms offset=+0.3691 head=+9.83° drive=go      stop_sign=F lane_mode=two_boundary imu_n=0 yaw=+0.0°/s
20:48:12 [INFO] [R0 T0 O0 D0 A0] f=0936 TAGS=pole_misclassified(x2) wall_edge_detected(x1) dashed_reject_center(x6) offset=-0.0198 mode=two_boundary conf=0.60
20:48:12 [INFO] f=0936 t=25.0ms offset=+0.4133 head=+10.73° drive=go      stop_sign=F lane_mode=two_boundary imu_n=0 yaw=+0.0°/s
20:48:12 [INFO] [R0 T0 O0 D0 A0] f=0937 TAGS=pole_misclassified(x1) dashed_reject_center(x5) offset=-0.0187 mode=two_boundary conf=0.60
20:48:12 [INFO] f=0937 t=21.0ms offset=+0.4243 head=+11.43° drive=go      stop_sign=F lane_mode=two_boundary imu_n=0 yaw=+0.0°/s
20:48:12 [INFO] [R0 T0 O0 D0 A0] f=0938 TAGS=pole_misclassified(x3) wall_edge_detected(x1) dashed_reject_center(x5) offset=-0.0121 mode=two_boundary conf=0.60
20:48:12 [INFO] f=0938 t=43.2ms offset=+0.4499 head=+12.15° drive=go      stop_sign=F lane_mode=two_boundary imu_n=0 yaw=+0.0°/s
20:48:12 [INFO] [R0 T0 O0 D0 A0] f=0939 TAGS=pole_misclassified(x3) wall_edge_detected(x2) dashed_reject_center(x5) offset=-0.0098 mode=two_boundary conf=0.60
20:48:12 [INFO] f=0939 t=40.9ms offset=+0.4138 head=+12.24° drive=go      stop_sign=F lane_mode=two_boundary imu_n=0 yaw=+0.0°/s
20:48:12 [INFO] [R0 T0 O0 D0 A0] f=0940 TAGS=pole_misclassified(x3) wall_edge_detected(x1) dashed_reject_center(x5) offset=-0.0142 mode=two_boundary conf=0.60
20:48:12 [INFO] f=0940 t=19.3ms offset=+0.4250 head=+12.42° drive=go      stop_sign=F lane_mode=two_boundary imu_n=0 yaw=+0.0°/s
20:48:12 [INFO] [R0 T0 O0 D0 A0] f=0941 TAGS=pole_misclassified(x2) dashed_reject_center(x5) offset=-0.0153 mode=two_boundary conf=0.60
20:48:12 [INFO] f=0941 t=17.9ms offset=+0.3911 head=+12.18° drive=go      stop_sign=F lane_mode=two_boundary imu_n=0 yaw=+0.0°/s
20:48:12 [INFO] [R0 T0 O0 D0 A0] f=0942 TAGS=pole_misclassified(x4) wall_edge_detected(x2) dashed_reject_center(x4) offset=-0.0141 mode=two_boundary conf=0.60
20:48:12 [INFO] f=0942 t=33.6ms offset=+0.3701 head=+11.80° drive=go      stop_sign=F lane_mode=two_boundary imu_n=0 yaw=+0.0°/s
20:48:12 [INFO] [R0 T0 O0 D0 A0] f=0943 TAGS=pole_misclassified(x6) wall_edge_detected(x4) dashed_reject_center(x3) offset=-0.0615 mode=two_boundary conf=0.50
20:48:12 [INFO] f=0943 t=17.4ms offset=+0.3651 head=+11.51° drive=go      stop_sign=F lane_mode=two_boundary imu_n=0 yaw=+0.0°/s
20:48:12 [INFO] [R0 T0 O0 D0 A0] f=0944 TAGS=pole_misclassified(x3) wall_edge_detected(x2) dashed_reject_center(x4) offset=+0.0032 mode=two_boundary conf=0.61
20:48:12 [INFO] f=0944 t=15.4ms offset=+0.3908 head=+11.58° drive=go      stop_sign=F lane_mode=two_boundary imu_n=0 yaw=+0.0°/s
20:48:12 [INFO] [R0 T0 O0 D0 A0] f=0945 TAGS=pole_misclassified(x2) wall_edge_detected(x1) dashed_reject_center(x4) offset=-0.0370 mode=two_boundary conf=0.60
20:48:12 [INFO] f=0945 t=14.2ms offset=+0.4777 head=+12.54° drive=go      stop_sign=F lane_mode=two_boundary imu_n=0 yaw=+0.0°/s
20:48:12 [INFO] [R0 T0 O0 D0 A0] f=0946 TAGS=pole_misclassified(x3) wall_edge_detected(x2) dashed_reject_center(x3) offset=-0.0346 mode=two_boundary conf=0.63
20:48:12 [INFO] f=0946 t=25.1ms offset=+0.4990 head=+13.39° drive=go      stop_sign=F lane_mode=two_boundary imu_n=0 yaw=+0.0°/s
20:48:12 [INFO] [R0 T0 O0 D0 A0] f=0947 TAGS=pole_misclassified(x3) wall_edge_detected(x1) dashed_reject_center(x2) offset=-0.0482 mode=two_boundary conf=0.60
20:48:12 [INFO] f=0947 t=21.4ms offset=+0.4153 head=+13.07° drive=go      stop_sign=F lane_mode=two_boundary imu_n=0 yaw=+0.0°/s
20:48:12 [INFO] [R0 T0 O0 D0 A0] f=0948 TAGS=pole_misclassified(x1) dashed_reject_center(x6) offset=-0.0365 mode=two_boundary conf=0.63
20:48:12 [INFO] f=0948 t=15.6ms offset=+0.4324 head=+13.03° drive=go      stop_sign=F lane_mode=two_boundary imu_n=0 yaw=+0.0°/s
20:48:12 [INFO] [R0 T0 O0 D0 A0] f=0949 [INTERSECTION] edge_ratio=0.29 > 0.25 — would trigger
20:48:12 [INFO] [R0 T0 O0 D0 A0] f=0949 TAGS=pole_misclassified(x6) wall_edge_detected(x2) dashed_reject_center(x2) offset=-0.0319 mode=two_boundary conf=0.63
20:48:12 [INFO] f=0949 t=17.7ms offset=+0.4779 head=+13.49° drive=go      stop_sign=F lane_mode=two_boundary imu_n=0 yaw=+0.0°/s
20:48:12 [INFO] [R0 T0 O0 D0 A0] f=0950 [INTERSECTION] edge_ratio=0.30 > 0.25 — would trigger
20:48:12 [INFO] [R0 T0 O0 D0 A0] f=0950 TAGS=pole_misclassified(x5) wall_edge_detected(x2) dashed_reject_center(x3) offset=+0.0046 mode=two_boundary conf=0.64
20:48:12 [INFO] f=0950 t=17.2ms offset=+0.5359 head=+14.39° drive=go      stop_sign=F lane_mode=two_boundary imu_n=0 yaw=+0.0°/s
20:48:12 [INFO] [R0 T0 O0 D0 A0] f=0951 [INTERSECTION] edge_ratio=0.25 > 0.25 — would trigger
20:48:12 [INFO] [R0 T0 O0 D0 A0] f=0951 TAGS=pole_misclassified(x2) wall_edge_detected(x1) dashed_reject_center(x3) offset=+0.0000 mode=two_boundary conf=0.64
20:48:12 [INFO] f=0951 t=8.8ms offset=+0.5743 head=+15.39° drive=go      stop_sign=F lane_mode=two_boundary imu_n=0 yaw=+0.0°/s
20:48:12 [INFO] [R0 T0 O0 D0 A0] f=0952 [INTERSECTION] edge_ratio=0.29 > 0.25 — would trigger
20:48:12 [INFO] [R0 T0 O0 D0 A0] f=0952 TAGS=pole_misclassified(x2) wall_edge_detected(x1) dashed_reject_center(x4) offset=+0.0035 mode=two_boundary conf=0.64
20:48:12 [INFO] f=0952 t=20.5ms offset=+0.5688 head=+15.97° drive=go      stop_sign=F lane_mode=two_boundary imu_n=0 yaw=+0.0°/s
20:48:13 [INFO] [R0 T0 O0 D0 A0] f=0953 TAGS=pole_misclassified(x2) wall_edge_detected(x1) dashed_reject_center(x5) offset=+0.0069 mode=two_boundary conf=0.65
20:48:13 [INFO] f=0953 t=12.9ms offset=+0.5832 head=+16.51° drive=go      stop_sign=F lane_mode=two_boundary imu_n=0 yaw=+0.0°/s
20:48:13 [INFO] [R0 T0 O0 D0 A0] f=0954 TAGS=pole_misclassified(x5) wall_edge_detected(x2) dashed_reject_center(x4) offset=+0.0104 mode=two_boundary conf=0.65
20:48:13 [INFO] f=0954 t=15.2ms offset=+0.5594 head=+16.60° drive=go      stop_sign=F lane_mode=two_boundary imu_n=0 yaw=+0.0°/s
20:48:13 [INFO] [R0 T0 O0 D0 A0] f=0955 TAGS=pole_misclassified(x4) wall_edge_detected(x2) dashed_reject_center(x5) offset=-0.0387 mode=two_boundary conf=0.54
20:48:13 [INFO] f=0955 t=16.3ms offset=+0.5594 head=+16.60° drive=go      stop_sign=F lane_mode=two_boundary imu_n=0 yaw=+0.0°/s
20:48:13 [INFO] [R0 T0 O0 D0 A0] f=0956 TAGS=pole_misclassified(x5) wall_edge_detected(x2) dashed_reject_center(x4) offset=+0.0127 mode=two_boundary conf=0.64
20:48:13 [INFO] f=0956 t=10.5ms offset=+0.5607 head=+16.68° drive=go      stop_sign=F lane_mode=two_boundary imu_n=0 yaw=+0.0°/s
20:48:13 [INFO] [R0 T0 O0 D0 A0] f=0957 TAGS=pole_misclassified(x3) wall_edge_detected(x1) dashed_reject_center(x5) offset=+0.0150 mode=two_boundary conf=0.64
20:48:13 [INFO] f=0957 t=16.8ms offset=+0.5857 head=+16.99° drive=go      stop_sign=F lane_mode=two_boundary imu_n=0 yaw=+0.0°/s
20:48:13 [INFO] [R0 T0 O0 D0 A0] f=0958 TAGS=pole_misclassified(x3) wall_edge_detected(x1) dashed_reject_center(x5) offset=-0.0308 mode=two_boundary conf=0.63
20:48:13 [INFO] f=0958 t=18.6ms offset=+0.6012 head=+17.36° drive=go      stop_sign=F lane_mode=two_boundary imu_n=0 yaw=+0.0°/s
20:48:13 [INFO] [R0 T0 O0 D0 A0] f=0959 TAGS=pole_misclassified(x4) wall_edge_detected(x2) dashed_reject_center(x2) offset=+0.0092 mode=two_boundary conf=0.61
20:48:13 [INFO] f=0959 t=9.4ms offset=+0.5628 head=+17.19° drive=go      stop_sign=F lane_mode=two_boundary imu_n=0 yaw=+0.0°/s
20:48:13 [INFO] [R0 T0 O0 D0 A0] f=0960 TAGS=pole_misclassified(x2) wall_edge_detected(x1) dashed_reject_center(x3) offset=-0.0196 mode=two_boundary conf=0.63
20:48:13 [INFO] f=0960 t=15.4ms offset=+0.6034 head=+17.51° drive=go      stop_sign=F lane_mode=two_boundary imu_n=0 yaw=+0.0°/s
20:48:13 [INFO] [R0 T0 O0 D0 A0] f=0961 [INTERSECTION] edge_ratio=0.27 > 0.25 — would trigger
20:48:13 [INFO] [R0 T0 O0 D0 A0] f=0961 TAGS=pole_misclassified(x4) wall_edge_detected(x1) dashed_reject_center(x3) offset=-0.0141 mode=two_boundary conf=0.63
20:48:13 [INFO] f=0961 t=14.3ms offset=+0.5860 head=+17.54° drive=go      stop_sign=F lane_mode=two_boundary imu_n=0 yaw=+0.0°/s
20:48:13 [INFO] [R0 T0 O0 D0 A0] f=0962 [INTERSECTION] edge_ratio=0.28 > 0.25 — would trigger
20:48:13 [INFO] [R0 T0 O0 D0 A0] f=0962 TAGS=pole_misclassified(x3) wall_edge_detected(x1) dashed_reject_center(x3) offset=-0.0186 mode=two_boundary conf=0.63
20:48:13 [INFO] f=0962 t=10.5ms offset=+0.5869 head=+17.56° drive=go      stop_sign=F lane_mode=two_boundary imu_n=0 yaw=+0.0°/s
20:48:13 [INFO] [R0 T0 O0 D0 A0] f=0963 [INTERSECTION] edge_ratio=0.31 > 0.25 — would trigger
20:48:13 [INFO] [R0 T0 O0 D0 A0] f=0963 TAGS=pole_misclassified(x3) wall_edge_detected(x1) dashed_reject_center(x4) offset=+0.0174 mode=two_boundary conf=0.61
20:48:13 [INFO] f=0963 t=20.8ms offset=+0.5869 head=+17.56° drive=go      stop_sign=F lane_mode=two_boundary imu_n=0 yaw=+0.0°/s
20:48:13 [INFO] [R0 T0 O0 D0 A0] f=0964 [INTERSECTION] edge_ratio=0.39 > 0.25 — would trigger
20:48:13 [INFO] [R0 T0 O0 D0 A0] f=0964 TAGS=pole_misclassified(x1) dashed_reject_center(x4) offset=-0.0233 mode=two_boundary conf=0.61
20:48:13 [INFO] f=0964 t=21.6ms offset=+0.5869 head=+17.56° drive=go      stop_sign=F lane_mode=two_boundary imu_n=0 yaw=+0.0°/s
20:48:13 [INFO] [R0 T0 O0 D0 A0] f=0965 [INTERSECTION] edge_ratio=0.41 > 0.25 — would trigger
20:48:13 [INFO] [R0 T0 O0 D0 A0] f=0965 TAGS=pole_misclassified(x3) wall_edge_detected(x1) dashed_reject_center(x5) offset=-0.0088 mode=two_boundary conf=0.53
20:48:13 [INFO] f=0965 t=21.9ms offset=+0.6122 head=+17.84° drive=go      stop_sign=F lane_mode=two_boundary imu_n=0 yaw=+0.0°/s
20:48:13 [INFO] [R0 T0 O0 D0 A0] f=0966 [INTERSECTION] edge_ratio=0.46 > 0.25 — would trigger
20:48:13 [INFO] [R0 T0 O0 D0 A0] f=0966 TAGS=pole_misclassified(x2) dashed_reject_center(x6) offset=-0.0233 mode=two_boundary conf=0.62
20:48:13 [INFO] f=0966 t=11.3ms offset=+0.5528 head=+17.40° drive=go      stop_sign=F lane_mode=two_boundary imu_n=0 yaw=+0.0°/s
20:48:13 [INFO] [R0 T0 O0 D0 A0] f=0967 [INTERSECTION] edge_ratio=0.48 > 0.25 — would trigger
20:48:13 [INFO] [R0 T0 O0 D0 A0] f=0967 TAGS=pole_misclassified(x2) wall_edge_detected(x2) dashed_reject_center(x5) offset=-0.0055 mode=two_boundary conf=0.51
20:48:13 [INFO] f=0967 t=13.5ms offset=+0.3819 head=+15.32° drive=go      stop_sign=F lane_mode=two_boundary imu_n=0 yaw=+0.0°/s
20:48:13 [INFO] [R0 T0 O0 D0 A0] f=0968 [INTERSECTION] edge_ratio=0.50 > 0.25 — would trigger
20:48:13 [INFO] [R0 T0 O0 D0 A0] f=0968 TAGS=pole_misclassified(x3) wall_edge_detected(x2) dashed_reject_center(x4) offset=+0.0132 mode=two_boundary conf=0.60
20:48:13 [INFO] f=0968 t=14.5ms offset=+0.3819 head=+15.32° drive=go      stop_sign=F lane_mode=two_boundary imu_n=0 yaw=+0.0°/s
20:48:13 [INFO] [R0 T0 O0 D0 A0] f=0969 [INTERSECTION] edge_ratio=0.50 > 0.25 — would trigger
20:48:13 [INFO] [R0 T0 O0 D0 A0] f=0969 TAGS=pole_misclassified(x2) wall_edge_detected(x1) dashed_reject_center(x5) offset=+0.0446 mode=two_boundary conf=0.65
20:48:13 [INFO] f=0969 t=11.2ms offset=+0.2990 head=+13.10° drive=go      stop_sign=F lane_mode=two_boundary imu_n=0 yaw=+0.0°/s
20:48:13 [INFO] [R0 T0 O0 D0 A0] f=0970 [INTERSECTION] edge_ratio=0.47 > 0.25 — would trigger
20:48:13 [INFO] [R0 T0 O0 D0 A0] f=0970 TAGS=dashed_reject_center(x2) offset=+0.0556 mode=two_boundary conf=0.62
20:48:13 [INFO] f=0970 t=15.6ms offset=+0.2990 head=+13.10° drive=go      stop_sign=F lane_mode=two_boundary imu_n=0 yaw=+0.0°/s
20:48:13 [INFO] [R0 T0 O0 D0 A0] f=0971 [INTERSECTION] edge_ratio=0.47 > 0.25 — would trigger
20:48:13 [INFO] [R0 T0 O0 D0 A0] f=0971 TAGS=pole_misclassified(x1) dashed_reject_center(x2) offset=+0.0337 mode=two_boundary conf=0.63
20:48:13 [INFO] f=0971 t=18.0ms offset=+0.3571 head=+12.26° drive=go      stop_sign=F lane_mode=two_boundary imu_n=0 yaw=+0.0°/s
20:48:13 [INFO] [R0 T0 O0 D0 A0] f=0972 [INTERSECTION] edge_ratio=0.25 > 0.25 — would trigger
20:48:13 [INFO] [R0 T0 O0 D0 A0] f=0972 TAGS=pole_misclassified(x3) wall_edge_detected(x2) dashed_reject_center(x1) offset=-0.0694 mode=two_boundary conf=0.65
20:48:13 [INFO] f=0972 t=20.0ms offset=+0.3379 head=+11.52° drive=go      stop_sign=F lane_mode=two_boundary imu_n=0 yaw=+0.0°/s
20:48:13 [INFO] [R0 T0 O0 D0 A0] f=0973 TAGS=pole_misclassified(x1) dashed_reject_center(x2) offset=+0.0399 mode=two_boundary conf=0.62
20:48:13 [INFO] f=0973 t=19.4ms offset=+0.3567 head=+11.23° drive=go      stop_sign=F lane_mode=two_boundary imu_n=0 yaw=+0.0°/s
20:48:13 [INFO] [R0 T0 O0 D0 A0] f=0974 TAGS=pole_misclassified(x1) dashed_reject_center(x2) offset=+0.0957 mode=two_boundary conf=0.58
20:48:13 [INFO] f=0974 t=34.7ms offset=+0.3530 head=+11.01° drive=go      stop_sign=F lane_mode=two_boundary imu_n=0 yaw=+0.0°/s
20:48:13 [INFO] [R0 T0 O0 D0 A0] f=0975 TAGS=pole_misclassified(x2) wall_edge_detected(x1) dashed_reject_center(x2) offset=+0.0387 mode=two_boundary conf=0.59
20:48:13 [INFO] f=0975 t=26.7ms offset=+0.2473 head=+9.75° drive=go      stop_sign=F lane_mode=two_boundary imu_n=0 yaw=+0.0°/s
20:48:13 [INFO] [R0 T0 O0 D0 A0] f=0976 TAGS=pole_misclassified(x2) dashed_reject_center(x4) offset=+0.0660 mode=two_boundary conf=0.62
20:48:13 [INFO] f=0976 t=25.1ms offset=+0.1804 head=+8.23° drive=go      stop_sign=F lane_mode=two_boundary imu_n=0 yaw=+0.0°/s
20:48:13 [INFO] [R0 T0 O0 D0 A0] f=0977 [INTERSECTION] edge_ratio=0.34 > 0.25 — would trigger
20:48:13 [INFO] [R0 T0 O0 D0 A0] f=0977 TAGS=pole_misclassified(x2) wall_edge_detected(x1) dashed_reject_center(x4) offset=-0.0272 mode=two_boundary conf=0.64
20:48:13 [INFO] f=0977 t=9.1ms offset=+0.2195 head=+7.66° drive=go      stop_sign=F lane_mode=two_boundary imu_n=0 yaw=+0.0°/s
20:48:13 [INFO] [R0 T0 O0 D0 A0] f=0978 TAGS=pole_misclassified(x2) dashed_reject_center(x5) offset=+0.0235 mode=two_boundary conf=0.60
20:48:13 [INFO] f=0978 t=9.8ms offset=+0.2580 head=+7.69° drive=go      stop_sign=F lane_mode=two_boundary imu_n=0 yaw=+0.0°/s
20:48:13 [INFO] [R0 T0 O0 D0 A0] f=0979 TAGS=pole_misclassified(x3) wall_edge_detected(x1) dashed_reject_center(x4) offset=+0.0751 mode=two_boundary conf=0.53
20:48:13 [INFO] f=0979 t=18.9ms offset=+0.1897 head=+6.99° drive=go      stop_sign=F lane_mode=two_boundary imu_n=0 yaw=+0.0°/s
20:48:13 [INFO] [R0 T0 O0 D0 A0] f=0980 TAGS=pole_misclassified(x2) wall_edge_detected(x1) dashed_reject_center(x5) offset=+0.0662 mode=two_boundary conf=0.62
20:48:13 [INFO] f=0980 t=14.9ms offset=+0.1450 head=+6.06° drive=go      stop_sign=F lane_mode=two_boundary imu_n=0 yaw=+0.0°/s
20:48:13 [INFO] [R0 T0 O0 D0 A0] f=0981 TAGS=pole_misclassified(x1) dashed_reject_center(x3) offset=-0.0405 mode=two_boundary conf=0.63
20:48:13 [INFO] f=0981 t=15.3ms offset=+0.1152 head=+5.15° drive=go      stop_sign=F lane_mode=two_boundary imu_n=0 yaw=+0.0°/s
20:48:13 [INFO] [R0 T0 O0 D0 A0] f=0982 TAGS=pole_misclassified(x1) dashed_reject_center(x4) offset=+0.0560 mode=two_boundary conf=0.61
20:48:13 [INFO] f=0982 t=14.7ms offset=+0.0963 head=+4.36° drive=go      stop_sign=F lane_mode=two_boundary imu_n=0 yaw=+0.0°/s
20:48:13 [INFO] f=0983 t=14.3ms offset=+0.0963 head=+4.36° drive=go      stop_sign=F lane_mode=two_boundary imu_n=0 yaw=+0.0°/s
20:48:13 [INFO] f=0984 t=9.1ms offset=+0.0963 head=+4.36° drive=go      stop_sign=F lane_mode=two_boundary imu_n=0 yaw=+0.0°/s
20:48:13 [INFO] [R0 T0 O0 D0 A0] f=0985 TAGS=pole_misclassified(x1) offset=+0.7485 mode=two_boundary conf=0.55
20:48:13 [INFO] f=0985 t=15.4ms offset=+0.0963 head=+4.36° drive=go      stop_sign=F lane_mode=two_boundary imu_n=0 yaw=+0.0°/s
20:48:13 [INFO] [R0 T0 O0 D0 A0] f=0986 TAGS=pole_misclassified(x3) wall_edge_detected(x2) dashed_reject_center(x1) offset=-0.0140 mode=two_boundary conf=0.61
20:48:13 [INFO] f=0986 t=13.2ms offset=+0.2749 head=+5.72° drive=go      stop_sign=F lane_mode=two_boundary imu_n=0 yaw=+0.0°/s
20:48:13 [INFO] [R0 T0 O0 D0 A0] f=0987 TAGS=pole_misclassified(x2) dashed_reject_center(x6) offset=-0.0323 mode=two_boundary conf=0.58
20:48:13 [INFO] f=0987 t=18.1ms offset=+0.2075 head=+5.90° drive=go      stop_sign=F lane_mode=two_boundary imu_n=0 yaw=+0.0°/s
20:48:13 [INFO] [R0 T0 O0 D0 A0] f=0988 [INTERSECTION] edge_ratio=0.36 > 0.25 — would trigger
20:48:13 [INFO] [R0 T0 O0 D0 A0] f=0988 TAGS=pole_misclassified(x5) wall_edge_detected(x4) offset=+0.1130 mode=two_boundary conf=0.54
20:48:13 [INFO] f=0988 t=20.4ms offset=+0.2075 head=+5.90° drive=go      stop_sign=F lane_mode=two_boundary imu_n=0 yaw=+0.0°/s
20:48:13 [INFO] [R0 T0 O0 D0 A0] f=0989 [INTERSECTION] edge_ratio=0.67 > 0.25 — would trigger
20:48:13 [INFO] [R0 T0 O0 D0 A0] f=0989 TAGS=pole_misclassified(x1) wall_edge_detected(x1) offset=+0.0431 mode=two_boundary conf=0.50
20:48:13 [INFO] f=0989 t=8.6ms offset=+0.2075 head=+5.90° drive=go      stop_sign=F lane_mode=two_boundary imu_n=0 yaw=+0.0°/s
20:48:13 [INFO] [R0 T0 O0 D0 A0] f=0990 [INTERSECTION] edge_ratio=0.74 > 0.25 — would trigger
20:48:13 [INFO] [R0 T0 O0 D0 A0] f=0990 TAGS=pole_misclassified(x2) offset=+0.0658 mode=two_boundary conf=0.56
20:48:13 [INFO] f=0990 t=9.7ms offset=+0.1793 head=+5.72° drive=go      stop_sign=F lane_mode=two_boundary imu_n=0 yaw=+0.0°/s
20:48:13 [INFO] [R0 T0 O0 D0 A0] f=0991 [INTERSECTION] edge_ratio=0.95 > 0.25 — would trigger
20:48:13 [INFO] [R0 T0 O0 D0 A0] f=0991 TAGS=pole_misclassified(x2) dashed_reject_center(x2) offset=+0.0272 mode=two_boundary conf=0.55
20:48:13 [INFO] f=0991 t=19.3ms offset=+0.1793 head=+5.72° drive=go      stop_sign=F lane_mode=two_boundary imu_n=0 yaw=+0.0°/s
20:48:13 [INFO] [R0 T0 O0 D0 A0] f=0992 [INTERSECTION] edge_ratio=1.19 > 0.25 — would trigger
20:48:13 [INFO] [R0 T0 O0 D0 A0] f=0992 TAGS=pole_misclassified(x3) dashed_reject_center(x1) offset=-1.0000 mode=two_boundary conf=0.55
20:48:13 [INFO] f=0992 t=10.1ms offset=+0.2390 head=+6.22° drive=go      stop_sign=F lane_mode=two_boundary imu_n=0 yaw=+0.0°/s
20:48:13 [INFO] [R0 T0 O0 D0 A0] f=0993 [INTERSECTION] edge_ratio=1.17 > 0.25 — would trigger
20:48:13 [INFO] [R0 T0 O0 D0 A0] f=0993 TAGS=pole_misclassified(x3) wall_edge_detected(x1) offset=+0.0775 mode=two_boundary conf=0.55
20:48:13 [INFO] f=0993 t=9.0ms offset=+0.2779 head=+6.96° drive=go      stop_sign=F lane_mode=two_boundary imu_n=0 yaw=+0.0°/s
20:48:13 [INFO] [R0 T0 O0 D0 A0] f=0994 [INTERSECTION] edge_ratio=0.96 > 0.25 — would trigger
20:48:13 [INFO] [R0 T0 O0 D0 A0] f=0994 TAGS=pole_misclassified(x5) wall_edge_detected(x1) dashed_reject_center(x1) offset=+0.0871 mode=two_boundary conf=0.54
20:48:13 [INFO] f=0994 t=11.2ms offset=+0.3031 head=+7.71° drive=go      stop_sign=F lane_mode=two_boundary imu_n=0 yaw=+0.0°/s
20:48:13 [INFO] [R0 T0 O0 D0 A0] f=0995 [INTERSECTION] edge_ratio=0.65 > 0.25 — would trigger
20:48:13 [INFO] [R0 T0 O0 D0 A0] f=0995 TAGS=pole_misclassified(x3) wall_edge_detected(x1) dashed_reject_center(x2) offset=+0.1228 mode=two_boundary conf=0.53
20:48:13 [INFO] f=0995 t=9.7ms offset=+0.3195 head=+8.37° drive=go      stop_sign=F lane_mode=two_boundary imu_n=0 yaw=+0.0°/s
20:48:13 [INFO] [R0 T0 O0 D0 A0] f=0996 [INTERSECTION] edge_ratio=0.92 > 0.25 — would trigger
20:48:13 [INFO] [R0 T0 O0 D0 A0] f=0996 TAGS=pole_misclassified(x5) wall_edge_detected(x2) offset=+0.4299 mode=two_boundary conf=0.53
20:48:13 [INFO] f=0996 t=19.1ms offset=+0.3302 head=+8.90° drive=go      stop_sign=F lane_mode=two_boundary imu_n=0 yaw=+0.0°/s
20:48:13 [INFO] [R0 T0 O0 D0 A0] f=0997 [INTERSECTION] edge_ratio=0.38 > 0.25 — would trigger
20:48:13 [INFO] [R0 T0 O0 D0 A0] f=0997 TAGS=pole_misclassified(x5) wall_edge_detected(x2) dashed_reject_center(x1) offset=+0.1259 mode=two_boundary conf=0.52
20:48:13 [INFO] f=0997 t=14.4ms offset=+0.3371 head=+9.33° drive=go      stop_sign=F lane_mode=two_boundary imu_n=0 yaw=+0.0°/s
20:48:13 [INFO] [R0 T0 O0 D0 A0] f=0998 TAGS=pole_misclassified(x3) wall_edge_detected(x1) dashed_reject_center(x1) offset=+0.0056 mode=two_boundary conf=0.53
20:48:13 [INFO] f=0998 t=19.9ms offset=+0.3192 head=+9.41° drive=go      stop_sign=F lane_mode=two_boundary imu_n=0 yaw=+0.0°/s
20:48:13 [INFO] [R0 T0 O0 D0 A0] f=0999 TAGS=pole_misclassified(x4) wall_edge_detected(x1) offset=+0.0909 mode=two_boundary conf=0.46
20:48:13 [INFO] f=0999 t=15.0ms offset=+0.3251 head=+9.53° drive=go      stop_sign=F lane_mode=two_boundary imu_n=0 yaw=+0.0°/s
20:48:13 [INFO] [R0 T0 O0 D0 A0] f=1000 TAGS=pole_misclassified(x3) wall_edge_detected(x2) dashed_reject_center(x1) offset=+0.8021 mode=two_boundary conf=0.51
20:48:13 [INFO] f=1000 t=11.2ms offset=+0.3338 head=+9.70° drive=go      stop_sign=F lane_mode=two_boundary imu_n=0 yaw=+0.0°/s
20:48:13 [INFO] [R0 T0 O0 D0 A0] f=1001 TAGS=pole_misclassified(x6) wall_edge_detected(x2) dashed_reject_center(x1) offset=+0.4992 mode=two_boundary conf=0.52
20:48:13 [INFO] f=1001 t=14.7ms offset=+0.3338 head=+9.70° drive=go      stop_sign=F lane_mode=two_boundary imu_n=0 yaw=+0.0°/s
20:48:13 [INFO] [R0 T0 O0 D0 A0] f=1002 TAGS=pole_misclassified(x5) wall_edge_detected(x2) dashed_reject_center(x1) offset=+0.4739 mode=two_boundary conf=0.51
20:48:13 [INFO] f=1002 t=18.5ms offset=+0.3913 head=+10.41° drive=go      stop_sign=F lane_mode=two_boundary imu_n=0 yaw=+0.0°/s
20:48:14 [INFO] [R0 T0 O0 D0 A0] f=1003 TAGS=pole_misclassified(x6) wall_edge_detected(x1) dashed_reject_center(x1) offset=+0.2169 mode=two_boundary conf=0.57
20:48:14 [INFO] f=1003 t=16.9ms offset=+0.3895 head=+10.86° drive=go      stop_sign=F lane_mode=two_boundary imu_n=0 yaw=+0.0°/s
20:48:14 [INFO] [R0 T0 O0 D0 A0] f=1004 TAGS=pole_misclassified(x2) wall_edge_detected(x1) offset=+0.3382 mode=two_boundary conf=0.54
20:48:14 [INFO] f=1004 t=16.8ms offset=+0.4300 head=+11.57° drive=go      stop_sign=F lane_mode=two_boundary imu_n=0 yaw=+0.0°/s
20:48:14 [INFO] [R0 T0 O0 D0 A0] f=1005 TAGS=pole_misclassified(x7) wall_edge_detected(x3) offset=+0.0539 mode=two_boundary conf=0.42
20:48:14 [INFO] f=1005 t=9.7ms offset=+0.4468 head=+12.21° drive=go      stop_sign=F lane_mode=two_boundary imu_n=0 yaw=+0.0°/s
20:48:14 [INFO] [R0 T0 O0 D0 A0] f=1006 TAGS=pole_misclassified(x3) wall_edge_detected(x1) dashed_reject_center(x1) offset=-0.2043 mode=two_boundary conf=0.52
20:48:14 [INFO] f=1006 t=12.5ms offset=+0.4002 head=+12.14° drive=go      stop_sign=F lane_mode=two_boundary imu_n=0 yaw=+0.0°/s
20:48:14 [INFO] [R0 T0 O0 D0 A0] f=1007 TAGS=pole_misclassified(x2) wall_edge_detected(x1) dashed_reject_center(x1) offset=+0.3302 mode=two_boundary conf=0.56
20:48:14 [INFO] f=1007 t=10.3ms offset=+0.4742 head=+12.87° drive=go      stop_sign=F lane_mode=two_boundary imu_n=0 yaw=+0.0°/s
20:48:14 [INFO] [R0 T0 O0 D0 A0] f=1008 [INTERSECTION] edge_ratio=0.31 > 0.25 — would trigger
20:48:14 [INFO] [R0 T0 O0 D0 A0] f=1008 TAGS=pole_misclassified(x4) dashed_reject_center(x3) offset=+0.0365 mode=two_boundary conf=0.53
20:48:14 [INFO] f=1008 t=17.8ms offset=+0.3777 head=+12.33° drive=go      stop_sign=F lane_mode=two_boundary imu_n=0 yaw=+0.0°/s
20:48:14 [INFO] [R0 T0 O0 D0 A0] f=1009 TAGS=pole_misclassified(x5) wall_edge_detected(x1) dashed_reject_center(x1) offset=+0.2034 mode=two_boundary conf=0.55
20:48:14 [INFO] f=1009 t=18.9ms offset=+0.3878 head=+12.09° drive=go      stop_sign=F lane_mode=two_boundary imu_n=0 yaw=+0.0°/s
20:48:14 [INFO] [R0 T0 O0 D0 A0] f=1010 [INTERSECTION] edge_ratio=0.36 > 0.25 — would trigger
20:48:14 [INFO] [R0 T0 O0 D0 A0] f=1010 TAGS=pole_misclassified(x6) wall_edge_detected(x3) dashed_reject_center(x4) offset=+0.3418 mode=two_boundary conf=0.50
20:48:14 [INFO] f=1010 t=15.6ms offset=+0.3918 head=+11.97° drive=go      stop_sign=F lane_mode=two_boundary imu_n=0 yaw=+0.0°/s
20:48:14 [INFO] [R0 T0 O0 D0 A0] f=1011 [INTERSECTION] edge_ratio=0.34 > 0.25 — would trigger
20:48:14 [INFO] [R0 T0 O0 D0 A0] f=1011 TAGS=pole_misclassified(x4) wall_edge_detected(x2) dashed_reject_center(x2) offset=+0.3312 mode=two_boundary conf=0.55
20:48:14 [INFO] f=1011 t=9.8ms offset=+0.3823 head=+11.79° drive=go      stop_sign=F lane_mode=two_boundary imu_n=0 yaw=+0.0°/s
20:48:14 [INFO] [R0 T0 O0 D0 A0] f=1012 [INTERSECTION] edge_ratio=0.52 > 0.25 — would trigger
20:48:14 [INFO] [R0 T0 O0 D0 A0] f=1012 TAGS=pole_misclassified(x5) wall_edge_detected(x2) dashed_reject_center(x1) offset=+0.3137 mode=two_boundary conf=0.55
20:48:14 [INFO] f=1012 t=9.8ms offset=+0.4145 head=+12.02° drive=go      stop_sign=F lane_mode=two_boundary imu_n=0 yaw=+0.0°/s
20:48:14 [INFO] [R0 T0 O0 D0 A0] f=1013 [INTERSECTION] edge_ratio=0.81 > 0.25 — would trigger
20:48:14 [INFO] [R0 T0 O0 D0 A0] f=1013 TAGS=pole_misclassified(x4) wall_edge_detected(x2) dashed_reject_center(x1) offset=+0.2050 mode=two_boundary conf=0.54
20:48:14 [INFO] f=1013 t=14.6ms offset=+0.4713 head=+12.76° drive=go      stop_sign=F lane_mode=two_boundary imu_n=0 yaw=+0.0°/s
20:48:14 [INFO] [R0 T0 O0 D0 A0] f=1014 [INTERSECTION] edge_ratio=1.12 > 0.25 — would trigger
20:48:14 [INFO] [R0 T0 O0 D0 A0] f=1014 TAGS=pole_misclassified(x3) wall_edge_detected(x1) dashed_reject_center(x2) offset=+0.1623 mode=two_boundary conf=0.54
20:48:14 [INFO] f=1014 t=19.4ms offset=+0.4726 head=+13.26° drive=go      stop_sign=F lane_mode=two_boundary imu_n=0 yaw=+0.0°/s
20:48:14 [INFO] [R0 T0 O0 D0 A0] f=1015 [INTERSECTION] edge_ratio=0.34 > 0.25 — would trigger
20:48:14 [INFO] [R0 T0 O0 D0 A0] f=1015 TAGS=pole_misclassified(x4) dashed_reject_center(x1) offset=+0.3265 mode=two_boundary conf=0.50
20:48:14 [INFO] f=1015 t=12.7ms offset=+0.5458 head=+14.35° drive=go      stop_sign=F lane_mode=two_boundary imu_n=0 yaw=+0.0°/s
20:48:14 [INFO] [R0 T0 O0 D0 A0] f=1016 [INTERSECTION] edge_ratio=0.46 > 0.25 — would trigger
20:48:14 [INFO] [R0 T0 O0 D0 A0] f=1016 TAGS=pole_misclassified(x3) dashed_reject_center(x2) offset=-0.0110 mode=two_boundary conf=0.61
20:48:14 [INFO] f=1016 t=23.4ms offset=+0.5458 head=+14.35° drive=go      stop_sign=F lane_mode=two_boundary imu_n=0 yaw=+0.0°/s
20:48:14 [INFO] [R0 T0 O0 D0 A0] f=1017 TAGS=pole_misclassified(x10) wall_edge_detected(x1) dashed_reject_center(x3) offset=-0.0194 mode=two_boundary conf=0.57
20:48:14 [INFO] f=1017 t=11.0ms offset=+0.5196 head=+14.78° drive=go      stop_sign=F lane_mode=two_boundary imu_n=0 yaw=+0.0°/s
20:48:14 [INFO] [R0 T0 O0 D0 A0] f=1018 TAGS=pole_misclassified(x4) dashed_reject_center(x3) offset=-0.4167 mode=two_boundary conf=0.49
20:48:14 [INFO] f=1018 t=9.8ms offset=+0.5196 head=+14.78° drive=go      stop_sign=F lane_mode=two_boundary imu_n=0 yaw=+0.0°/s
20:48:14 [INFO] [R0 T0 O0 D0 A0] f=1019 TAGS=pole_misclassified(x4) wall_edge_detected(x1) dashed_reject_center(x2) offset=+0.6455 mode=two_boundary conf=0.57
20:48:14 [INFO] f=1019 t=8.9ms offset=+0.4618 head=+14.46° drive=go      stop_sign=F lane_mode=two_boundary imu_n=0 yaw=+0.0°/s
20:48:14 [INFO] [R0 T0 O0 D0 A0] f=1020 TAGS=pole_misclassified(x2) dashed_reject_center(x1) offset=-0.1799 mode=two_boundary conf=0.56
20:48:14 [INFO] f=1020 t=17.2ms offset=+0.4173 head=+13.78° drive=go      stop_sign=F lane_mode=two_boundary imu_n=0 yaw=+0.0°/s
20:48:14 [INFO] [R0 T0 O0 D0 A0] f=1021 TAGS=pole_misclassified(x3) wall_edge_detected(x1) offset=-0.3821 mode=two_boundary conf=0.49
20:48:14 [INFO] f=1021 t=12.4ms offset=+0.3597 head=+12.73° drive=go      stop_sign=F lane_mode=two_boundary imu_n=0 yaw=+0.0°/s
20:48:14 [INFO] [R0 T0 O0 D0 A0] f=1022 TAGS=pole_misclassified(x3) wall_edge_detected(x1) dashed_reject_center(x1) offset=-0.4321 mode=two_boundary conf=0.57
20:48:14 [INFO] f=1022 t=18.3ms offset=+0.3597 head=+12.73° drive=go      stop_sign=F lane_mode=two_boundary imu_n=0 yaw=+0.0°/s
20:48:14 [INFO] [R0 T0 O0 D0 A0] f=1023 TAGS=pole_misclassified(x3) wall_edge_detected(x2) offset=-0.0466 mode=two_boundary conf=0.57
20:48:14 [INFO] f=1023 t=16.7ms offset=+0.3073 head=+11.50° drive=go      stop_sign=F lane_mode=two_boundary imu_n=0 yaw=+0.0°/s
20:48:14 [INFO] [R0 T0 O0 D0 A0] f=1024 TAGS=pole_misclassified(x4) wall_edge_detected(x1) offset=-0.2846 mode=two_boundary conf=0.57
20:48:14 [INFO] f=1024 t=21.0ms offset=+0.3073 head=+11.50° drive=go      stop_sign=F lane_mode=two_boundary imu_n=0 yaw=+0.0°/s
20:48:14 [INFO] [R0 T0 O0 D0 A0] f=1025 TAGS=pole_misclassified(x6) wall_edge_detected(x1) offset=+0.0130 mode=two_boundary conf=0.53
20:48:14 [INFO] f=1025 t=9.1ms offset=+0.2302 head=+9.89° drive=go      stop_sign=F lane_mode=two_boundary imu_n=0 yaw=+0.0°/s
20:48:14 [INFO] [R0 T0 O0 D0 A0] f=1026 TAGS=pole_misclassified(x4) wall_edge_detected(x1) offset=+0.1436 mode=two_boundary conf=0.55
20:48:14 [INFO] f=1026 t=16.9ms offset=+0.2302 head=+9.89° drive=go      stop_sign=F lane_mode=two_boundary imu_n=0 yaw=+0.0°/s
20:48:14 [INFO] [R0 T0 O0 D0 A0] f=1027 TAGS=pole_misclassified(x7) wall_edge_detected(x1) offset=+0.0434 mode=two_boundary conf=0.51
20:48:14 [INFO] f=1027 t=14.8ms offset=+0.2668 head=+9.23° drive=go      stop_sign=F lane_mode=two_boundary imu_n=0 yaw=+0.0°/s
20:48:14 [INFO] [R0 T0 O0 D0 A0] f=1028 TAGS=pole_misclassified(x2) offset=+0.0092 mode=two_boundary conf=0.51
20:48:14 [INFO] f=1028 t=9.3ms offset=+0.2425 head=+8.55° drive=go      stop_sign=F lane_mode=two_boundary imu_n=0 yaw=+0.0°/s
20:48:14 [INFO] [R0 T0 O0 D0 A0] f=1029 TAGS=pole_misclassified(x3) offset=+0.1391 mode=two_boundary conf=0.44
20:48:14 [INFO] f=1029 t=14.5ms offset=+0.3243 head=+8.96° drive=go      stop_sign=F lane_mode=two_boundary imu_n=0 yaw=+0.0°/s
20:48:14 [INFO] [R0 T0 O0 D0 A0] f=1030 TAGS=pole_misclassified(x3) wall_edge_detected(x1) offset=+0.0287 mode=two_boundary conf=0.59
20:48:14 [INFO] f=1030 t=17.8ms offset=+0.3333 head=+9.32° drive=go      stop_sign=F lane_mode=two_boundary imu_n=0 yaw=+0.0°/s
20:48:14 [INFO] [R0 T0 O0 D0 A0] f=1031 TAGS=pole_misclassified(x4) wall_edge_detected(x1) offset=-0.0282 mode=two_boundary conf=0.56
20:48:14 [INFO] f=1031 t=9.9ms offset=+0.3282 head=+9.51° drive=go      stop_sign=F lane_mode=two_boundary imu_n=0 yaw=+0.0°/s
20:48:14 [INFO] [R0 T0 O0 D0 A0] f=1032 TAGS=pole_misclassified(x6) offset=+0.2548 mode=two_boundary conf=0.60
20:48:14 [INFO] f=1032 t=19.3ms offset=+0.3760 head=+10.13° drive=go      stop_sign=F lane_mode=two_boundary imu_n=0 yaw=+0.0°/s
20:48:14 [INFO] [R0 T0 O0 D0 A0] f=1033 [INTERSECTION] edge_ratio=0.30 > 0.25 — would trigger
20:48:14 [INFO] [R0 T0 O0 D0 A0] f=1033 TAGS=pole_misclassified(x5) wall_edge_detected(x1) offset=+0.2485 mode=two_boundary conf=0.54
20:48:14 [INFO] f=1033 t=16.6ms offset=+0.3747 head=+10.52° drive=go      stop_sign=F lane_mode=two_boundary imu_n=0 yaw=+0.0°/s
20:48:14 [INFO] [R0 T0 O0 D0 A0] f=1034 TAGS=pole_misclassified(x9) wall_edge_detected(x1) dashed_reject_center(x1) offset=+0.1060 mode=two_boundary conf=0.55
20:48:14 [INFO] f=1034 t=10.1ms offset=+0.4548 head=+11.61° drive=go      stop_sign=F lane_mode=two_boundary imu_n=0 yaw=+0.0°/s
20:48:14 [INFO] [R0 T0 O0 D0 A0] f=1035 TAGS=pole_misclassified(x8) wall_edge_detected(x2) offset=+0.0465 mode=two_boundary conf=0.52
20:48:14 [INFO] f=1035 t=14.6ms offset=+0.5001 head=+12.80° drive=go      stop_sign=F lane_mode=two_boundary imu_n=0 yaw=+0.0°/s
20:48:14 [INFO] [R0 T0 O0 D0 A0] f=1036 [INTERSECTION] edge_ratio=0.34 > 0.25 — would trigger
20:48:14 [INFO] [R0 T0 O0 D0 A0] f=1036 TAGS=pole_misclassified(x9) wall_edge_detected(x1) dashed_reject_center(x1) offset=+0.0786 mode=two_boundary conf=0.54
20:48:14 [INFO] f=1036 t=10.2ms offset=+0.4528 head=+13.07° drive=go      stop_sign=F lane_mode=two_boundary imu_n=0 yaw=+0.0°/s
20:48:14 [INFO] [R0 T0 O0 D0 A0] f=1037 TAGS=pole_misclassified(x6) wall_edge_detected(x2) dashed_reject_center(x2) offset=+0.3132 mode=two_boundary conf=0.44
20:48:14 [INFO] f=1037 t=10.8ms offset=+0.4892 head=+13.63° drive=go      stop_sign=F lane_mode=two_boundary imu_n=0 yaw=+0.0°/s
20:48:14 [INFO] [R0 T0 O0 D0 A0] f=1038 [INTERSECTION] edge_ratio=0.35 > 0.25 — would trigger
20:48:14 [INFO] [R0 T0 O0 D0 A0] f=1038 TAGS=pole_misclassified(x8) wall_edge_detected(x2) dashed_reject_center(x2) offset=+0.3029 mode=two_boundary conf=0.45
20:48:14 [INFO] f=1038 t=19.5ms offset=+0.4712 head=+13.81° drive=go      stop_sign=F lane_mode=two_boundary imu_n=0 yaw=+0.0°/s
20:48:14 [INFO] [R0 T0 O0 D0 A0] f=1039 TAGS=pole_misclassified(x12) wall_edge_detected(x1) dashed_reject_center(x2) offset=-0.0265 mode=two_boundary conf=0.54
20:48:14 [INFO] f=1039 t=16.9ms offset=+0.4793 head=+14.01° drive=go      stop_sign=F lane_mode=two_boundary imu_n=0 yaw=+0.0°/s
20:48:14 [INFO] [R0 T0 O0 D0 A0] f=1040 [INTERSECTION] edge_ratio=0.34 > 0.25 — would trigger
20:48:14 [INFO] [R0 T0 O0 D0 A0] f=1040 TAGS=pole_misclassified(x6) wall_edge_detected(x1) dashed_reject_center(x2) offset=-0.0235 mode=two_boundary conf=0.53
20:48:14 [INFO] f=1040 t=14.3ms offset=+0.5232 head=+14.60° drive=go      stop_sign=F lane_mode=two_boundary imu_n=0 yaw=+0.0°/s
20:48:14 [INFO] [R0 T0 O0 D0 A0] f=1041 TAGS=pole_misclassified(x4) wall_edge_detected(x1) dashed_reject_center(x3) offset=+0.1791 mode=two_boundary conf=0.55
20:48:14 [INFO] f=1041 t=10.4ms offset=+0.5474 head=+15.24° drive=go      stop_sign=F lane_mode=two_boundary imu_n=0 yaw=+0.0°/s
20:48:14 [INFO] [R0 T0 O0 D0 A0] f=1042 TAGS=pole_misclassified(x8) wall_edge_detected(x1) dashed_reject_center(x2) offset=+0.1617 mode=two_boundary conf=0.54
20:48:14 [INFO] f=1042 t=23.9ms offset=+0.5246 head=+15.41° drive=go      stop_sign=F lane_mode=two_boundary imu_n=0 yaw=+0.0°/s
20:48:14 [INFO] [R0 T0 O0 D0 A0] f=1043 TAGS=pole_misclassified(x6) wall_edge_detected(x1) dashed_reject_center(x2) offset=+0.1163 mode=two_boundary conf=0.54
20:48:14 [INFO] f=1043 t=22.0ms offset=+0.4786 head=+15.04° drive=go      stop_sign=F lane_mode=two_boundary imu_n=0 yaw=+0.0°/s
20:48:14 [INFO] [R0 T0 O0 D0 A0] f=1044 TAGS=pole_misclassified(x7) wall_edge_detected(x1) dashed_reject_center(x2) offset=-0.0352 mode=two_boundary conf=0.49
20:48:14 [INFO] f=1044 t=15.7ms offset=+0.4595 head=+14.60° drive=go      stop_sign=F lane_mode=two_boundary imu_n=0 yaw=+0.0°/s
20:48:14 [INFO] [R0 T0 O0 D0 A0] f=1045 TAGS=pole_misclassified(x8) offset=-0.0350 mode=two_boundary conf=0.59
20:48:14 [INFO] f=1045 t=10.3ms offset=+0.4998 head=+14.74° drive=go      stop_sign=F lane_mode=two_boundary imu_n=0 yaw=+0.0°/s
20:48:14 [INFO] [R0 T0 O0 D0 A0] f=1046 TAGS=pole_misclassified(x8) wall_edge_detected(x1) dashed_reject_center(x1) offset=+0.2172 mode=two_boundary conf=0.57
20:48:14 [INFO] f=1046 t=10.2ms offset=+0.5440 head=+15.29° drive=go      stop_sign=F lane_mode=two_boundary imu_n=0 yaw=+0.0°/s
20:48:14 [INFO] [R0 T0 O0 D0 A0] f=1047 TAGS=pole_misclassified(x5) dashed_reject_center(x1) offset=+0.4335 mode=two_boundary conf=0.59
20:48:14 [INFO] f=1047 t=12.9ms offset=+0.5555 head=+15.77° drive=go      stop_sign=F lane_mode=two_boundary imu_n=0 yaw=+0.0°/s
20:48:14 [INFO] [R0 T0 O0 D0 A0] f=1048 TAGS=pole_misclassified(x6) dashed_reject_center(x3) offset=+0.2000 mode=two_boundary conf=0.62
20:48:14 [INFO] f=1048 t=22.4ms offset=+0.5387 head=+15.91° drive=go      stop_sign=F lane_mode=two_boundary imu_n=0 yaw=+0.0°/s
20:48:14 [INFO] [R0 T0 O0 D0 A0] f=1049 TAGS=pole_misclassified(x7) wall_edge_detected(x2) dashed_reject_center(x4) offset=+0.0525 mode=two_boundary conf=0.57
20:48:14 [INFO] f=1049 t=45.7ms offset=+0.4776 head=+15.36° drive=go      stop_sign=F lane_mode=two_boundary imu_n=0 yaw=+0.0°/s
20:48:14 [INFO] [R0 T0 O0 D0 A0] f=1050 TAGS=pole_misclassified(x7) dashed_reject_center(x2) offset=-0.0837 mode=two_boundary conf=0.50
20:48:14 [INFO] f=1050 t=19.0ms offset=+0.4776 head=+15.36° drive=go      stop_sign=F lane_mode=two_boundary imu_n=0 yaw=+0.0°/s
20:48:14 [INFO] [R0 T0 O0 D0 A0] f=1051 TAGS=pole_misclassified(x3) dashed_reject_center(x5) offset=+0.7940 mode=two_boundary conf=0.60
20:48:14 [INFO] f=1051 t=24.8ms offset=+0.5072 head=+15.31° drive=go      stop_sign=F lane_mode=two_boundary imu_n=0 yaw=+0.0°/s
20:48:14 [INFO] [R0 T0 O0 D0 A0] f=1052 TAGS=pole_misclassified(x11) wall_edge_detected(x1) dashed_reject_center(x2) offset=+0.1440 mode=two_boundary conf=0.55
20:48:14 [INFO] f=1052 t=28.1ms offset=+0.5131 head=+15.34° drive=go      stop_sign=F lane_mode=two_boundary imu_n=0 yaw=+0.0°/s
20:48:15 [INFO] [R0 T0 O0 D0 A0] f=1053 TAGS=pole_misclassified(x6) dashed_reject_center(x5) offset=-0.1769 mode=two_boundary conf=0.58
20:48:15 [INFO] f=1053 t=26.1ms offset=+0.5021 head=+15.24° drive=go      stop_sign=F lane_mode=two_boundary imu_n=0 yaw=+0.0°/s
20:48:15 [INFO] [R0 T0 O0 D0 A0] f=1054 TAGS=pole_misclassified(x9) wall_edge_detected(x1) dashed_reject_center(x8) offset=-0.0959 mode=two_boundary conf=0.55
20:48:15 [INFO] f=1054 t=25.6ms offset=+0.4239 head=+14.36° drive=go      stop_sign=F lane_mode=two_boundary imu_n=0 yaw=+0.0°/s
20:48:15 [INFO] [R0 T0 O0 D0 A0] f=1055 TAGS=pole_misclassified(x6) dashed_reject_center(x7) offset=-0.0079 mode=two_boundary conf=0.54
20:48:15 [INFO] f=1055 t=19.0ms offset=+0.4365 head=+13.92° drive=go      stop_sign=F lane_mode=two_boundary imu_n=0 yaw=+0.0°/s
20:48:15 [INFO] [R0 T0 O0 D0 A0] f=1056 TAGS=pole_misclassified(x10) dashed_reject_center(x5) offset=-0.0162 mode=two_boundary conf=0.48
20:48:15 [INFO] f=1056 t=14.9ms offset=+0.3730 head=+12.96° drive=go      stop_sign=F lane_mode=two_boundary imu_n=0 yaw=+0.0°/s
20:48:15 [INFO] [R0 T0 O0 D0 A0] f=1057 TAGS=pole_misclassified(x9) wall_edge_detected(x1) dashed_reject_center(x6) offset=-0.0334 mode=two_boundary conf=0.58
20:48:15 [INFO] f=1057 t=28.5ms offset=+0.3301 head=+11.89° drive=go      stop_sign=F lane_mode=two_boundary imu_n=0 yaw=+0.0°/s
20:48:15 [INFO] [R0 T0 O0 D0 A0] f=1058 TAGS=pole_misclassified(x10) wall_edge_detected(x1) dashed_reject_center(x7) offset=-0.0993 mode=two_boundary conf=0.57
20:48:15 [INFO] f=1058 t=28.6ms offset=+0.3120 head=+11.01° drive=go      stop_sign=F lane_mode=two_boundary imu_n=0 yaw=+0.0°/s
20:48:15 [INFO] [R0 T0 O0 D0 A0] f=1059 TAGS=pole_misclassified(x10) wall_edge_detected(x5) dashed_reject_center(x7) offset=-0.1647 mode=two_boundary conf=0.57
20:48:15 [INFO] f=1059 t=16.9ms offset=+0.2654 head=+9.94° drive=go      stop_sign=F lane_mode=two_boundary imu_n=0 yaw=+0.0°/s
20:48:15 [INFO] [R0 T0 O0 D0 A0] f=1060 [INTERSECTION] edge_ratio=0.29 > 0.25 — would trigger
20:48:15 [INFO] [R0 T0 O0 D0 A0] f=1060 TAGS=pole_misclassified(x10) wall_edge_detected(x4) dashed_reject_center(x10) offset=+0.0208 mode=two_boundary conf=0.44
20:48:15 [INFO] f=1060 t=11.2ms offset=+0.2908 head=+9.52° drive=go      stop_sign=F lane_mode=two_boundary imu_n=0 yaw=+0.0°/s
20:48:15 [INFO] [R0 T0 O0 D0 A0] f=1061 [INTERSECTION] edge_ratio=0.43 > 0.25 — would trigger
20:48:15 [INFO] [R0 T0 O0 D0 A0] f=1061 TAGS=pole_misclassified(x6) wall_edge_detected(x5) dashed_reject_center(x6) offset=+0.2122 mode=two_boundary conf=0.52
20:48:15 [INFO] f=1061 t=16.2ms offset=+0.3932 head=+10.31° drive=go      stop_sign=F lane_mode=two_boundary imu_n=0 yaw=+0.0°/s
20:48:15 [INFO] [R0 T0 O0 D0 A0] f=1062 TAGS=pole_misclassified(x12) wall_edge_detected(x4) dashed_reject_center(x5) offset=+0.3931 mode=two_boundary conf=0.53
20:48:15 [INFO] f=1062 t=10.1ms offset=+0.4198 head=+11.11° drive=go      stop_sign=F lane_mode=two_boundary imu_n=0 yaw=+0.0°/s
20:48:15 [INFO] [R0 T0 O0 D0 A0] f=1063 TAGS=pole_misclassified(x6) wall_edge_detected(x3) dashed_reject_center(x5) offset=+0.1123 mode=two_boundary conf=0.54
20:48:15 [INFO] f=1063 t=10.2ms offset=+0.4459 head=+11.90° drive=go      stop_sign=F lane_mode=two_boundary imu_n=0 yaw=+0.0°/s
20:48:15 [INFO] [R0 T0 O0 D0 A0] f=1064 TAGS=pole_misclassified(x7) wall_edge_detected(x1) dashed_reject_center(x6) offset=+0.2289 mode=two_boundary conf=0.47
20:48:15 [INFO] f=1064 t=9.4ms offset=+0.4753 head=+12.73° drive=go      stop_sign=F lane_mode=two_boundary imu_n=0 yaw=+0.0°/s
20:48:15 [INFO] [R0 T0 O0 D0 A0] f=1065 TAGS=pole_misclassified(x9) wall_edge_detected(x1) dashed_reject_center(x4) offset=+0.0946 mode=two_boundary conf=0.53
20:48:15 [INFO] f=1065 t=10.8ms offset=+0.4125 head=+12.61° drive=go      stop_sign=F lane_mode=two_boundary imu_n=0 yaw=+0.0°/s
20:48:15 [INFO] [R0 T0 O0 D0 A0] f=1066 TAGS=pole_misclassified(x10) wall_edge_detected(x2) dashed_reject_center(x5) offset=-0.0065 mode=two_boundary conf=0.51
20:48:15 [INFO] f=1066 t=18.0ms offset=+0.3664 head=+12.04° drive=go      stop_sign=F lane_mode=two_boundary imu_n=0 yaw=+0.0°/s
20:48:15 [INFO] [R0 T0 O0 D0 A0] f=1067 TAGS=pole_misclassified(x9) wall_edge_detected(x1) dashed_reject_center(x4) offset=+0.2496 mode=two_boundary conf=0.55
20:48:15 [INFO] f=1067 t=15.7ms offset=+0.3575 head=+11.58° drive=go      stop_sign=F lane_mode=two_boundary imu_n=0 yaw=+0.0°/s
20:48:15 [INFO] [R0 T0 O0 D0 A0] f=1068 TAGS=pole_misclassified(x5) wall_edge_detected(x2) dashed_reject_center(x4) offset=-0.4462 mode=two_boundary conf=0.41
20:48:15 [INFO] f=1068 t=14.8ms offset=+0.3167 head=+10.85° drive=go      stop_sign=F lane_mode=two_boundary imu_n=0 yaw=+0.0°/s
20:48:15 [INFO] [R0 T0 O0 D0 A0] f=1069 TAGS=pole_misclassified(x6) dashed_reject_center(x4) offset=+0.0653 mode=two_boundary conf=0.51
20:48:15 [INFO] f=1069 t=16.0ms offset=+0.2844 head=+10.04° drive=go      stop_sign=F lane_mode=two_boundary imu_n=0 yaw=+0.0°/s
20:48:15 [INFO] [R0 T0 O0 D0 A0] f=1070 TAGS=pole_misclassified(x7) dashed_reject_center(x5) offset=+0.0485 mode=two_boundary conf=0.52
20:48:15 [INFO] f=1070 t=14.5ms offset=+0.2872 head=+9.54° drive=go      stop_sign=F lane_mode=two_boundary imu_n=0 yaw=+0.0°/s
20:48:15 [INFO] [R0 T0 O0 D0 A0] f=1071 TAGS=pole_misclassified(x2) wall_edge_detected(x2) dashed_reject_center(x5) offset=+0.4124 mode=two_boundary conf=0.53
20:48:15 [INFO] f=1071 t=10.8ms offset=+0.2872 head=+9.54° drive=go      stop_sign=F lane_mode=two_boundary imu_n=0 yaw=+0.0°/s
20:48:15 [INFO] [R0 T0 O0 D0 A0] f=1072 TAGS=pole_misclassified(x4) wall_edge_detected(x2) dashed_reject_center(x6) offset=+0.2405 mode=two_boundary conf=0.35
20:48:15 [INFO] f=1072 t=13.1ms offset=+0.2635 head=+8.97° drive=go      stop_sign=F lane_mode=two_boundary imu_n=0 yaw=+0.0°/s
20:48:15 [INFO] [R0 T0 O0 D0 A0] f=1073 TAGS=pole_misclassified(x2) wall_edge_detected(x1) dashed_reject_center(x6) offset=-0.2934 mode=two_boundary conf=0.53
20:48:15 [INFO] f=1073 t=9.8ms offset=+0.2635 head=+8.97° drive=go      stop_sign=F lane_mode=two_boundary imu_n=0 yaw=+0.0°/s
20:48:15 [INFO] [R0 T0 O0 D0 A0] f=1074 TAGS=pole_misclassified(x4) wall_edge_detected(x1) dashed_reject_center(x4) offset=-0.0992 mode=two_boundary conf=0.53
20:48:15 [INFO] f=1074 t=7.8ms offset=+0.2635 head=+8.97° drive=go      stop_sign=F lane_mode=two_boundary imu_n=0 yaw=+0.0°/s
20:48:15 [INFO] [R0 T0 O0 D0 A0] f=1075 TAGS=pole_misclassified(x4) wall_edge_detected(x2) dashed_reject_center(x5) offset=-0.1988 mode=two_boundary conf=0.52
20:48:15 [INFO] f=1075 t=20.5ms offset=+0.3481 head=+9.48° drive=go      stop_sign=F lane_mode=two_boundary imu_n=0 yaw=+0.0°/s
20:48:15 [INFO] [R0 T0 O0 D0 A0] f=1076 TAGS=pole_misclassified(x3) wall_edge_detected(x1) dashed_reject_center(x3) offset=-0.0854 mode=two_boundary conf=0.45
20:48:15 [INFO] f=1076 t=11.3ms offset=+0.2985 head=+9.30° drive=go      stop_sign=F lane_mode=two_boundary imu_n=0 yaw=+0.0°/s
20:48:15 [INFO] [R0 T0 O0 D0 A0] f=1077 TAGS=pole_misclassified(x2) dashed_reject_center(x3) anchor_wrong_half offset=+0.5792 mode=width_rejected conf=0.53
20:48:15 [INFO] f=1077 t=15.7ms offset=+0.2673 head=+8.85° drive=go      stop_sign=F lane_mode=width_rejected imu_n=0 yaw=+0.0°/s
20:48:15 [INFO] [R0 T0 O0 D0 A0] f=1078 TAGS=pole_misclassified(x1) dashed_reject_center(x5) offset=+0.1260 mode=width_rejected conf=0.57
20:48:15 [INFO] f=1078 t=10.9ms offset=+0.2673 head=+8.85° drive=go      stop_sign=F lane_mode=width_rejected imu_n=0 yaw=+0.0°/s
20:48:15 [INFO] [R0 T0 O0 D0 A0] f=1079 TAGS=pole_misclassified(x2) dashed_reject_center(x5) dashed_line_dropped(raj=5) offset=+0.3542 mode=left_only conf=0.53
20:48:15 [INFO] f=1079 t=12.1ms offset=+0.2673 head=+8.85° drive=go      stop_sign=F lane_mode=left_only imu_n=0 yaw=+0.0°/s
20:48:15 [INFO] [R0 T0 O0 D0 A0] f=1080 TAGS=pole_misclassified(x1) dashed_reject_center(x2) offset=+0.0158 mode=two_boundary conf=0.55
20:48:15 [INFO] f=1080 t=19.1ms offset=+0.2673 head=+8.85° drive=go      stop_sign=F lane_mode=two_boundary imu_n=0 yaw=+0.0°/s
20:48:15 [INFO] [R0 T0 O0 D0 A0] f=1081 TAGS=pole_misclassified(x2) dashed_reject_center(x4) offset=+0.0046 mode=two_boundary conf=0.55
20:48:15 [INFO] f=1081 t=12.6ms offset=+0.2673 head=+8.85° drive=go      stop_sign=F lane_mode=two_boundary imu_n=0 yaw=+0.0°/s
20:48:15 [INFO] [R0 T0 O0 D0 A0] f=1082 TAGS=pole_misclassified(x3) dashed_reject_center(x4) offset=+0.3275 mode=two_boundary conf=0.49
20:48:15 [INFO] f=1082 t=13.0ms offset=+0.2934 head=+8.83° drive=go      stop_sign=F lane_mode=two_boundary imu_n=0 yaw=+0.0°/s
20:48:15 [INFO] [R0 T0 O0 D0 A0] f=1083 TAGS=pole_misclassified(x2) wall_edge_detected(x1) dashed_reject_center(x4) anchor_wrong_half offset=+0.5938 mode=width_rejected conf=0.53
20:48:15 [INFO] f=1083 t=15.2ms offset=+0.2934 head=+8.83° drive=go      stop_sign=F lane_mode=width_rejected imu_n=0 yaw=+0.0°/s
20:48:15 [INFO] [R0 T0 O0 D0 A0] f=1084 TAGS=pole_misclassified(x4) wall_edge_detected(x1) dashed_reject_center(x4) offset=-0.6527 mode=two_boundary conf=0.44
20:48:15 [INFO] f=1084 t=17.3ms offset=+0.2076 head=+7.92° drive=go      stop_sign=F lane_mode=two_boundary imu_n=0 yaw=+0.0°/s
20:48:15 [INFO] [R0 T0 O0 D0 A0] f=1085 TAGS=pole_misclassified(x1) wall_edge_detected(x1) dashed_reject_center(x4) offset=+0.4120 mode=two_boundary conf=0.52
20:48:15 [INFO] f=1085 t=10.8ms offset=+0.2076 head=+7.92° drive=go      stop_sign=F lane_mode=two_boundary imu_n=0 yaw=+0.0°/s
20:48:15 [INFO] [R0 T0 O0 D0 A0] f=1086 TAGS=pole_misclassified(x2) wall_edge_detected(x1) dashed_reject_center(x5) dashed_line_dropped(raj=5) offset=+0.3604 mode=left_only conf=0.50
20:48:15 [INFO] f=1086 t=15.0ms offset=+0.2133 head=+7.39° drive=go      stop_sign=F lane_mode=left_only imu_n=0 yaw=+0.0°/s
20:48:15 [INFO] [R0 T0 O0 D0 A0] f=1087 TAGS=dashed_reject_center(x3) dashed_line_dropped(raj=3) offset=+0.0000 mode=none conf=0.00
20:48:15 [INFO] f=1087 t=32.9ms offset=+0.2133 head=+7.39° drive=go      stop_sign=F lane_mode=none imu_n=0 yaw=+0.0°/s
20:48:15 [INFO] [R0 T0 O0 D0 A0] f=1088 TAGS=pole_misclassified(x1) dashed_reject_center(x4) dashed_line_dropped(raj=4) offset=-0.7229 mode=right_only conf=0.55
20:48:15 [INFO] f=1088 t=12.8ms offset=+0.2133 head=+7.39° drive=go      stop_sign=F lane_mode=right_only imu_n=0 yaw=+0.0°/s
20:48:15 [INFO] [R0 T0 O0 D0 A0] f=1089 TAGS=dashed_reject_center(x2) offset=+0.0000 mode=none conf=0.00
20:48:15 [INFO] f=1089 t=15.6ms offset=+0.2133 head=+7.39° drive=go      stop_sign=F lane_mode=none imu_n=0 yaw=+0.0°/s
20:48:15 [INFO] [R0 T0 O0 D0 A0] f=1090 TAGS=dashed_reject_center(x2) offset=+0.0000 mode=none conf=0.00
20:48:15 [INFO] f=1090 t=12.2ms offset=+0.2133 head=+7.39° drive=go      stop_sign=F lane_mode=none imu_n=0 yaw=+0.0°/s
20:48:15 [INFO] [R0 T0 O0 D0 A0] f=1091 TAGS=pole_misclassified(x1) dashed_reject_center(x1) offset=+0.0146 mode=left_only conf=0.57
20:48:15 [INFO] f=1091 t=13.5ms offset=+0.2133 head=+7.39° drive=go      stop_sign=F lane_mode=left_only imu_n=0 yaw=+0.0°/s
20:48:15 [INFO] [R0 T0 O0 D0 A0] f=1092 TAGS=pole_misclassified(x1) wall_edge_detected(x1) dashed_reject_center(x3) dashed_line_dropped(raj=3) offset=+0.9167 mode=left_only conf=0.50
20:48:15 [INFO] f=1092 t=16.8ms offset=+0.2133 head=+7.39° drive=go      stop_sign=F lane_mode=left_only imu_n=0 yaw=+0.0°/s
20:48:15 [INFO] [R0 T0 O0 D0 A0] f=1093 TAGS=pole_misclassified(x2) wall_edge_detected(x1) dashed_reject_center(x2) offset=+0.0437 mode=left_only conf=0.56
20:48:15 [INFO] f=1093 t=16.3ms offset=+0.2133 head=+7.39° drive=go      stop_sign=F lane_mode=left_only imu_n=0 yaw=+0.0°/s
20:48:15 [INFO] [R0 T0 O0 D0 A0] f=1094 TAGS=pole_misclassified(x2) wall_edge_detected(x1) dashed_reject_center(x1) offset=+0.0375 mode=left_only conf=0.56
20:48:15 [INFO] f=1094 t=19.4ms offset=+0.2133 head=+7.39° drive=go      stop_sign=F lane_mode=left_only imu_n=0 yaw=+0.0°/s
20:48:15 [INFO] [R0 T0 O0 D0 A0] f=1095 TAGS=pole_misclassified(x1) wall_edge_detected(x1) dashed_reject_center(x1) offset=+0.0312 mode=left_only conf=0.56
20:48:15 [INFO] f=1095 t=12.1ms offset=+0.2573 head=+7.50° drive=go      stop_sign=F lane_mode=left_only imu_n=0 yaw=+0.0°/s
20:48:15 [INFO] [R0 T0 O0 D0 A0] f=1096 TAGS=pole_misclassified(x1) wall_edge_detected(x1) dashed_reject_center(x1) offset=+0.0271 mode=left_only conf=0.56
20:48:15 [INFO] f=1096 t=23.2ms offset=+0.2864 head=+7.88° drive=go      stop_sign=F lane_mode=left_only imu_n=0 yaw=+0.0°/s
20:48:15 [INFO] [R0 T0 O0 D0 A0] f=1097 TAGS=dashed_reject_center(x2) offset=+0.0000 mode=none conf=0.00
20:48:15 [INFO] f=1097 t=11.8ms offset=+0.2864 head=+7.88° drive=go      stop_sign=F lane_mode=none imu_n=0 yaw=+0.0°/s
20:48:15 [INFO] [R0 T0 O0 D0 A0] f=1098 TAGS=dashed_reject_center(x2) offset=+0.0000 mode=none conf=0.00
20:48:15 [INFO] f=1098 t=13.4ms offset=+0.2864 head=+7.88° drive=go      stop_sign=F lane_mode=none imu_n=0 yaw=+0.0°/s
20:48:15 [INFO] [R0 T0 O0 D0 A0] f=1099 TAGS=dashed_reject_center(x1) offset=+0.0000 mode=none conf=0.00
20:48:15 [INFO] f=1099 t=16.9ms offset=+0.2864 head=+7.88° drive=go      stop_sign=F lane_mode=none imu_n=0 yaw=+0.0°/s
20:48:15 [INFO] [R0 T0 O0 D0 A0] f=1100 TAGS=pole_misclassified(x2) wall_edge_detected(x1) offset=+0.0396 mode=left_only conf=0.56
20:48:15 [INFO] f=1100 t=13.7ms offset=+0.3038 head=+8.31° drive=go      stop_sign=F lane_mode=left_only imu_n=0 yaw=+0.0°/s
20:48:15 [INFO] [R0 T0 O0 D0 A0] f=1101 TAGS=pole_misclassified(x1) dashed_reject_center(x2) offset=+0.3042 mode=left_only conf=0.40
20:48:15 [INFO] f=1101 t=10.4ms offset=+0.2827 head=+8.37° drive=go      stop_sign=F lane_mode=left_only imu_n=0 yaw=+0.0°/s
20:48:15 [INFO] [R0 T0 O0 D0 A0] f=1102 TAGS=dashed_reject_center(x3) dashed_line_dropped(raj=3) offset=+0.0000 mode=none conf=0.00
20:48:15 [INFO] f=1102 t=14.5ms offset=+0.2827 head=+8.37° drive=go      stop_sign=F lane_mode=none imu_n=0 yaw=+0.0°/s
20:48:15 [INFO] [R0 T0 O0 D0 A0] f=1103 TAGS=pole_misclassified(x1) dashed_reject_center(x1) offset=-0.0542 mode=right_only conf=0.56
20:48:15 [INFO] f=1103 t=9.1ms offset=+0.2827 head=+8.37° drive=go      stop_sign=F lane_mode=right_only imu_n=0 yaw=+0.0°/s
20:48:15 [INFO] [R0 T0 O0 D0 A0] f=1104 TAGS=dashed_reject_center(x1) offset=+0.0000 mode=none conf=0.00
20:48:15 [INFO] f=1104 t=14.1ms offset=+0.2827 head=+8.37° drive=go      stop_sign=F lane_mode=none imu_n=0 yaw=+0.0°/s
20:48:16 [INFO] [R0 T0 O0 D0 A0] f=1105 TAGS=dashed_reject_center(x1) offset=+0.0000 mode=none conf=0.00
20:48:16 [INFO] f=1105 t=13.7ms offset=+0.2827 head=+8.37° drive=go      stop_sign=F lane_mode=none imu_n=0 yaw=+0.0°/s
20:48:16 [INFO] [R0 T0 O0 D0 A0] f=1106 TAGS=pole_misclassified(x1) wall_edge_detected(x1) dashed_reject_center(x3) dashed_line_dropped(raj=3) offset=+0.0000 mode=none conf=0.00
20:48:16 [INFO] f=1106 t=14.0ms offset=+0.2827 head=+8.37° drive=go      stop_sign=F lane_mode=none imu_n=0 yaw=+0.0°/s
20:48:16 [INFO] [R0 T0 O0 D0 A0] f=1107 TAGS=dashed_reject_center(x5) dashed_line_dropped(raj=5) offset=+0.0000 mode=none conf=0.00
20:48:16 [INFO] f=1107 t=7.4ms offset=+0.2827 head=+8.37° drive=go      stop_sign=F lane_mode=none imu_n=0 yaw=+0.0°/s
20:48:16 [INFO] [R0 T0 O0 D0 A0] f=1108 TAGS=pole_misclassified(x1) dashed_reject_center(x4) dashed_line_dropped(raj=4) offset=-0.0938 mode=right_only conf=0.54
20:48:16 [INFO] f=1108 t=8.2ms offset=+0.3178 head=+8.78° drive=go      stop_sign=F lane_mode=right_only imu_n=0 yaw=+0.0°/s
20:48:16 [INFO] [R0 T0 O0 D0 A0] f=1109 TAGS=pole_misclassified(x2) wall_edge_detected(x1) dashed_reject_center(x2) offset=-0.0552 mode=width_rejected conf=0.54
20:48:16 [INFO] f=1109 t=13.8ms offset=+0.3358 head=+9.23° drive=go      stop_sign=F lane_mode=width_rejected imu_n=0 yaw=+0.0°/s
20:48:16 [INFO] [R0 T0 O0 D0 A0] f=1110 TAGS=dashed_reject_center(x4) dashed_line_dropped(raj=4) offset=+0.0000 mode=none conf=0.00
20:48:16 [INFO] f=1110 t=15.3ms offset=+0.3358 head=+9.23° drive=go      stop_sign=F lane_mode=none imu_n=0 yaw=+0.0°/s
20:48:16 [INFO] [R0 T0 O0 D0 A0] f=1111 TAGS=pole_misclassified(x1) wall_edge_detected(x1) dashed_reject_center(x4) dashed_line_dropped(raj=4) offset=-0.7167 mode=right_only conf=0.54
20:48:16 [INFO] f=1111 t=17.0ms offset=+0.3358 head=+9.23° drive=go      stop_sign=F lane_mode=right_only imu_n=0 yaw=+0.0°/s
20:48:16 [INFO] [R0 T0 O0 D0 A0] f=1112 TAGS=pole_misclassified(x1) wall_edge_detected(x1) dashed_reject_center(x2) offset=-0.1208 mode=right_only conf=0.56
20:48:16 [INFO] f=1112 t=13.2ms offset=+0.3358 head=+9.23° drive=go      stop_sign=F lane_mode=right_only imu_n=0 yaw=+0.0°/s
20:48:16 [INFO] [R0 T0 O0 D0 A0] f=1113 TAGS=pole_misclassified(x1) dashed_reject_center(x4) dashed_line_dropped(raj=4) offset=-0.8146 mode=right_only conf=0.53
20:48:16 [INFO] f=1113 t=14.5ms offset=+0.3358 head=+9.23° drive=go      stop_sign=F lane_mode=right_only imu_n=0 yaw=+0.0°/s
20:48:16 [INFO] [R0 T0 O0 D0 A0] f=1114 TAGS=dashed_reject_center(x4) dashed_line_dropped(raj=4) offset=+0.0000 mode=none conf=0.00
20:48:16 [INFO] f=1114 t=13.3ms offset=+0.3358 head=+9.23° drive=go      stop_sign=F lane_mode=none imu_n=0 yaw=+0.0°/s
20:48:16 [INFO] [R0 T0 O0 D0 A0] f=1115 TAGS=pole_misclassified(x1) dashed_reject_center(x4) anchor_wrong_half offset=+0.7792 mode=width_rejected conf=0.47
20:48:16 [INFO] f=1115 t=9.8ms offset=+0.3358 head=+9.23° drive=go      stop_sign=F lane_mode=width_rejected imu_n=0 yaw=+0.0°/s
20:48:16 [INFO] [R0 T0 O0 D0 A0] f=1116 TAGS=pole_misclassified(x3) dashed_reject_center(x2) offset=+0.9323 mode=two_boundary conf=0.55
20:48:16 [INFO] f=1116 t=14.7ms offset=+0.4112 head=+10.32° drive=go      stop_sign=F lane_mode=two_boundary imu_n=0 yaw=+0.0°/s
20:48:16 [INFO] [R0 T0 O0 D0 A0] f=1117 TAGS=dashed_reject_center(x2) offset=-0.4250 mode=right_only conf=0.58
20:48:16 [INFO] f=1117 t=7.6ms offset=+0.4112 head=+10.32° drive=go      stop_sign=F lane_mode=right_only imu_n=0 yaw=+0.0°/s
20:48:16 [INFO] [R0 T0 O0 D0 A0] f=1118 TAGS=pole_misclassified(x1) dashed_reject_center(x3) dashed_line_dropped(raj=3) offset=+0.0000 mode=none conf=0.00
20:48:16 [INFO] f=1118 t=13.6ms offset=+0.4112 head=+10.32° drive=go      stop_sign=F lane_mode=none imu_n=0 yaw=+0.0°/s
20:48:16 [INFO] [R0 T0 O0 D0 A0] f=1119 TAGS=dashed_reject_center(x1) offset=+0.0958 mode=left_only conf=0.58
20:48:16 [INFO] f=1119 t=8.7ms offset=+0.4112 head=+10.32° drive=go      stop_sign=F lane_mode=left_only imu_n=0 yaw=+0.0°/s
20:48:16 [INFO] [R0 T0 O0 D0 A0] f=1120 TAGS=pole_misclassified(x1) offset=+0.0000 mode=none conf=0.00
20:48:16 [INFO] f=1120 t=7.7ms offset=+0.4112 head=+10.32° drive=go      stop_sign=F lane_mode=none imu_n=0 yaw=+0.0°/s
20:48:16 [INFO] [R0 T0 O0 D0 A0] f=1121 TAGS=dashed_reject_center(x1) offset=+0.0000 mode=none conf=0.00
20:48:16 [INFO] f=1121 t=7.6ms offset=+0.4112 head=+10.32° drive=go      stop_sign=F lane_mode=none imu_n=0 yaw=+0.0°/s
20:48:16 [INFO] [R0 T0 O0 D0 A0] f=1122 TAGS=pole_misclassified(x1) offset=+0.0000 mode=none conf=0.00
20:48:16 [INFO] f=1122 t=13.9ms offset=+0.4112 head=+10.32° drive=go      stop_sign=F lane_mode=none imu_n=0 yaw=+0.0°/s
20:48:16 [INFO] [R0 T0 O0 D0 A0] f=1123 TAGS=pole_misclassified(x1) wall_edge_detected(x1) offset=+0.2062 mode=left_only conf=0.51
20:48:16 [INFO] f=1123 t=13.4ms offset=+0.4112 head=+10.32° drive=go      stop_sign=F lane_mode=left_only imu_n=0 yaw=+0.0°/s
20:48:16 [INFO] [R0 T0 O0 D0 A0] f=1124 TAGS=dashed_reject_center(x1) offset=+0.0000 mode=none conf=0.00
20:48:16 [INFO] f=1124 t=15.1ms offset=+0.4112 head=+10.32° drive=go      stop_sign=F lane_mode=none imu_n=0 yaw=+0.0°/s
20:48:16 [INFO] [R0 T0 O0 D0 A0] f=1125 TAGS=pole_misclassified(x3) wall_edge_detected(x1) offset=+0.9000 mode=two_boundary conf=0.50
20:48:16 [INFO] f=1125 t=13.1ms offset=+0.3852 head=+10.75° drive=go      stop_sign=F lane_mode=two_boundary imu_n=0 yaw=+0.0°/s
20:48:16 [INFO] [R0 T0 O0 D0 A0] f=1126 TAGS=dashed_reject_center(x2) offset=+0.0000 mode=none conf=0.00
20:48:16 [INFO] f=1126 t=13.8ms offset=+0.3852 head=+10.75° drive=go      stop_sign=F lane_mode=none imu_n=0 yaw=+0.0°/s
20:48:16 [INFO] [R0 T0 O0 D0 A0] f=1127 TAGS=pole_misclassified(x3) wall_edge_detected(x1) dashed_reject_center(x1) anchor_wrong_half offset=+0.2646 mode=width_rejected conf=0.52
20:48:16 [INFO] f=1127 t=9.0ms offset=+0.3693 head=+10.87° drive=go      stop_sign=F lane_mode=width_rejected imu_n=0 yaw=+0.0°/s
20:48:16 [INFO] [R0 T0 O0 D0 A0] f=1128 TAGS=pole_misclassified(x2) dashed_reject_center(x1) offset=+0.8796 mode=two_boundary conf=0.57
20:48:16 [INFO] f=1128 t=8.8ms offset=+0.3554 head=+10.79° drive=go      stop_sign=F lane_mode=two_boundary imu_n=0 yaw=+0.0°/s
20:48:16 [INFO] [R0 T0 O0 D0 A0] f=1129 TAGS=pole_misclassified(x1) dashed_reject_center(x2) anchor_wrong_half offset=-1.0000 mode=two_boundary conf=0.54
20:48:16 [INFO] f=1129 t=7.5ms offset=+0.3512 head=+10.70° drive=go      stop_sign=F lane_mode=two_boundary imu_n=0 yaw=+0.0°/s
20:48:16 [INFO] [R0 T0 O0 D0 A0] f=1130 TAGS=pole_misclassified(x1) wall_edge_detected(x1) dashed_reject_center(x4) dashed_line_dropped(raj=4) offset=+0.0146 mode=left_only conf=0.55
20:48:16 [INFO] f=1130 t=15.8ms offset=+0.3512 head=+10.70° drive=go      stop_sign=F lane_mode=left_only imu_n=0 yaw=+0.0°/s
20:48:16 [INFO] [R0 T0 O0 D0 A0] f=1131 TAGS=pole_misclassified(x1) dashed_reject_center(x2) offset=-0.2646 mode=right_only conf=0.51
20:48:16 [INFO] f=1131 t=18.8ms offset=+0.3512 head=+10.70° drive=go      stop_sign=F lane_mode=right_only imu_n=0 yaw=+0.0°/s
20:48:16 [INFO] [R0 T0 O0 D0 A0] f=1132 TAGS=pole_misclassified(x1) wall_edge_detected(x1) dashed_reject_center(x1) offset=+0.6708 mode=two_boundary conf=0.58
20:48:16 [INFO] f=1132 t=14.2ms offset=+0.3512 head=+10.70° drive=go      stop_sign=F lane_mode=two_boundary imu_n=0 yaw=+0.0°/s
20:48:16 [INFO] [R0 T0 O0 D0 A0] f=1133 TAGS=pole_misclassified(x1) wall_edge_detected(x1) dashed_reject_center(x3) anchor_wrong_half offset=-1.0000 mode=two_boundary conf=0.54
20:48:16 [INFO] f=1133 t=12.3ms offset=+0.3485 head=+10.62° drive=go      stop_sign=F lane_mode=two_boundary imu_n=0 yaw=+0.0°/s
20:48:16 [INFO] [R0 T0 O0 D0 A0] f=1134 TAGS=dashed_reject_center(x3) dashed_line_dropped(raj=3) offset=+0.0000 mode=none conf=0.00
20:48:16 [INFO] f=1134 t=9.5ms offset=+0.3485 head=+10.62° drive=go      stop_sign=F lane_mode=none imu_n=0 yaw=+0.0°/s
20:48:16 [INFO] [R0 T0 O0 D0 A0] f=1135 TAGS=pole_misclassified(x4) wall_edge_detected(x1) dashed_reject_center(x3) offset=-0.0109 mode=two_boundary conf=0.51
20:48:16 [INFO] f=1135 t=10.3ms offset=+0.3961 head=+11.06° drive=go      stop_sign=F lane_mode=two_boundary imu_n=0 yaw=+0.0°/s
20:48:16 [INFO] [R0 T0 O0 D0 A0] f=1136 TAGS=pole_misclassified(x4) wall_edge_detected(x2) dashed_reject_center(x1) anchor_wrong_half offset=-0.6490 mode=width_rejected conf=0.51
20:48:16 [INFO] f=1136 t=11.7ms offset=+0.3961 head=+11.06° drive=go      stop_sign=F lane_mode=width_rejected imu_n=0 yaw=+0.0°/s
20:48:16 [INFO] [R0 T0 O0 D0 A0] f=1137 [INTERSECTION] edge_ratio=0.29 > 0.25 — would trigger
20:48:16 [INFO] [R0 T0 O0 D0 A0] f=1137 TAGS=pole_misclassified(x3) wall_edge_detected(x1) dashed_reject_center(x2) anchor_wrong_half offset=-0.6479 mode=width_rejected conf=0.51
20:48:16 [INFO] f=1137 t=21.5ms offset=+0.4925 head=+12.36° drive=go      stop_sign=F lane_mode=width_rejected imu_n=0 yaw=+0.0°/s
20:48:16 [INFO] [R0 T0 O0 D0 A0] f=1138 TAGS=pole_misclassified(x6) wall_edge_detected(x1) dashed_reject_center(x3) offset=+0.4163 mode=two_boundary conf=0.46
20:48:16 [INFO] f=1138 t=22.1ms offset=+0.4925 head=+12.36° drive=go      stop_sign=F lane_mode=two_boundary imu_n=0 yaw=+0.0°/s
20:48:16 [INFO] [R0 T0 O0 D0 A0] f=1139 TAGS=pole_misclassified(x8) wall_edge_detected(x1) dashed_reject_center(x1) offset=+0.5000 mode=two_boundary conf=0.53
20:48:16 [INFO] f=1139 t=20.4ms offset=+0.5503 head=+13.81° drive=go      stop_sign=F lane_mode=two_boundary imu_n=0 yaw=+0.0°/s
20:48:16 [INFO] [R0 T0 O0 D0 A0] f=1140 TAGS=pole_misclassified(x4) offset=+0.0179 mode=two_boundary conf=0.54
20:48:16 [INFO] f=1140 t=17.5ms offset=+0.5503 head=+13.81° drive=go      stop_sign=F lane_mode=two_boundary imu_n=0 yaw=+0.0°/s
20:48:16 [INFO] [R0 T0 O0 D0 A0] f=1141 TAGS=pole_misclassified(x3) dashed_reject_center(x2) anchor_wrong_half offset=-1.0000 mode=two_boundary conf=0.56
20:48:16 [INFO] f=1141 t=17.5ms offset=+0.4350 head=+13.55° drive=go      stop_sign=F lane_mode=two_boundary imu_n=0 yaw=+0.0°/s
20:48:16 [INFO] [R0 T0 O0 D0 A0] f=1142 TAGS=pole_misclassified(x3) dashed_reject_center(x3) offset=+0.3411 mode=two_boundary conf=0.46
20:48:16 [INFO] f=1142 t=19.5ms offset=+0.3476 head=+12.46° drive=go      stop_sign=F lane_mode=two_boundary imu_n=0 yaw=+0.0°/s
20:48:16 [INFO] [R0 T0 O0 D0 A0] f=1143 TAGS=pole_misclassified(x5) wall_edge_detected(x1) dashed_reject_center(x2) offset=+0.2433 mode=two_boundary conf=0.43
20:48:16 [INFO] f=1143 t=27.6ms offset=+0.3476 head=+12.46° drive=go      stop_sign=F lane_mode=two_boundary imu_n=0 yaw=+0.0°/s
20:48:16 [INFO] [R0 T0 O0 D0 A0] f=1144 TAGS=pole_misclassified(x2) dashed_reject_center(x1) offset=-0.1626 mode=two_boundary conf=0.56
20:48:16 [INFO] f=1144 t=26.1ms offset=+0.4056 head=+12.36° drive=go      stop_sign=F lane_mode=two_boundary imu_n=0 yaw=+0.0°/s
20:48:16 [INFO] [R0 T0 O0 D0 A0] f=1145 TAGS=pole_misclassified(x1) wall_edge_detected(x1) offset=+0.2323 mode=width_rejected conf=0.56
20:48:16 [INFO] f=1145 t=17.8ms offset=+0.3407 head=+11.61° drive=go      stop_sign=F lane_mode=width_rejected imu_n=0 yaw=+0.0°/s
20:48:16 [INFO] [R0 T0 O0 D0 A0] f=1146 TAGS=dashed_reject_center(x1) anchor_wrong_half offset=+0.3281 mode=width_rejected conf=0.57
20:48:16 [INFO] f=1146 t=32.8ms offset=+0.3167 head=+10.87° drive=go      stop_sign=F lane_mode=width_rejected imu_n=0 yaw=+0.0°/s
20:48:16 [INFO] [R0 T0 O0 D0 A0] f=1147 TAGS=pole_misclassified(x1) wall_edge_detected(x1) offset=+0.9162 mode=two_boundary conf=0.56
20:48:16 [INFO] f=1147 t=64.6ms offset=+0.3167 head=+10.87° drive=go      stop_sign=F lane_mode=two_boundary imu_n=0 yaw=+0.0°/s
20:48:16 [INFO] [R0 T0 O0 D0 A0] f=1148 TAGS=pole_misclassified(x1) wall_edge_detected(x1) offset=+0.2411 mode=two_boundary conf=0.58
20:48:16 [INFO] f=1148 t=29.9ms offset=+0.2709 head=+9.91° drive=go      stop_sign=F lane_mode=two_boundary imu_n=0 yaw=+0.0°/s
20:48:16 [INFO] [R0 T0 O0 D0 A0] f=1149 TAGS=dashed_reject_center(x2) offset=+0.1627 mode=two_boundary conf=0.49
20:48:16 [INFO] f=1149 t=30.7ms offset=+0.3219 head=+9.82° drive=go      stop_sign=F lane_mode=two_boundary imu_n=0 yaw=+0.0°/s
20:48:16 [INFO] [R0 T0 O0 D0 A0] f=1150 TAGS=pole_misclassified(x1) wall_edge_detected(x1) dashed_reject_center(x2) offset=+0.0842 mode=two_boundary conf=0.59
20:48:16 [INFO] f=1150 t=18.9ms offset=+0.3219 head=+9.82° drive=go      stop_sign=F lane_mode=two_boundary imu_n=0 yaw=+0.0°/s
20:48:16 [INFO] [R0 T0 O0 D0 A0] f=1151 TAGS=pole_misclassified(x2) wall_edge_detected(x2) dashed_reject_center(x2) offset=-0.0563 mode=two_boundary conf=0.40
20:48:16 [INFO] f=1151 t=21.7ms offset=+0.3219 head=+9.82° drive=go      stop_sign=F lane_mode=two_boundary imu_n=0 yaw=+0.0°/s
20:48:17 [INFO] [R0 T0 O0 D0 A0] f=1152 TAGS=pole_misclassified(x2) wall_edge_detected(x2) dashed_reject_center(x2) offset=-0.0304 mode=two_boundary conf=0.54
20:48:17 [INFO] f=1152 t=16.2ms offset=+0.3283 head=+9.83° drive=go      stop_sign=F lane_mode=two_boundary imu_n=0 yaw=+0.0°/s
20:48:17 [INFO] [R0 T0 O0 D0 A0] f=1153 TAGS=pole_misclassified(x5) wall_edge_detected(x3) dashed_reject_center(x1) offset=-0.1759 mode=two_boundary conf=0.53
20:48:17 [INFO] f=1153 t=26.9ms offset=+0.3283 head=+9.83° drive=go      stop_sign=F lane_mode=two_boundary imu_n=0 yaw=+0.0°/s
20:48:17 [INFO] [R0 T0 O0 D0 A0] f=1154 TAGS=pole_misclassified(x6) wall_edge_detected(x1) dashed_reject_center(x1) offset=-0.0775 mode=two_boundary conf=0.55
20:48:17 [INFO] f=1154 t=14.3ms offset=+0.3283 head=+9.83° drive=go      stop_sign=F lane_mode=two_boundary imu_n=0 yaw=+0.0°/s
20:48:17 [INFO] [R0 T0 O0 D0 A0] f=1155 [INTERSECTION] edge_ratio=0.38 > 0.25 — would trigger
20:48:17 [INFO] [R0 T0 O0 D0 A0] f=1155 TAGS=pole_misclassified(x9) wall_edge_detected(x2) dashed_reject_center(x1) offset=-0.0664 mode=two_boundary conf=0.51
20:48:17 [INFO] f=1155 t=10.1ms offset=+0.3427 head=+9.99° drive=go      stop_sign=F lane_mode=two_boundary imu_n=0 yaw=+0.0°/s
20:48:17 [INFO] [R0 T0 O0 D0 A0] f=1156 TAGS=pole_misclassified(x8) wall_edge_detected(x1) dashed_reject_center(x1) offset=-0.0769 mode=two_boundary conf=0.56
20:48:17 [INFO] f=1156 t=24.7ms offset=+0.4448 head=+11.16° drive=go      stop_sign=F lane_mode=two_boundary imu_n=0 yaw=+0.0°/s
20:48:17 [INFO] [R0 T0 O0 D0 A0] f=1157 TAGS=pole_misclassified(x5) wall_edge_detected(x1) dashed_reject_center(x1) offset=-0.0511 mode=two_boundary conf=0.56
20:48:17 [INFO] f=1157 t=19.7ms offset=+0.3954 head=+11.41° drive=go      stop_sign=F lane_mode=two_boundary imu_n=0 yaw=+0.0°/s
20:48:17 [INFO] [R0 T0 O0 D0 A0] f=1158 TAGS=pole_misclassified(x6) wall_edge_detected(x1) offset=-0.0148 mode=two_boundary conf=0.44
20:48:17 [INFO] f=1158 t=18.9ms offset=+0.3954 head=+11.41° drive=go      stop_sign=F lane_mode=two_boundary imu_n=0 yaw=+0.0°/s
20:48:17 [INFO] [R0 T0 O0 D0 A0] f=1159 TAGS=pole_misclassified(x6) wall_edge_detected(x1) dashed_reject_center(x1) offset=+0.0023 mode=two_boundary conf=0.52
20:48:17 [INFO] f=1159 t=20.1ms offset=+0.4016 head=+11.63° drive=go      stop_sign=F lane_mode=two_boundary imu_n=0 yaw=+0.0°/s
20:48:17 [INFO] [R0 T0 O0 D0 A0] f=1160 TAGS=pole_misclassified(x4) offset=+0.3756 mode=two_boundary conf=0.55
20:48:17 [INFO] f=1160 t=18.2ms offset=+0.4922 head=+12.73° drive=go      stop_sign=F lane_mode=two_boundary imu_n=0 yaw=+0.0°/s
20:48:17 [INFO] [R0 T0 O0 D0 A0] f=1161 TAGS=pole_misclassified(x6) wall_edge_detected(x1) offset=-0.0179 mode=two_boundary conf=0.58
20:48:17 [INFO] f=1161 t=12.5ms offset=+0.3972 head=+12.44° drive=go      stop_sign=F lane_mode=two_boundary imu_n=0 yaw=+0.0°/s
20:48:17 [INFO] [R0 T0 O0 D0 A0] f=1162 TAGS=pole_misclassified(x8) wall_edge_detected(x1) dashed_reject_center(x1) offset=+0.0035 mode=two_boundary conf=0.47
20:48:17 [INFO] f=1162 t=11.4ms offset=+0.3333 head=+11.59° drive=go      stop_sign=F lane_mode=two_boundary imu_n=0 yaw=+0.0°/s
20:48:17 [INFO] [R0 T0 O0 D0 A0] f=1163 TAGS=pole_misclassified(x6) wall_edge_detected(x1) offset=-0.0265 mode=two_boundary conf=0.56
20:48:17 [INFO] f=1163 t=18.7ms offset=+0.3728 head=+11.45° drive=go      stop_sign=F lane_mode=two_boundary imu_n=0 yaw=+0.0°/s
20:48:17 [INFO] [R0 T0 O0 D0 A0] f=1164 TAGS=pole_misclassified(x4) wall_edge_detected(x2) offset=+0.0090 mode=two_boundary conf=0.45
20:48:17 [INFO] f=1164 t=20.0ms offset=+0.2850 head=+10.43° drive=go      stop_sign=F lane_mode=two_boundary imu_n=0 yaw=+0.0°/s
20:48:17 [INFO] [R0 T0 O0 D0 A0] f=1165 TAGS=pole_misclassified(x5) wall_edge_detected(x1) offset=-0.0546 mode=two_boundary conf=0.56
20:48:17 [INFO] f=1165 t=14.4ms offset=+0.2876 head=+9.80° drive=go      stop_sign=F lane_mode=two_boundary imu_n=0 yaw=+0.0°/s
20:48:17 [INFO] [R0 T0 O0 D0 A0] f=1166 TAGS=pole_misclassified(x3) offset=-0.0876 mode=two_boundary conf=0.56
20:48:17 [INFO] f=1166 t=19.1ms offset=+0.3086 head=+9.61° drive=go      stop_sign=F lane_mode=two_boundary imu_n=0 yaw=+0.0°/s
20:48:17 [INFO] [R0 T0 O0 D0 A0] f=1167 TAGS=pole_misclassified(x2) dashed_reject_center(x1) offset=-0.2173 mode=two_boundary conf=0.57
20:48:17 [INFO] f=1167 t=34.5ms offset=+0.3194 head=+9.60° drive=go      stop_sign=F lane_mode=two_boundary imu_n=0 yaw=+0.0°/s
20:48:17 [INFO] [R0 T0 O0 D0 A0] f=1168 TAGS=pole_misclassified(x3) dashed_reject_center(x1) offset=-0.1685 mode=two_boundary conf=0.57
20:48:17 [INFO] f=1168 t=20.3ms offset=+0.2605 head=+8.98° drive=go      stop_sign=F lane_mode=two_boundary imu_n=0 yaw=+0.0°/s
20:48:17 [INFO] [R0 T0 O0 D0 A0] f=1169 TAGS=pole_misclassified(x3) wall_edge_detected(x1) dashed_reject_center(x1) offset=-0.0220 mode=two_boundary conf=0.58
20:48:17 [INFO] f=1169 t=19.3ms offset=+0.2594 head=+8.56° drive=go      stop_sign=F lane_mode=two_boundary imu_n=0 yaw=+0.0°/s
20:48:17 [INFO] [R0 T0 O0 D0 A0] f=1170 TAGS=pole_misclassified(x2) wall_edge_detected(x1) dashed_reject_center(x1) offset=-0.1864 mode=two_boundary conf=0.59
20:48:17 [INFO] f=1170 t=9.9ms offset=+0.2125 head=+7.79° drive=go      stop_sign=F lane_mode=two_boundary imu_n=0 yaw=+0.0°/s
20:48:17 [INFO] [R0 T0 O0 D0 A0] f=1171 TAGS=pole_misclassified(x3) wall_edge_detected(x1) dashed_reject_center(x3) offset=-0.0613 mode=two_boundary conf=0.48
20:48:17 [INFO] f=1171 t=11.7ms offset=+0.3622 head=+8.87° drive=go      stop_sign=F lane_mode=two_boundary imu_n=0 yaw=+0.0°/s
20:48:17 [INFO] [R0 T0 O0 D0 A0] f=1172 [INTERSECTION] edge_ratio=0.41 > 0.25 — would trigger
20:48:17 [INFO] [R0 T0 O0 D0 A0] f=1172 TAGS=pole_misclassified(x3) wall_edge_detected(x1) dashed_reject_center(x1) offset=+0.1090 mode=two_boundary conf=0.55
20:48:17 [INFO] f=1172 t=13.0ms offset=+0.3643 head=+9.59° drive=go      stop_sign=F lane_mode=two_boundary imu_n=0 yaw=+0.0°/s
20:48:17 [INFO] [R0 T0 O0 D0 A0] f=1173 [INTERSECTION] edge_ratio=0.46 > 0.25 — would trigger
20:48:17 [INFO] [R0 T0 O0 D0 A0] f=1173 TAGS=pole_misclassified(x3) wall_edge_detected(x1) dashed_reject_center(x2) offset=+0.2740 mode=two_boundary conf=0.55
20:48:17 [INFO] f=1173 t=16.5ms offset=+0.3371 head=+9.77° drive=go      stop_sign=F lane_mode=two_boundary imu_n=0 yaw=+0.0°/s
20:48:17 [INFO] [R0 T0 O0 D0 A0] f=1174 [INTERSECTION] edge_ratio=0.62 > 0.25 — would trigger
20:48:17 [INFO] [R0 T0 O0 D0 A0] f=1174 TAGS=pole_misclassified(x5) wall_edge_detected(x2) dashed_reject_center(x2) offset=+0.1012 mode=two_boundary conf=0.54
20:48:17 [INFO] f=1174 t=16.4ms offset=+0.3532 head=+10.06° drive=go      stop_sign=F lane_mode=two_boundary imu_n=0 yaw=+0.0°/s
20:48:17 [INFO] [R0 T0 O0 D0 A0] f=1175 [INTERSECTION] edge_ratio=0.41 > 0.25 — would trigger
20:48:17 [INFO] [R0 T0 O0 D0 A0] f=1175 TAGS=pole_misclassified(x3) wall_edge_detected(x1) dashed_reject_center(x2) offset=+0.3570 mode=two_boundary conf=0.57
20:48:17 [INFO] f=1175 t=12.2ms offset=+0.3532 head=+10.06° drive=go      stop_sign=F lane_mode=two_boundary imu_n=0 yaw=+0.0°/s
20:48:17 [INFO] [R0 T0 O0 D0 A0] f=1176 [INTERSECTION] edge_ratio=0.69 > 0.25 — would trigger
20:48:17 [INFO] [R0 T0 O0 D0 A0] f=1176 TAGS=pole_misclassified(x3) dashed_reject_center(x3) offset=+0.6473 mode=two_boundary conf=0.63
20:48:17 [INFO] f=1176 t=12.8ms offset=+0.3416 head=+10.13° drive=go      stop_sign=F lane_mode=two_boundary imu_n=0 yaw=+0.0°/s
20:48:17 [INFO] [R0 T0 O0 D0 A0] f=1177 [INTERSECTION] edge_ratio=0.44 > 0.25 — would trigger
20:48:17 [INFO] [R0 T0 O0 D0 A0] f=1177 TAGS=pole_misclassified(x5) dashed_reject_center(x1) offset=+0.7547 mode=two_boundary conf=0.58
20:48:17 [INFO] f=1177 t=12.4ms offset=+0.3871 head=+10.65° drive=go      stop_sign=F lane_mode=two_boundary imu_n=0 yaw=+0.0°/s
20:48:17 [INFO] [R0 T0 O0 D0 A0] f=1178 TAGS=pole_misclassified(x7) wall_edge_detected(x2) dashed_reject_center(x1) offset=+0.0888 mode=two_boundary conf=0.54
20:48:17 [INFO] f=1178 t=12.1ms offset=+0.4222 head=+11.35° drive=go      stop_sign=F lane_mode=two_boundary imu_n=0 yaw=+0.0°/s
20:48:17 [INFO] [R0 T0 O0 D0 A0] f=1179 [INTERSECTION] edge_ratio=0.35 > 0.25 — would trigger
20:48:17 [INFO] [R0 T0 O0 D0 A0] f=1179 TAGS=pole_misclassified(x5) wall_edge_detected(x1) dashed_reject_center(x2) offset=+0.0434 mode=two_boundary conf=0.52
20:48:17 [INFO] f=1179 t=14.9ms offset=+0.4436 head=+12.04° drive=go      stop_sign=F lane_mode=two_boundary imu_n=0 yaw=+0.0°/s
20:48:17 [INFO] [R0 T0 O0 D0 A0] f=1180 TAGS=pole_misclassified(x4) wall_edge_detected(x1) dashed_reject_center(x4) offset=+0.0792 mode=two_boundary conf=0.45
20:48:17 [INFO] f=1180 t=11.5ms offset=+0.4108 head=+12.14° drive=go      stop_sign=F lane_mode=two_boundary imu_n=0 yaw=+0.0°/s
20:48:17 [INFO] [R0 T0 O0 D0 A0] f=1181 TAGS=pole_misclassified(x4) dashed_reject_center(x3) offset=+0.0547 mode=two_boundary conf=0.45
20:48:17 [INFO] f=1181 t=13.1ms offset=+0.3895 head=+11.98° drive=go      stop_sign=F lane_mode=two_boundary imu_n=0 yaw=+0.0°/s
20:48:17 [INFO] [R0 T0 O0 D0 A0] f=1182 TAGS=pole_misclassified(x4) wall_edge_detected(x1) dashed_reject_center(x3) offset=-0.0059 mode=two_boundary conf=0.48
20:48:17 [INFO] f=1182 t=28.8ms offset=+0.3324 head=+11.28° drive=go      stop_sign=F lane_mode=two_boundary imu_n=0 yaw=+0.0°/s
20:48:17 [INFO] [R0 T0 O0 D0 A0] f=1183 TAGS=pole_misclassified(x3) wall_edge_detected(x1) dashed_reject_center(x3) offset=+0.1297 mode=two_boundary conf=0.47
20:48:17 [INFO] f=1183 t=13.5ms offset=+0.2910 head=+10.39° drive=go      stop_sign=F lane_mode=two_boundary imu_n=0 yaw=+0.0°/s
20:48:17 [INFO] [R0 T0 O0 D0 A0] f=1184 TAGS=pole_misclassified(x3) wall_edge_detected(x1) dashed_reject_center(x2) offset=-0.0274 mode=two_boundary conf=0.49
20:48:17 [INFO] f=1184 t=16.3ms offset=+0.3116 head=+10.02° drive=go      stop_sign=F lane_mode=two_boundary imu_n=0 yaw=+0.0°/s
20:48:17 [INFO] [R0 T0 O0 D0 A0] f=1185 TAGS=pole_misclassified(x1) dashed_reject_center(x2) offset=+0.0552 mode=two_boundary conf=0.56
20:48:17 [INFO] f=1185 t=9.6ms offset=+0.3727 head=+10.43° drive=go      stop_sign=F lane_mode=two_boundary imu_n=0 yaw=+0.0°/s
20:48:17 [INFO] [R0 T0 O0 D0 A0] f=1186 [INTERSECTION] edge_ratio=0.32 > 0.25 — would trigger
20:48:17 [INFO] [R0 T0 O0 D0 A0] f=1186 TAGS=pole_misclassified(x1) dashed_reject_center(x2) offset=+0.1517 mode=two_boundary conf=0.52
20:48:17 [INFO] f=1186 t=11.4ms offset=+0.4241 head=+11.23° drive=go      stop_sign=F lane_mode=two_boundary imu_n=0 yaw=+0.0°/s
20:48:17 [INFO] [R0 T0 O0 D0 A0] f=1187 [INTERSECTION] edge_ratio=0.49 > 0.25 — would trigger
20:48:17 [INFO] [R0 T0 O0 D0 A0] f=1187 TAGS=pole_misclassified(x3) wall_edge_detected(x2) dashed_reject_center(x6) offset=+0.0787 mode=two_boundary conf=0.49
20:48:17 [INFO] f=1187 t=11.2ms offset=+0.4627 head=+12.16° drive=go      stop_sign=F lane_mode=two_boundary imu_n=0 yaw=+0.0°/s
20:48:17 [INFO] [R0 T0 O0 D0 A0] f=1188 [INTERSECTION] edge_ratio=0.69 > 0.25 — would trigger
20:48:17 [INFO] [R0 T0 O0 D0 A0] f=1188 TAGS=pole_misclassified(x5) wall_edge_detected(x4) dashed_reject_center(x5) offset=+0.0078 mode=two_boundary conf=0.58
20:48:17 [INFO] f=1188 t=10.6ms offset=+0.4215 head=+12.33° drive=go      stop_sign=F lane_mode=two_boundary imu_n=0 yaw=+0.0°/s
20:48:17 [INFO] [R0 T0 O0 D0 A0] f=1189 [INTERSECTION] edge_ratio=0.91 > 0.25 — would trigger
20:48:17 [INFO] [R0 T0 O0 D0 A0] f=1189 TAGS=pole_misclassified(x2) wall_edge_detected(x1) dashed_reject_center(x8) offset=+0.0131 mode=two_boundary conf=0.58
20:48:17 [INFO] f=1189 t=9.8ms offset=+0.4172 head=+12.39° drive=go      stop_sign=F lane_mode=two_boundary imu_n=0 yaw=+0.0°/s
20:48:17 [INFO] [R0 T0 O0 D0 A0] f=1190 [INTERSECTION] edge_ratio=0.84 > 0.25 — would trigger
20:48:17 [INFO] [R0 T0 O0 D0 A0] f=1190 TAGS=pole_misclassified(x2) wall_edge_detected(x1) dashed_reject_center(x8) offset=+0.0558 mode=two_boundary conf=0.59
20:48:17 [INFO] f=1190 t=10.7ms offset=+0.3791 head=+12.04° drive=go      stop_sign=F lane_mode=two_boundary imu_n=0 yaw=+0.0°/s
20:48:17 [INFO] [R0 T0 O0 D0 A0] f=1191 [INTERSECTION] edge_ratio=0.81 > 0.25 — would trigger
20:48:17 [INFO] [R0 T0 O0 D0 A0] f=1191 TAGS=pole_misclassified(x2) wall_edge_detected(x1) dashed_reject_center(x5) offset=+0.0013 mode=two_boundary conf=0.59
20:48:17 [INFO] f=1191 t=12.4ms offset=+0.3589 head=+11.59° drive=go      stop_sign=F lane_mode=two_boundary imu_n=0 yaw=+0.0°/s
20:48:17 [INFO] [R0 T0 O0 D0 A0] f=1192 [INTERSECTION] edge_ratio=0.80 > 0.25 — would trigger
20:48:17 [INFO] [R0 T0 O0 D0 A0] f=1192 TAGS=pole_misclassified(x3) wall_edge_detected(x1) dashed_reject_center(x5) offset=+0.0848 mode=two_boundary conf=0.63
20:48:17 [INFO] f=1192 t=14.0ms offset=+0.3508 head=+11.22° drive=go      stop_sign=F lane_mode=two_boundary imu_n=0 yaw=+0.0°/s
20:48:17 [INFO] [R0 T0 O0 D0 A0] f=1193 [INTERSECTION] edge_ratio=0.77 > 0.25 — would trigger
20:48:17 [INFO] [R0 T0 O0 D0 A0] f=1193 TAGS=pole_misclassified(x7) wall_edge_detected(x3) dashed_reject_center(x3) offset=+0.0100 mode=two_boundary conf=0.60
20:48:17 [INFO] f=1193 t=13.0ms offset=+0.3449 head=+10.91° drive=go      stop_sign=F lane_mode=two_boundary imu_n=0 yaw=+0.0°/s
20:48:17 [INFO] [R0 T0 O0 D0 A0] f=1194 [INTERSECTION] edge_ratio=0.75 > 0.25 — would trigger
20:48:17 [INFO] [R0 T0 O0 D0 A0] f=1194 TAGS=pole_misclassified(x6) wall_edge_detected(x3) dashed_reject_center(x3) offset=-0.0169 mode=two_boundary conf=0.60
20:48:17 [INFO] f=1194 t=14.8ms offset=+0.2466 head=+9.68° drive=go      stop_sign=F lane_mode=two_boundary imu_n=0 yaw=+0.0°/s
20:48:17 [INFO] [R0 T0 O0 D0 A0] f=1195 [INTERSECTION] edge_ratio=0.76 > 0.25 — would trigger
20:48:17 [INFO] [R0 T0 O0 D0 A0] f=1195 TAGS=pole_misclassified(x3) dashed_reject_center(x2) offset=-0.0233 mode=two_boundary conf=0.60
20:48:17 [INFO] f=1195 t=19.2ms offset=+0.3052 head=+9.50° drive=go      stop_sign=F lane_mode=two_boundary imu_n=0 yaw=+0.0°/s
20:48:17 [INFO] [R0 T0 O0 D0 A0] f=1196 [INTERSECTION] edge_ratio=0.73 > 0.25 — would trigger
20:48:17 [INFO] [R0 T0 O0 D0 A0] f=1196 TAGS=pole_misclassified(x6) dashed_reject_center(x1) offset=-0.0362 mode=two_boundary conf=0.60
20:48:17 [INFO] f=1196 t=19.4ms offset=+0.2982 head=+9.31° drive=go      stop_sign=F lane_mode=two_boundary imu_n=0 yaw=+0.0°/s
20:48:17 [INFO] [R0 T0 O0 D0 A0] f=1197 [INTERSECTION] edge_ratio=0.76 > 0.25 — would trigger
20:48:17 [INFO] [R0 T0 O0 D0 A0] f=1197 TAGS=pole_misclassified(x5) wall_edge_detected(x2) dashed_reject_center(x2) offset=-0.0425 mode=two_boundary conf=0.60
20:48:17 [INFO] f=1197 t=16.2ms offset=+0.3100 head=+9.30° drive=go      stop_sign=F lane_mode=two_boundary imu_n=0 yaw=+0.0°/s
20:48:17 [INFO] [R0 T0 O0 D0 A0] f=1198 [INTERSECTION] edge_ratio=0.67 > 0.25 — would trigger
20:48:17 [INFO] [R0 T0 O0 D0 A0] f=1198 TAGS=pole_misclassified(x5) wall_edge_detected(x2) dashed_reject_center(x4) offset=-0.0248 mode=two_boundary conf=0.62
20:48:17 [INFO] f=1198 t=11.9ms offset=+0.4194 head=+10.45° drive=go      stop_sign=F lane_mode=two_boundary imu_n=0 yaw=+0.0°/s
20:48:17 [INFO] [R0 T0 O0 D0 A0] f=1199 [INTERSECTION] edge_ratio=0.88 > 0.25 — would trigger
20:48:17 [INFO] [R0 T0 O0 D0 A0] f=1199 TAGS=pole_misclassified(x6) wall_edge_detected(x2) dashed_reject_center(x3) offset=-0.0624 mode=two_boundary conf=0.61
20:48:17 [INFO] f=1199 t=13.6ms offset=+0.3875 head=+10.86° drive=go      stop_sign=F lane_mode=two_boundary imu_n=0 yaw=+0.0°/s
20:48:18 [INFO] [R0 T0 O0 D0 A0] f=1200 [INTERSECTION] edge_ratio=0.56 > 0.25 — would trigger
20:48:18 [INFO] [R0 T0 O0 D0 A0] f=1200 TAGS=pole_misclassified(x2) wall_edge_detected(x1) dashed_reject_center(x2) offset=-0.0752 mode=two_boundary conf=0.62
20:48:18 [INFO] f=1200 t=10.2ms offset=+0.4560 head=+11.85° drive=go      stop_sign=F lane_mode=two_boundary imu_n=0 yaw=+0.0°/s
20:48:18 [INFO] [BENCH] frame source exhausted after 1201 frames
20:48:23 [INFO] Pipeline shutdown complete.
[BENCH] final time: 30.88 s
